[2026-09-14T16:11:26.411+0000] {processor.py:161} INFO - Started process (PID=185) to work on /opt/airflow/dags/fraud_pipeline_dag.py
[2026-09-14T16:11:26.413+0000] {processor.py:830} INFO - Processing file /opt/airflow/dags/fraud_pipeline_dag.py for tasks to queue
[2026-09-14T16:11:26.417+0000] {logging_mixin.py:188} INFO - [2026-09-14T16:11:26.416+0000] {dagbag.py:540} INFO - Filling up the DagBag from /opt/airflow/dags/fraud_pipeline_dag.py
[2026-09-14T16:11:26.444+0000] {processor.py:840} INFO - DAG(s) 'fraud_pipeline' retrieved from /opt/airflow/dags/fraud_pipeline_dag.py
[2026-09-14T16:11:26.657+0000] {logging_mixin.py:188} INFO - [2026-09-14T16:11:26.657+0000] {override.py:1829} INFO - Created Permission View: can read on DAG:fraud_pipeline
[2026-09-14T16:11:26.668+0000] {logging_mixin.py:188} INFO - [2026-09-14T16:11:26.668+0000] {override.py:1829} INFO - Created Permission View: can edit on DAG:fraud_pipeline
[2026-09-14T16:11:26.675+0000] {logging_mixin.py:188} INFO - [2026-09-14T16:11:26.675+0000] {override.py:1829} INFO - Created Permission View: can delete on DAG:fraud_pipeline
[2026-09-14T16:11:26.676+0000] {logging_mixin.py:188} INFO - [2026-09-14T16:11:26.676+0000] {dag.py:3096} INFO - Sync 1 DAGs
[2026-09-14T16:11:26.690+0000] {logging_mixin.py:188} INFO - [2026-09-14T16:11:26.689+0000] {dag.py:3118} INFO - Creating ORM DAG for fraud_pipeline
[2026-09-14T16:11:26.691+0000] {logging_mixin.py:188} INFO - [2026-09-14T16:11:26.690+0000] {dag.py:3954} INFO - Setting next_dagrun for fraud_pipeline to None, run_after=None
[2026-09-14T16:11:26.714+0000] {processor.py:183} INFO - Processing /opt/airflow/dags/fraud_pipeline_dag.py took 0.311 seconds
[2026-09-14T16:11:56.892+0000] {processor.py:161} INFO - Started process (PID=190) to work on /opt/airflow/dags/fraud_pipeline_dag.py
[2026-09-14T16:11:56.893+0000] {processor.py:830} INFO - Processing file /opt/airflow/dags/fraud_pipeline_dag.py for tasks to queue
[2026-09-14T16:11:56.895+0000] {logging_mixin.py:188} INFO - [2026-09-14T16:11:56.894+0000] {dagbag.py:540} INFO - Filling up the DagBag from /opt/airflow/dags/fraud_pipeline_dag.py
[2026-09-14T16:11:56.909+0000] {processor.py:840} INFO - DAG(s) 'fraud_pipeline' retrieved from /opt/airflow/dags/fraud_pipeline_dag.py
[2026-09-14T16:11:56.943+0000] {logging_mixin.py:188} INFO - [2026-09-14T16:11:56.943+0000] {dag.py:3096} INFO - Sync 1 DAGs
[2026-09-14T16:11:56.956+0000] {logging_mixin.py:188} INFO - [2026-09-14T16:11:56.956+0000] {dag.py:3954} INFO - Setting next_dagrun for fraud_pipeline to None, run_after=None
[2026-09-14T16:11:56.973+0000] {processor.py:183} INFO - Processing /opt/airflow/dags/fraud_pipeline_dag.py took 0.087 seconds
[2026-09-14T16:12:27.039+0000] {processor.py:161} INFO - Started process (PID=195) to work on /opt/airflow/dags/fraud_pipeline_dag.py
[2026-09-14T16:12:27.039+0000] {processor.py:830} INFO - Processing file /opt/airflow/dags/fraud_pipeline_dag.py for tasks to queue
[2026-09-14T16:12:27.041+0000] {logging_mixin.py:188} INFO - [2026-09-14T16:12:27.041+0000] {dagbag.py:540} INFO - Filling up the DagBag from /opt/airflow/dags/fraud_pipeline_dag.py
[2026-09-14T16:12:27.054+0000] {processor.py:840} INFO - DAG(s) 'fraud_pipeline' retrieved from /opt/airflow/dags/fraud_pipeline_dag.py
[2026-09-14T16:12:27.081+0000] {logging_mixin.py:188} INFO - [2026-09-14T16:12:27.080+0000] {dag.py:3096} INFO - Sync 1 DAGs
[2026-09-14T16:12:27.092+0000] {logging_mixin.py:188} INFO - [2026-09-14T16:12:27.092+0000] {dag.py:3954} INFO - Setting next_dagrun for fraud_pipeline to None, run_after=None
[2026-09-14T16:12:27.110+0000] {processor.py:183} INFO - Processing /opt/airflow/dags/fraud_pipeline_dag.py took 0.077 seconds
[2026-09-14T16:13:01.301+0000] {processor.py:161} INFO - Started process (PID=200) to work on /opt/airflow/dags/fraud_pipeline_dag.py
[2026-09-14T16:13:01.303+0000] {processor.py:830} INFO - Processing file /opt/airflow/dags/fraud_pipeline_dag.py for tasks to queue
[2026-09-14T16:13:01.306+0000] {logging_mixin.py:188} INFO - [2026-09-14T16:13:01.305+0000] {dagbag.py:540} INFO - Filling up the DagBag from /opt/airflow/dags/fraud_pipeline_dag.py
[2026-09-14T16:12:26.274+0000] {processor.py:840} INFO - DAG(s) 'fraud_pipeline' retrieved from /opt/airflow/dags/fraud_pipeline_dag.py
[2026-09-14T16:12:26.321+0000] {logging_mixin.py:188} INFO - [2026-09-14T16:12:26.320+0000] {dag.py:3096} INFO - Sync 1 DAGs
[2026-09-14T16:12:26.342+0000] {logging_mixin.py:188} INFO - [2026-09-14T16:12:26.342+0000] {dag.py:3954} INFO - Setting next_dagrun for fraud_pipeline to None, run_after=None
[2026-09-14T16:12:26.374+0000] {processor.py:183} INFO - Processing /opt/airflow/dags/fraud_pipeline_dag.py took 0.139 seconds
[2026-09-14T16:13:06.328+0000] {processor.py:161} INFO - Started process (PID=205) to work on /opt/airflow/dags/fraud_pipeline_dag.py
[2026-09-14T16:13:06.329+0000] {processor.py:830} INFO - Processing file /opt/airflow/dags/fraud_pipeline_dag.py for tasks to queue
[2026-09-14T16:13:06.334+0000] {logging_mixin.py:188} INFO - [2026-09-14T16:13:06.333+0000] {dagbag.py:540} INFO - Filling up the DagBag from /opt/airflow/dags/fraud_pipeline_dag.py
[2026-09-14T16:12:31.290+0000] {processor.py:840} INFO - DAG(s) 'fraud_pipeline' retrieved from /opt/airflow/dags/fraud_pipeline_dag.py
[2026-09-14T16:12:31.356+0000] {logging_mixin.py:188} INFO - [2026-09-14T16:12:31.355+0000] {dag.py:3096} INFO - Sync 1 DAGs
[2026-09-14T16:12:31.376+0000] {logging_mixin.py:188} INFO - [2026-09-14T16:12:31.376+0000] {dag.py:3954} INFO - Setting next_dagrun for fraud_pipeline to None, run_after=None
[2026-09-14T16:12:31.425+0000] {processor.py:183} INFO - Processing /opt/airflow/dags/fraud_pipeline_dag.py took 0.173 seconds
[2026-09-14T16:13:01.863+0000] {processor.py:161} INFO - Started process (PID=210) to work on /opt/airflow/dags/fraud_pipeline_dag.py
[2026-09-14T16:13:01.896+0000] {processor.py:830} INFO - Processing file /opt/airflow/dags/fraud_pipeline_dag.py for tasks to queue
[2026-09-14T16:13:01.919+0000] {logging_mixin.py:188} INFO - [2026-09-14T16:13:01.919+0000] {dagbag.py:540} INFO - Filling up the DagBag from /opt/airflow/dags/fraud_pipeline_dag.py
[2026-09-14T16:13:01.987+0000] {processor.py:840} INFO - DAG(s) 'fraud_pipeline' retrieved from /opt/airflow/dags/fraud_pipeline_dag.py
[2026-09-14T16:13:02.104+0000] {logging_mixin.py:188} INFO - [2026-09-14T16:13:02.104+0000] {dag.py:3096} INFO - Sync 1 DAGs
[2026-09-14T16:13:02.360+0000] {logging_mixin.py:188} INFO - [2026-09-14T16:13:02.359+0000] {dag.py:3954} INFO - Setting next_dagrun for fraud_pipeline to None, run_after=None
[2026-09-14T16:13:02.546+0000] {processor.py:183} INFO - Processing /opt/airflow/dags/fraud_pipeline_dag.py took 0.822 seconds
[2026-09-14T16:14:05.746+0000] {processor.py:161} INFO - Started process (PID=218) to work on /opt/airflow/dags/fraud_pipeline_dag.py
[2026-09-14T16:14:05.747+0000] {processor.py:830} INFO - Processing file /opt/airflow/dags/fraud_pipeline_dag.py for tasks to queue
[2026-09-14T16:14:05.750+0000] {logging_mixin.py:188} INFO - [2026-09-14T16:14:05.749+0000] {dagbag.py:540} INFO - Filling up the DagBag from /opt/airflow/dags/fraud_pipeline_dag.py
[2026-09-14T16:14:05.767+0000] {processor.py:840} INFO - DAG(s) 'fraud_pipeline' retrieved from /opt/airflow/dags/fraud_pipeline_dag.py
[2026-09-14T16:14:05.806+0000] {logging_mixin.py:188} INFO - [2026-09-14T16:14:05.806+0000] {dag.py:3096} INFO - Sync 1 DAGs
[2026-09-14T16:14:05.818+0000] {logging_mixin.py:188} INFO - [2026-09-14T16:14:05.818+0000] {dag.py:3954} INFO - Setting next_dagrun for fraud_pipeline to None, run_after=None
[2026-09-14T16:13:30.792+0000] {processor.py:183} INFO - Processing /opt/airflow/dags/fraud_pipeline_dag.py took 0.106 seconds
[2026-09-14T16:14:00.975+0000] {processor.py:161} INFO - Started process (PID=223) to work on /opt/airflow/dags/fraud_pipeline_dag.py
[2026-09-14T16:14:00.979+0000] {processor.py:830} INFO - Processing file /opt/airflow/dags/fraud_pipeline_dag.py for tasks to queue
[2026-09-14T16:14:00.981+0000] {logging_mixin.py:188} INFO - [2026-09-14T16:14:00.981+0000] {dagbag.py:540} INFO - Filling up the DagBag from /opt/airflow/dags/fraud_pipeline_dag.py
[2026-09-14T16:14:01.039+0000] {processor.py:840} INFO - DAG(s) 'fraud_pipeline' retrieved from /opt/airflow/dags/fraud_pipeline_dag.py
[2026-09-14T16:14:01.199+0000] {logging_mixin.py:188} INFO - [2026-09-14T16:14:01.198+0000] {dag.py:3096} INFO - Sync 1 DAGs
[2026-09-14T16:14:36.347+0000] {logging_mixin.py:188} INFO - [2026-09-14T16:14:36.347+0000] {dag.py:3954} INFO - Setting next_dagrun for fraud_pipeline to None, run_after=None
[2026-09-14T16:14:36.442+0000] {processor.py:183} INFO - Processing /opt/airflow/dags/fraud_pipeline_dag.py took 0.420 seconds
[2026-09-14T16:15:21.528+0000] {processor.py:161} INFO - Started process (PID=229) to work on /opt/airflow/dags/fraud_pipeline_dag.py
[2026-09-14T16:15:21.531+0000] {processor.py:830} INFO - Processing file /opt/airflow/dags/fraud_pipeline_dag.py for tasks to queue
[2026-09-14T16:15:21.534+0000] {logging_mixin.py:188} INFO - [2026-09-14T16:15:21.533+0000] {dagbag.py:540} INFO - Filling up the DagBag from /opt/airflow/dags/fraud_pipeline_dag.py
[2026-09-14T16:15:21.569+0000] {processor.py:840} INFO - DAG(s) 'fraud_pipeline' retrieved from /opt/airflow/dags/fraud_pipeline_dag.py
[2026-09-14T16:14:46.673+0000] {logging_mixin.py:188} INFO - [2026-09-14T16:14:46.672+0000] {dag.py:3096} INFO - Sync 1 DAGs
[2026-09-14T16:14:46.698+0000] {logging_mixin.py:188} INFO - [2026-09-14T16:14:46.697+0000] {dag.py:3954} INFO - Setting next_dagrun for fraud_pipeline to None, run_after=None
[2026-09-14T16:14:46.720+0000] {processor.py:183} INFO - Processing /opt/airflow/dags/fraud_pipeline_dag.py took 0.278 seconds
[2026-09-14T16:15:26.526+0000] {processor.py:161} INFO - Started process (PID=234) to work on /opt/airflow/dags/fraud_pipeline_dag.py
[2026-09-14T16:15:26.528+0000] {processor.py:830} INFO - Processing file /opt/airflow/dags/fraud_pipeline_dag.py for tasks to queue
[2026-09-14T16:15:26.557+0000] {logging_mixin.py:188} INFO - [2026-09-14T16:15:26.555+0000] {dagbag.py:540} INFO - Filling up the DagBag from /opt/airflow/dags/fraud_pipeline_dag.py
[2026-09-14T16:15:26.604+0000] {processor.py:840} INFO - DAG(s) 'fraud_pipeline' retrieved from /opt/airflow/dags/fraud_pipeline_dag.py
[2026-09-14T16:14:51.645+0000] {logging_mixin.py:188} INFO - [2026-09-14T16:14:51.645+0000] {dag.py:3096} INFO - Sync 1 DAGs
[2026-09-14T16:14:51.670+0000] {logging_mixin.py:188} INFO - [2026-09-14T16:14:51.670+0000] {dag.py:3954} INFO - Setting next_dagrun for fraud_pipeline to None, run_after=None
[2026-09-14T16:14:51.741+0000] {processor.py:183} INFO - Processing /opt/airflow/dags/fraud_pipeline_dag.py took 0.273 seconds
[2026-09-14T16:15:31.572+0000] {processor.py:161} INFO - Started process (PID=239) to work on /opt/airflow/dags/fraud_pipeline_dag.py
[2026-09-14T16:15:31.574+0000] {processor.py:830} INFO - Processing file /opt/airflow/dags/fraud_pipeline_dag.py for tasks to queue
[2026-09-14T16:15:31.595+0000] {logging_mixin.py:188} INFO - [2026-09-14T16:15:31.592+0000] {dagbag.py:540} INFO - Filling up the DagBag from /opt/airflow/dags/fraud_pipeline_dag.py
[2026-09-14T16:14:56.618+0000] {processor.py:840} INFO - DAG(s) 'fraud_pipeline' retrieved from /opt/airflow/dags/fraud_pipeline_dag.py
[2026-09-14T16:14:56.732+0000] {logging_mixin.py:188} INFO - [2026-09-14T16:14:56.732+0000] {dag.py:3096} INFO - Sync 1 DAGs
[2026-09-14T16:14:56.783+0000] {logging_mixin.py:188} INFO - [2026-09-14T16:14:56.783+0000] {dag.py:3954} INFO - Setting next_dagrun for fraud_pipeline to None, run_after=None
[2026-09-14T16:14:56.834+0000] {processor.py:183} INFO - Processing /opt/airflow/dags/fraud_pipeline_dag.py took 0.321 seconds
[2026-09-14T16:15:27.128+0000] {processor.py:161} INFO - Started process (PID=245) to work on /opt/airflow/dags/fraud_pipeline_dag.py
[2026-09-14T16:15:27.135+0000] {processor.py:830} INFO - Processing file /opt/airflow/dags/fraud_pipeline_dag.py for tasks to queue
[2026-09-14T16:15:27.138+0000] {logging_mixin.py:188} INFO - [2026-09-14T16:15:27.137+0000] {dagbag.py:540} INFO - Filling up the DagBag from /opt/airflow/dags/fraud_pipeline_dag.py
[2026-09-14T16:15:27.154+0000] {processor.py:840} INFO - DAG(s) 'fraud_pipeline' retrieved from /opt/airflow/dags/fraud_pipeline_dag.py
[2026-09-14T16:15:27.186+0000] {logging_mixin.py:188} INFO - [2026-09-14T16:15:27.186+0000] {dag.py:3096} INFO - Sync 1 DAGs
[2026-09-14T16:15:27.202+0000] {logging_mixin.py:188} INFO - [2026-09-14T16:15:27.202+0000] {dag.py:3954} INFO - Setting next_dagrun for fraud_pipeline to None, run_after=None
[2026-09-14T16:15:27.222+0000] {processor.py:183} INFO - Processing /opt/airflow/dags/fraud_pipeline_dag.py took 0.103 seconds
[2026-09-14T16:16:31.663+0000] {processor.py:161} INFO - Started process (PID=250) to work on /opt/airflow/dags/fraud_pipeline_dag.py
[2026-09-14T16:16:31.667+0000] {processor.py:830} INFO - Processing file /opt/airflow/dags/fraud_pipeline_dag.py for tasks to queue
[2026-09-14T16:16:31.671+0000] {logging_mixin.py:188} INFO - [2026-09-14T16:16:31.670+0000] {dagbag.py:540} INFO - Filling up the DagBag from /opt/airflow/dags/fraud_pipeline_dag.py
[2026-09-14T16:16:31.695+0000] {processor.py:840} INFO - DAG(s) 'fraud_pipeline' retrieved from /opt/airflow/dags/fraud_pipeline_dag.py
[2026-09-14T16:15:56.759+0000] {logging_mixin.py:188} INFO - [2026-09-14T16:15:56.759+0000] {dag.py:3096} INFO - Sync 1 DAGs
[2026-09-14T16:15:56.781+0000] {logging_mixin.py:188} INFO - [2026-09-14T16:15:56.780+0000] {dag.py:3954} INFO - Setting next_dagrun for fraud_pipeline to None, run_after=None
[2026-09-14T16:15:56.818+0000] {processor.py:183} INFO - Processing /opt/airflow/dags/fraud_pipeline_dag.py took 0.245 seconds
[2026-09-14T16:16:36.655+0000] {processor.py:161} INFO - Started process (PID=255) to work on /opt/airflow/dags/fraud_pipeline_dag.py
[2026-09-14T16:16:36.656+0000] {processor.py:830} INFO - Processing file /opt/airflow/dags/fraud_pipeline_dag.py for tasks to queue
[2026-09-14T16:16:36.659+0000] {logging_mixin.py:188} INFO - [2026-09-14T16:16:36.658+0000] {dagbag.py:540} INFO - Filling up the DagBag from /opt/airflow/dags/fraud_pipeline_dag.py
[2026-09-14T16:16:36.675+0000] {processor.py:840} INFO - DAG(s) 'fraud_pipeline' retrieved from /opt/airflow/dags/fraud_pipeline_dag.py
[2026-09-14T16:16:01.717+0000] {logging_mixin.py:188} INFO - [2026-09-14T16:16:01.717+0000] {dag.py:3096} INFO - Sync 1 DAGs
[2026-09-14T16:16:01.797+0000] {logging_mixin.py:188} INFO - [2026-09-14T16:16:01.796+0000] {dag.py:3954} INFO - Setting next_dagrun for fraud_pipeline to None, run_after=None
[2026-09-14T16:16:01.834+0000] {processor.py:183} INFO - Processing /opt/airflow/dags/fraud_pipeline_dag.py took 0.236 seconds
[2026-09-14T16:16:41.701+0000] {processor.py:161} INFO - Started process (PID=260) to work on /opt/airflow/dags/fraud_pipeline_dag.py
[2026-09-14T16:16:06.667+0000] {processor.py:830} INFO - Processing file /opt/airflow/dags/fraud_pipeline_dag.py for tasks to queue
[2026-09-14T16:16:06.690+0000] {logging_mixin.py:188} INFO - [2026-09-14T16:16:06.687+0000] {dagbag.py:540} INFO - Filling up the DagBag from /opt/airflow/dags/fraud_pipeline_dag.py
[2026-09-14T16:16:06.730+0000] {processor.py:840} INFO - DAG(s) 'fraud_pipeline' retrieved from /opt/airflow/dags/fraud_pipeline_dag.py
[2026-09-14T16:16:06.805+0000] {logging_mixin.py:188} INFO - [2026-09-14T16:16:06.805+0000] {dag.py:3096} INFO - Sync 1 DAGs
[2026-09-14T16:16:06.842+0000] {logging_mixin.py:188} INFO - [2026-09-14T16:16:06.842+0000] {dag.py:3954} INFO - Setting next_dagrun for fraud_pipeline to None, run_after=None
[2026-09-14T16:16:06.869+0000] {processor.py:183} INFO - Processing /opt/airflow/dags/fraud_pipeline_dag.py took 0.227 seconds
[2026-09-14T16:16:37.828+0000] {processor.py:161} INFO - Started process (PID=265) to work on /opt/airflow/dags/fraud_pipeline_dag.py
[2026-09-14T16:16:37.829+0000] {processor.py:830} INFO - Processing file /opt/airflow/dags/fraud_pipeline_dag.py for tasks to queue
[2026-09-14T16:16:37.834+0000] {logging_mixin.py:188} INFO - [2026-09-14T16:16:37.833+0000] {dagbag.py:540} INFO - Filling up the DagBag from /opt/airflow/dags/fraud_pipeline_dag.py
[2026-09-14T16:16:37.865+0000] {processor.py:840} INFO - DAG(s) 'fraud_pipeline' retrieved from /opt/airflow/dags/fraud_pipeline_dag.py
[2026-09-14T16:16:37.961+0000] {logging_mixin.py:188} INFO - [2026-09-14T16:16:37.960+0000] {dag.py:3096} INFO - Sync 1 DAGs
[2026-09-14T16:16:37.983+0000] {logging_mixin.py:188} INFO - [2026-09-14T16:16:37.983+0000] {dag.py:3954} INFO - Setting next_dagrun for fraud_pipeline to None, run_after=None
[2026-09-14T16:16:38.013+0000] {processor.py:183} INFO - Processing /opt/airflow/dags/fraud_pipeline_dag.py took 0.190 seconds
[2026-09-14T16:17:08.270+0000] {processor.py:161} INFO - Started process (PID=272) to work on /opt/airflow/dags/fraud_pipeline_dag.py
[2026-09-14T16:17:08.271+0000] {processor.py:830} INFO - Processing file /opt/airflow/dags/fraud_pipeline_dag.py for tasks to queue
[2026-09-14T16:17:08.275+0000] {logging_mixin.py:188} INFO - [2026-09-14T16:17:08.275+0000] {dagbag.py:540} INFO - Filling up the DagBag from /opt/airflow/dags/fraud_pipeline_dag.py
[2026-09-14T16:17:08.299+0000] {processor.py:840} INFO - DAG(s) 'fraud_pipeline' retrieved from /opt/airflow/dags/fraud_pipeline_dag.py
[2026-09-14T16:17:08.359+0000] {logging_mixin.py:188} INFO - [2026-09-14T16:17:08.359+0000] {dag.py:3096} INFO - Sync 1 DAGs
[2026-09-14T16:17:08.379+0000] {logging_mixin.py:188} INFO - [2026-09-14T16:17:08.379+0000] {dag.py:3954} INFO - Setting next_dagrun for fraud_pipeline to None, run_after=None
[2026-09-14T16:17:08.400+0000] {processor.py:183} INFO - Processing /opt/airflow/dags/fraud_pipeline_dag.py took 0.149 seconds
[2026-09-14T16:17:30.585+0000] {processor.py:161} INFO - Started process (PID=277) to work on /opt/airflow/dags/fraud_pipeline_dag.py
[2026-09-14T16:17:30.589+0000] {processor.py:830} INFO - Processing file /opt/airflow/dags/fraud_pipeline_dag.py for tasks to queue
[2026-09-14T16:17:30.597+0000] {logging_mixin.py:188} INFO - [2026-09-14T16:17:30.597+0000] {dagbag.py:540} INFO - Filling up the DagBag from /opt/airflow/dags/fraud_pipeline_dag.py
[2026-09-14T16:17:30.619+0000] {processor.py:840} INFO - DAG(s) 'fraud_pipeline' retrieved from /opt/airflow/dags/fraud_pipeline_dag.py
[2026-09-14T16:17:30.652+0000] {logging_mixin.py:188} INFO - [2026-09-14T16:17:30.652+0000] {dag.py:3096} INFO - Sync 1 DAGs
[2026-09-14T16:17:30.669+0000] {logging_mixin.py:188} INFO - [2026-09-14T16:17:30.668+0000] {dag.py:3954} INFO - Setting next_dagrun for fraud_pipeline to None, run_after=None
[2026-09-14T16:17:30.696+0000] {processor.py:183} INFO - Processing /opt/airflow/dags/fraud_pipeline_dag.py took 0.117 seconds
[2026-09-14T16:18:06.853+0000] {processor.py:161} INFO - Started process (PID=282) to work on /opt/airflow/dags/fraud_pipeline_dag.py
[2026-09-14T16:18:06.854+0000] {processor.py:830} INFO - Processing file /opt/airflow/dags/fraud_pipeline_dag.py for tasks to queue
[2026-09-14T16:18:06.856+0000] {logging_mixin.py:188} INFO - [2026-09-14T16:18:06.856+0000] {dagbag.py:540} INFO - Filling up the DagBag from /opt/airflow/dags/fraud_pipeline_dag.py
[2026-09-14T16:17:31.832+0000] {processor.py:840} INFO - DAG(s) 'fraud_pipeline' retrieved from /opt/airflow/dags/fraud_pipeline_dag.py
[2026-09-14T16:17:31.866+0000] {logging_mixin.py:188} INFO - [2026-09-14T16:17:31.865+0000] {dag.py:3096} INFO - Sync 1 DAGs
[2026-09-14T16:17:31.881+0000] {logging_mixin.py:188} INFO - [2026-09-14T16:17:31.881+0000] {dag.py:3954} INFO - Setting next_dagrun for fraud_pipeline to None, run_after=None
[2026-09-14T16:17:31.904+0000] {processor.py:183} INFO - Processing /opt/airflow/dags/fraud_pipeline_dag.py took 0.100 seconds
[2026-09-14T16:18:11.855+0000] {processor.py:161} INFO - Started process (PID=287) to work on /opt/airflow/dags/fraud_pipeline_dag.py
[2026-09-14T16:18:11.860+0000] {processor.py:830} INFO - Processing file /opt/airflow/dags/fraud_pipeline_dag.py for tasks to queue
[2026-09-14T16:18:11.862+0000] {logging_mixin.py:188} INFO - [2026-09-14T16:18:11.862+0000] {dagbag.py:540} INFO - Filling up the DagBag from /opt/airflow/dags/fraud_pipeline_dag.py
[2026-09-14T16:17:36.836+0000] {processor.py:840} INFO - DAG(s) 'fraud_pipeline' retrieved from /opt/airflow/dags/fraud_pipeline_dag.py
[2026-09-14T16:17:36.870+0000] {logging_mixin.py:188} INFO - [2026-09-14T16:17:36.870+0000] {dag.py:3096} INFO - Sync 1 DAGs
[2026-09-14T16:17:36.884+0000] {logging_mixin.py:188} INFO - [2026-09-14T16:17:36.884+0000] {dag.py:3954} INFO - Setting next_dagrun for fraud_pipeline to None, run_after=None
[2026-09-14T16:17:36.906+0000] {processor.py:183} INFO - Processing /opt/airflow/dags/fraud_pipeline_dag.py took 0.100 seconds
[2026-09-14T16:17:41.861+0000] {processor.py:161} INFO - Started process (PID=292) to work on /opt/airflow/dags/fraud_pipeline_dag.py
[2026-09-14T16:17:41.869+0000] {processor.py:830} INFO - Processing file /opt/airflow/dags/fraud_pipeline_dag.py for tasks to queue
[2026-09-14T16:17:41.876+0000] {logging_mixin.py:188} INFO - [2026-09-14T16:17:41.875+0000] {dagbag.py:540} INFO - Filling up the DagBag from /opt/airflow/dags/fraud_pipeline_dag.py
[2026-09-14T16:17:41.900+0000] {processor.py:840} INFO - DAG(s) 'fraud_pipeline' retrieved from /opt/airflow/dags/fraud_pipeline_dag.py
[2026-09-14T16:17:41.950+0000] {logging_mixin.py:188} INFO - [2026-09-14T16:17:41.950+0000] {dag.py:3096} INFO - Sync 1 DAGs
[2026-09-14T16:17:41.972+0000] {logging_mixin.py:188} INFO - [2026-09-14T16:17:41.971+0000] {dag.py:3954} INFO - Setting next_dagrun for fraud_pipeline to None, run_after=None
[2026-09-14T16:17:42.002+0000] {processor.py:183} INFO - Processing /opt/airflow/dags/fraud_pipeline_dag.py took 0.149 seconds
[2026-09-14T16:18:12.202+0000] {processor.py:161} INFO - Started process (PID=297) to work on /opt/airflow/dags/fraud_pipeline_dag.py
[2026-09-14T16:18:12.203+0000] {processor.py:830} INFO - Processing file /opt/airflow/dags/fraud_pipeline_dag.py for tasks to queue
[2026-09-14T16:18:12.205+0000] {logging_mixin.py:188} INFO - [2026-09-14T16:18:12.205+0000] {dagbag.py:540} INFO - Filling up the DagBag from /opt/airflow/dags/fraud_pipeline_dag.py
[2026-09-14T16:18:12.240+0000] {processor.py:840} INFO - DAG(s) 'fraud_pipeline' retrieved from /opt/airflow/dags/fraud_pipeline_dag.py
[2026-09-14T16:18:12.301+0000] {logging_mixin.py:188} INFO - [2026-09-14T16:18:12.301+0000] {dag.py:3096} INFO - Sync 1 DAGs
[2026-09-14T16:18:12.358+0000] {logging_mixin.py:188} INFO - [2026-09-14T16:18:12.357+0000] {dag.py:3954} INFO - Setting next_dagrun for fraud_pipeline to None, run_after=None
[2026-09-14T16:18:12.407+0000] {processor.py:183} INFO - Processing /opt/airflow/dags/fraud_pipeline_dag.py took 0.212 seconds
[2026-09-14T16:19:05.463+0000] {processor.py:161} INFO - Started process (PID=302) to work on /opt/airflow/dags/fraud_pipeline_dag.py
[2026-09-14T16:19:05.470+0000] {processor.py:830} INFO - Processing file /opt/airflow/dags/fraud_pipeline_dag.py for tasks to queue
[2026-09-14T16:19:05.472+0000] {logging_mixin.py:188} INFO - [2026-09-14T16:19:05.472+0000] {dagbag.py:540} INFO - Filling up the DagBag from /opt/airflow/dags/fraud_pipeline_dag.py
[2026-09-14T16:19:05.495+0000] {processor.py:840} INFO - DAG(s) 'fraud_pipeline' retrieved from /opt/airflow/dags/fraud_pipeline_dag.py
[2026-09-14T16:18:30.554+0000] {logging_mixin.py:188} INFO - [2026-09-14T16:18:30.553+0000] {dag.py:3096} INFO - Sync 1 DAGs
[2026-09-14T16:18:30.591+0000] {logging_mixin.py:188} INFO - [2026-09-14T16:18:30.591+0000] {dag.py:3954} INFO - Setting next_dagrun for fraud_pipeline to None, run_after=None
[2026-09-14T16:18:30.627+0000] {processor.py:183} INFO - Processing /opt/airflow/dags/fraud_pipeline_dag.py took 0.215 seconds
[2026-09-14T16:19:00.899+0000] {processor.py:161} INFO - Started process (PID=307) to work on /opt/airflow/dags/fraud_pipeline_dag.py
[2026-09-14T16:19:00.906+0000] {processor.py:830} INFO - Processing file /opt/airflow/dags/fraud_pipeline_dag.py for tasks to queue
[2026-09-14T16:19:00.918+0000] {logging_mixin.py:188} INFO - [2026-09-14T16:19:00.917+0000] {dagbag.py:540} INFO - Filling up the DagBag from /opt/airflow/dags/fraud_pipeline_dag.py
[2026-09-14T16:19:00.986+0000] {processor.py:840} INFO - DAG(s) 'fraud_pipeline' retrieved from /opt/airflow/dags/fraud_pipeline_dag.py
[2026-09-14T16:19:01.069+0000] {logging_mixin.py:188} INFO - [2026-09-14T16:19:01.069+0000] {dag.py:3096} INFO - Sync 1 DAGs
[2026-09-14T16:19:01.112+0000] {logging_mixin.py:188} INFO - [2026-09-14T16:19:01.111+0000] {dag.py:3954} INFO - Setting next_dagrun for fraud_pipeline to None, run_after=None
[2026-09-14T16:19:01.155+0000] {processor.py:183} INFO - Processing /opt/airflow/dags/fraud_pipeline_dag.py took 0.299 seconds
[2026-09-14T16:19:36.969+0000] {processor.py:161} INFO - Started process (PID=312) to work on /opt/airflow/dags/fraud_pipeline_dag.py
[2026-09-14T16:19:36.972+0000] {processor.py:830} INFO - Processing file /opt/airflow/dags/fraud_pipeline_dag.py for tasks to queue
[2026-09-14T16:19:36.976+0000] {logging_mixin.py:188} INFO - [2026-09-14T16:19:36.975+0000] {dagbag.py:540} INFO - Filling up the DagBag from /opt/airflow/dags/fraud_pipeline_dag.py
[2026-09-14T16:19:37.018+0000] {processor.py:840} INFO - DAG(s) 'fraud_pipeline' retrieved from /opt/airflow/dags/fraud_pipeline_dag.py
[2026-09-14T16:19:02.046+0000] {logging_mixin.py:188} INFO - [2026-09-14T16:19:02.046+0000] {dag.py:3096} INFO - Sync 1 DAGs
[2026-09-14T16:19:02.078+0000] {logging_mixin.py:188} INFO - [2026-09-14T16:19:02.078+0000] {dag.py:3954} INFO - Setting next_dagrun for fraud_pipeline to None, run_after=None
[2026-09-14T16:19:02.122+0000] {processor.py:183} INFO - Processing /opt/airflow/dags/fraud_pipeline_dag.py took 0.209 seconds
[2026-09-14T16:19:42.006+0000] {processor.py:161} INFO - Started process (PID=317) to work on /opt/airflow/dags/fraud_pipeline_dag.py
[2026-09-14T16:19:42.007+0000] {processor.py:830} INFO - Processing file /opt/airflow/dags/fraud_pipeline_dag.py for tasks to queue
[2026-09-14T16:19:42.014+0000] {logging_mixin.py:188} INFO - [2026-09-14T16:19:42.013+0000] {dagbag.py:540} INFO - Filling up the DagBag from /opt/airflow/dags/fraud_pipeline_dag.py
[2026-09-14T16:19:42.031+0000] {processor.py:840} INFO - DAG(s) 'fraud_pipeline' retrieved from /opt/airflow/dags/fraud_pipeline_dag.py
[2026-09-14T16:19:07.053+0000] {logging_mixin.py:188} INFO - [2026-09-14T16:19:07.053+0000] {dag.py:3096} INFO - Sync 1 DAGs
[2026-09-14T16:19:07.081+0000] {logging_mixin.py:188} INFO - [2026-09-14T16:19:07.081+0000] {dag.py:3954} INFO - Setting next_dagrun for fraud_pipeline to None, run_after=None
[2026-09-14T16:19:07.129+0000] {processor.py:183} INFO - Processing /opt/airflow/dags/fraud_pipeline_dag.py took 0.180 seconds
[2026-09-14T16:19:47.017+0000] {processor.py:161} INFO - Started process (PID=322) to work on /opt/airflow/dags/fraud_pipeline_dag.py
[2026-09-14T16:19:47.021+0000] {processor.py:830} INFO - Processing file /opt/airflow/dags/fraud_pipeline_dag.py for tasks to queue
[2026-09-14T16:19:47.024+0000] {logging_mixin.py:188} INFO - [2026-09-14T16:19:47.023+0000] {dagbag.py:540} INFO - Filling up the DagBag from /opt/airflow/dags/fraud_pipeline_dag.py
[2026-09-14T16:19:47.040+0000] {processor.py:840} INFO - DAG(s) 'fraud_pipeline' retrieved from /opt/airflow/dags/fraud_pipeline_dag.py
[2026-09-14T16:19:12.098+0000] {logging_mixin.py:188} INFO - [2026-09-14T16:19:12.098+0000] {dag.py:3096} INFO - Sync 1 DAGs
[2026-09-14T16:19:12.119+0000] {logging_mixin.py:188} INFO - [2026-09-14T16:19:12.118+0000] {dag.py:3954} INFO - Setting next_dagrun for fraud_pipeline to None, run_after=None
[2026-09-14T16:19:12.172+0000] {processor.py:183} INFO - Processing /opt/airflow/dags/fraud_pipeline_dag.py took 0.206 seconds
[2026-09-14T16:19:52.063+0000] {processor.py:161} INFO - Started process (PID=327) to work on /opt/airflow/dags/fraud_pipeline_dag.py
[2026-09-14T16:19:52.066+0000] {processor.py:830} INFO - Processing file /opt/airflow/dags/fraud_pipeline_dag.py for tasks to queue
[2026-09-14T16:19:52.069+0000] {logging_mixin.py:188} INFO - [2026-09-14T16:19:52.069+0000] {dagbag.py:540} INFO - Filling up the DagBag from /opt/airflow/dags/fraud_pipeline_dag.py
[2026-09-14T16:19:17.134+0000] {processor.py:840} INFO - DAG(s) 'fraud_pipeline' retrieved from /opt/airflow/dags/fraud_pipeline_dag.py
[2026-09-14T16:19:17.225+0000] {logging_mixin.py:188} INFO - [2026-09-14T16:19:17.225+0000] {dag.py:3096} INFO - Sync 1 DAGs
[2026-09-14T16:19:17.281+0000] {logging_mixin.py:188} INFO - [2026-09-14T16:19:17.281+0000] {dag.py:3954} INFO - Setting next_dagrun for fraud_pipeline to None, run_after=None
[2026-09-14T16:19:17.324+0000] {processor.py:183} INFO - Processing /opt/airflow/dags/fraud_pipeline_dag.py took 0.311 seconds
[2026-09-14T16:20:05.517+0000] {processor.py:161} INFO - Started process (PID=332) to work on /opt/airflow/dags/fraud_pipeline_dag.py
[2026-09-14T16:20:05.522+0000] {processor.py:830} INFO - Processing file /opt/airflow/dags/fraud_pipeline_dag.py for tasks to queue
[2026-09-14T16:20:05.526+0000] {logging_mixin.py:188} INFO - [2026-09-14T16:20:05.526+0000] {dagbag.py:540} INFO - Filling up the DagBag from /opt/airflow/dags/fraud_pipeline_dag.py
[2026-09-14T16:20:05.554+0000] {processor.py:840} INFO - DAG(s) 'fraud_pipeline' retrieved from /opt/airflow/dags/fraud_pipeline_dag.py
[2026-09-14T16:19:30.603+0000] {logging_mixin.py:188} INFO - [2026-09-14T16:19:30.603+0000] {dag.py:3096} INFO - Sync 1 DAGs
[2026-09-14T16:19:30.627+0000] {logging_mixin.py:188} INFO - [2026-09-14T16:19:30.627+0000] {dag.py:3954} INFO - Setting next_dagrun for fraud_pipeline to None, run_after=None
[2026-09-14T16:19:30.653+0000] {processor.py:183} INFO - Processing /opt/airflow/dags/fraud_pipeline_dag.py took 0.197 seconds
[2026-09-14T16:20:00.723+0000] {processor.py:161} INFO - Started process (PID=337) to work on /opt/airflow/dags/fraud_pipeline_dag.py
[2026-09-14T16:20:00.726+0000] {processor.py:830} INFO - Processing file /opt/airflow/dags/fraud_pipeline_dag.py for tasks to queue
[2026-09-14T16:20:00.732+0000] {logging_mixin.py:188} INFO - [2026-09-14T16:20:00.731+0000] {dagbag.py:540} INFO - Filling up the DagBag from /opt/airflow/dags/fraud_pipeline_dag.py
[2026-09-14T16:20:00.768+0000] {processor.py:840} INFO - DAG(s) 'fraud_pipeline' retrieved from /opt/airflow/dags/fraud_pipeline_dag.py
[2026-09-14T16:20:00.867+0000] {logging_mixin.py:188} INFO - [2026-09-14T16:20:00.866+0000] {dag.py:3096} INFO - Sync 1 DAGs
[2026-09-14T16:20:00.905+0000] {logging_mixin.py:188} INFO - [2026-09-14T16:20:00.905+0000] {dag.py:3954} INFO - Setting next_dagrun for fraud_pipeline to None, run_after=None
[2026-09-14T16:20:00.931+0000] {processor.py:183} INFO - Processing /opt/airflow/dags/fraud_pipeline_dag.py took 0.218 seconds
[2026-09-14T16:20:37.015+0000] {processor.py:161} INFO - Started process (PID=342) to work on /opt/airflow/dags/fraud_pipeline_dag.py
[2026-09-14T16:20:37.016+0000] {processor.py:830} INFO - Processing file /opt/airflow/dags/fraud_pipeline_dag.py for tasks to queue
[2026-09-14T16:20:37.022+0000] {logging_mixin.py:188} INFO - [2026-09-14T16:20:37.021+0000] {dagbag.py:540} INFO - Filling up the DagBag from /opt/airflow/dags/fraud_pipeline_dag.py
[2026-09-14T16:20:37.058+0000] {processor.py:840} INFO - DAG(s) 'fraud_pipeline' retrieved from /opt/airflow/dags/fraud_pipeline_dag.py
[2026-09-14T16:20:37.113+0000] {logging_mixin.py:188} INFO - [2026-09-14T16:20:37.112+0000] {dag.py:3096} INFO - Sync 1 DAGs
[2026-09-14T16:20:37.140+0000] {logging_mixin.py:188} INFO - [2026-09-14T16:20:37.139+0000] {dag.py:3954} INFO - Setting next_dagrun for fraud_pipeline to None, run_after=None
[2026-09-14T16:20:02.140+0000] {processor.py:183} INFO - Processing /opt/airflow/dags/fraud_pipeline_dag.py took 0.170 seconds
[2026-09-14T16:20:42.071+0000] {processor.py:161} INFO - Started process (PID=347) to work on /opt/airflow/dags/fraud_pipeline_dag.py
[2026-09-14T16:20:42.074+0000] {processor.py:830} INFO - Processing file /opt/airflow/dags/fraud_pipeline_dag.py for tasks to queue
[2026-09-14T16:20:42.076+0000] {logging_mixin.py:188} INFO - [2026-09-14T16:20:42.076+0000] {dagbag.py:540} INFO - Filling up the DagBag from /opt/airflow/dags/fraud_pipeline_dag.py
[2026-09-14T16:20:42.094+0000] {processor.py:840} INFO - DAG(s) 'fraud_pipeline' retrieved from /opt/airflow/dags/fraud_pipeline_dag.py
[2026-09-14T16:20:07.150+0000] {logging_mixin.py:188} INFO - [2026-09-14T16:20:07.150+0000] {dag.py:3096} INFO - Sync 1 DAGs
[2026-09-14T16:20:07.169+0000] {logging_mixin.py:188} INFO - [2026-09-14T16:20:07.169+0000] {dag.py:3954} INFO - Setting next_dagrun for fraud_pipeline to None, run_after=None
[2026-09-14T16:20:07.194+0000] {processor.py:183} INFO - Processing /opt/airflow/dags/fraud_pipeline_dag.py took 0.170 seconds
[2026-09-14T16:20:47.084+0000] {processor.py:161} INFO - Started process (PID=352) to work on /opt/airflow/dags/fraud_pipeline_dag.py
[2026-09-14T16:20:47.085+0000] {processor.py:830} INFO - Processing file /opt/airflow/dags/fraud_pipeline_dag.py for tasks to queue
[2026-09-14T16:20:47.088+0000] {logging_mixin.py:188} INFO - [2026-09-14T16:20:47.087+0000] {dagbag.py:540} INFO - Filling up the DagBag from /opt/airflow/dags/fraud_pipeline_dag.py
[2026-09-14T16:20:47.099+0000] {processor.py:840} INFO - DAG(s) 'fraud_pipeline' retrieved from /opt/airflow/dags/fraud_pipeline_dag.py
[2026-09-14T16:20:47.124+0000] {logging_mixin.py:188} INFO - [2026-09-14T16:20:47.123+0000] {dag.py:3096} INFO - Sync 1 DAGs
[2026-09-14T16:20:47.135+0000] {logging_mixin.py:188} INFO - [2026-09-14T16:20:47.135+0000] {dag.py:3954} INFO - Setting next_dagrun for fraud_pipeline to None, run_after=None
[2026-09-14T16:20:47.152+0000] {processor.py:183} INFO - Processing /opt/airflow/dags/fraud_pipeline_dag.py took 0.073 seconds
[2026-09-14T16:21:17.403+0000] {processor.py:161} INFO - Started process (PID=359) to work on /opt/airflow/dags/fraud_pipeline_dag.py
[2026-09-14T16:21:17.409+0000] {processor.py:830} INFO - Processing file /opt/airflow/dags/fraud_pipeline_dag.py for tasks to queue
[2026-09-14T16:21:17.416+0000] {logging_mixin.py:188} INFO - [2026-09-14T16:21:17.414+0000] {dagbag.py:540} INFO - Filling up the DagBag from /opt/airflow/dags/fraud_pipeline_dag.py
[2026-09-14T16:21:17.471+0000] {processor.py:840} INFO - DAG(s) 'fraud_pipeline' retrieved from /opt/airflow/dags/fraud_pipeline_dag.py
[2026-09-14T16:21:17.593+0000] {logging_mixin.py:188} INFO - [2026-09-14T16:21:17.593+0000] {dag.py:3096} INFO - Sync 1 DAGs
[2026-09-14T16:21:17.621+0000] {logging_mixin.py:188} INFO - [2026-09-14T16:21:17.621+0000] {dag.py:3954} INFO - Setting next_dagrun for fraud_pipeline to None, run_after=None
[2026-09-14T16:21:17.758+0000] {processor.py:183} INFO - Processing /opt/airflow/dags/fraud_pipeline_dag.py took 0.374 seconds
[2026-09-14T16:21:47.996+0000] {processor.py:161} INFO - Started process (PID=364) to work on /opt/airflow/dags/fraud_pipeline_dag.py
[2026-09-14T16:21:47.996+0000] {processor.py:830} INFO - Processing file /opt/airflow/dags/fraud_pipeline_dag.py for tasks to queue
[2026-09-14T16:21:47.998+0000] {logging_mixin.py:188} INFO - [2026-09-14T16:21:47.998+0000] {dagbag.py:540} INFO - Filling up the DagBag from /opt/airflow/dags/fraud_pipeline_dag.py
[2026-09-14T16:21:48.011+0000] {processor.py:840} INFO - DAG(s) 'fraud_pipeline' retrieved from /opt/airflow/dags/fraud_pipeline_dag.py
[2026-09-14T16:21:48.038+0000] {logging_mixin.py:188} INFO - [2026-09-14T16:21:48.038+0000] {dag.py:3096} INFO - Sync 1 DAGs
[2026-09-14T16:21:48.050+0000] {logging_mixin.py:188} INFO - [2026-09-14T16:21:48.050+0000] {dag.py:3954} INFO - Setting next_dagrun for fraud_pipeline to None, run_after=None
[2026-09-14T16:21:48.064+0000] {processor.py:183} INFO - Processing /opt/airflow/dags/fraud_pipeline_dag.py took 0.074 seconds
[2026-09-14T16:22:18.149+0000] {processor.py:161} INFO - Started process (PID=369) to work on /opt/airflow/dags/fraud_pipeline_dag.py
[2026-09-14T16:22:18.150+0000] {processor.py:830} INFO - Processing file /opt/airflow/dags/fraud_pipeline_dag.py for tasks to queue
[2026-09-14T16:22:18.152+0000] {logging_mixin.py:188} INFO - [2026-09-14T16:22:18.151+0000] {dagbag.py:540} INFO - Filling up the DagBag from /opt/airflow/dags/fraud_pipeline_dag.py
[2026-09-14T16:22:18.164+0000] {processor.py:840} INFO - DAG(s) 'fraud_pipeline' retrieved from /opt/airflow/dags/fraud_pipeline_dag.py
[2026-09-14T16:22:18.195+0000] {logging_mixin.py:188} INFO - [2026-09-14T16:22:18.195+0000] {dag.py:3096} INFO - Sync 1 DAGs
[2026-09-14T16:22:18.208+0000] {logging_mixin.py:188} INFO - [2026-09-14T16:22:18.208+0000] {dag.py:3954} INFO - Setting next_dagrun for fraud_pipeline to None, run_after=None
[2026-09-14T16:22:18.232+0000] {processor.py:183} INFO - Processing /opt/airflow/dags/fraud_pipeline_dag.py took 0.089 seconds
[2026-09-14T16:22:48.385+0000] {processor.py:161} INFO - Started process (PID=374) to work on /opt/airflow/dags/fraud_pipeline_dag.py
[2026-09-14T16:22:48.386+0000] {processor.py:830} INFO - Processing file /opt/airflow/dags/fraud_pipeline_dag.py for tasks to queue
[2026-09-14T16:22:48.387+0000] {logging_mixin.py:188} INFO - [2026-09-14T16:22:48.387+0000] {dagbag.py:540} INFO - Filling up the DagBag from /opt/airflow/dags/fraud_pipeline_dag.py
[2026-09-14T16:22:48.400+0000] {processor.py:840} INFO - DAG(s) 'fraud_pipeline' retrieved from /opt/airflow/dags/fraud_pipeline_dag.py
[2026-09-14T16:22:48.425+0000] {logging_mixin.py:188} INFO - [2026-09-14T16:22:48.425+0000] {dag.py:3096} INFO - Sync 1 DAGs
[2026-09-14T16:22:48.437+0000] {logging_mixin.py:188} INFO - [2026-09-14T16:22:48.437+0000] {dag.py:3954} INFO - Setting next_dagrun for fraud_pipeline to None, run_after=None
[2026-09-14T16:22:48.454+0000] {processor.py:183} INFO - Processing /opt/airflow/dags/fraud_pipeline_dag.py took 0.075 seconds
[2026-09-14T16:23:18.554+0000] {processor.py:161} INFO - Started process (PID=379) to work on /opt/airflow/dags/fraud_pipeline_dag.py
[2026-09-14T16:23:18.555+0000] {processor.py:830} INFO - Processing file /opt/airflow/dags/fraud_pipeline_dag.py for tasks to queue
[2026-09-14T16:23:18.557+0000] {logging_mixin.py:188} INFO - [2026-09-14T16:23:18.557+0000] {dagbag.py:540} INFO - Filling up the DagBag from /opt/airflow/dags/fraud_pipeline_dag.py
[2026-09-14T16:23:18.570+0000] {processor.py:840} INFO - DAG(s) 'fraud_pipeline' retrieved from /opt/airflow/dags/fraud_pipeline_dag.py
[2026-09-14T16:23:18.598+0000] {logging_mixin.py:188} INFO - [2026-09-14T16:23:18.598+0000] {dag.py:3096} INFO - Sync 1 DAGs
[2026-09-14T16:23:18.611+0000] {logging_mixin.py:188} INFO - [2026-09-14T16:23:18.611+0000] {dag.py:3954} INFO - Setting next_dagrun for fraud_pipeline to None, run_after=None
[2026-09-14T16:23:18.630+0000] {processor.py:183} INFO - Processing /opt/airflow/dags/fraud_pipeline_dag.py took 0.081 seconds
[2026-09-14T16:23:48.784+0000] {processor.py:161} INFO - Started process (PID=384) to work on /opt/airflow/dags/fraud_pipeline_dag.py
[2026-09-14T16:23:48.785+0000] {processor.py:830} INFO - Processing file /opt/airflow/dags/fraud_pipeline_dag.py for tasks to queue
[2026-09-14T16:23:48.786+0000] {logging_mixin.py:188} INFO - [2026-09-14T16:23:48.786+0000] {dagbag.py:540} INFO - Filling up the DagBag from /opt/airflow/dags/fraud_pipeline_dag.py
[2026-09-14T16:23:48.797+0000] {processor.py:840} INFO - DAG(s) 'fraud_pipeline' retrieved from /opt/airflow/dags/fraud_pipeline_dag.py
[2026-09-14T16:23:48.823+0000] {logging_mixin.py:188} INFO - [2026-09-14T16:23:48.823+0000] {dag.py:3096} INFO - Sync 1 DAGs
[2026-09-14T16:23:48.834+0000] {logging_mixin.py:188} INFO - [2026-09-14T16:23:48.834+0000] {dag.py:3954} INFO - Setting next_dagrun for fraud_pipeline to None, run_after=None
[2026-09-14T16:23:48.849+0000] {processor.py:183} INFO - Processing /opt/airflow/dags/fraud_pipeline_dag.py took 0.069 seconds
[2026-09-14T16:24:18.948+0000] {processor.py:161} INFO - Started process (PID=389) to work on /opt/airflow/dags/fraud_pipeline_dag.py
[2026-09-14T16:24:18.949+0000] {processor.py:830} INFO - Processing file /opt/airflow/dags/fraud_pipeline_dag.py for tasks to queue
[2026-09-14T16:24:18.951+0000] {logging_mixin.py:188} INFO - [2026-09-14T16:24:18.951+0000] {dagbag.py:540} INFO - Filling up the DagBag from /opt/airflow/dags/fraud_pipeline_dag.py
[2026-09-14T16:24:18.964+0000] {processor.py:840} INFO - DAG(s) 'fraud_pipeline' retrieved from /opt/airflow/dags/fraud_pipeline_dag.py
[2026-09-14T16:24:18.994+0000] {logging_mixin.py:188} INFO - [2026-09-14T16:24:18.994+0000] {dag.py:3096} INFO - Sync 1 DAGs
[2026-09-14T16:24:19.006+0000] {logging_mixin.py:188} INFO - [2026-09-14T16:24:19.005+0000] {dag.py:3954} INFO - Setting next_dagrun for fraud_pipeline to None, run_after=None
[2026-09-14T16:24:19.021+0000] {processor.py:183} INFO - Processing /opt/airflow/dags/fraud_pipeline_dag.py took 0.078 seconds
[2026-09-14T16:24:49.191+0000] {processor.py:161} INFO - Started process (PID=394) to work on /opt/airflow/dags/fraud_pipeline_dag.py
[2026-09-14T16:24:49.192+0000] {processor.py:830} INFO - Processing file /opt/airflow/dags/fraud_pipeline_dag.py for tasks to queue
[2026-09-14T16:24:49.193+0000] {logging_mixin.py:188} INFO - [2026-09-14T16:24:49.193+0000] {dagbag.py:540} INFO - Filling up the DagBag from /opt/airflow/dags/fraud_pipeline_dag.py
[2026-09-14T16:24:49.204+0000] {processor.py:840} INFO - DAG(s) 'fraud_pipeline' retrieved from /opt/airflow/dags/fraud_pipeline_dag.py
[2026-09-14T16:24:49.228+0000] {logging_mixin.py:188} INFO - [2026-09-14T16:24:49.228+0000] {dag.py:3096} INFO - Sync 1 DAGs
[2026-09-14T16:24:49.240+0000] {logging_mixin.py:188} INFO - [2026-09-14T16:24:49.240+0000] {dag.py:3954} INFO - Setting next_dagrun for fraud_pipeline to None, run_after=None
[2026-09-14T16:24:49.255+0000] {processor.py:183} INFO - Processing /opt/airflow/dags/fraud_pipeline_dag.py took 0.067 seconds
[2026-09-14T16:25:19.395+0000] {processor.py:161} INFO - Started process (PID=399) to work on /opt/airflow/dags/fraud_pipeline_dag.py
[2026-09-14T16:25:19.396+0000] {processor.py:830} INFO - Processing file /opt/airflow/dags/fraud_pipeline_dag.py for tasks to queue
[2026-09-14T16:25:19.397+0000] {logging_mixin.py:188} INFO - [2026-09-14T16:25:19.397+0000] {dagbag.py:540} INFO - Filling up the DagBag from /opt/airflow/dags/fraud_pipeline_dag.py
[2026-09-14T16:25:19.409+0000] {processor.py:840} INFO - DAG(s) 'fraud_pipeline' retrieved from /opt/airflow/dags/fraud_pipeline_dag.py
[2026-09-14T16:25:19.436+0000] {logging_mixin.py:188} INFO - [2026-09-14T16:25:19.436+0000] {dag.py:3096} INFO - Sync 1 DAGs
[2026-09-14T16:25:19.448+0000] {logging_mixin.py:188} INFO - [2026-09-14T16:25:19.448+0000] {dag.py:3954} INFO - Setting next_dagrun for fraud_pipeline to None, run_after=None
[2026-09-14T16:25:19.465+0000] {processor.py:183} INFO - Processing /opt/airflow/dags/fraud_pipeline_dag.py took 0.074 seconds
[2026-09-14T16:25:49.611+0000] {processor.py:161} INFO - Started process (PID=404) to work on /opt/airflow/dags/fraud_pipeline_dag.py
[2026-09-14T16:25:49.611+0000] {processor.py:830} INFO - Processing file /opt/airflow/dags/fraud_pipeline_dag.py for tasks to queue
[2026-09-14T16:25:49.613+0000] {logging_mixin.py:188} INFO - [2026-09-14T16:25:49.613+0000] {dagbag.py:540} INFO - Filling up the DagBag from /opt/airflow/dags/fraud_pipeline_dag.py
[2026-09-14T16:25:49.626+0000] {processor.py:840} INFO - DAG(s) 'fraud_pipeline' retrieved from /opt/airflow/dags/fraud_pipeline_dag.py
[2026-09-14T16:25:49.652+0000] {logging_mixin.py:188} INFO - [2026-09-14T16:25:49.652+0000] {dag.py:3096} INFO - Sync 1 DAGs
[2026-09-14T16:25:49.663+0000] {logging_mixin.py:188} INFO - [2026-09-14T16:25:49.663+0000] {dag.py:3954} INFO - Setting next_dagrun for fraud_pipeline to None, run_after=None
[2026-09-14T16:25:49.680+0000] {processor.py:183} INFO - Processing /opt/airflow/dags/fraud_pipeline_dag.py took 0.076 seconds
[2026-09-14T16:26:19.830+0000] {processor.py:161} INFO - Started process (PID=409) to work on /opt/airflow/dags/fraud_pipeline_dag.py
[2026-09-14T16:26:19.831+0000] {processor.py:830} INFO - Processing file /opt/airflow/dags/fraud_pipeline_dag.py for tasks to queue
[2026-09-14T16:26:19.832+0000] {logging_mixin.py:188} INFO - [2026-09-14T16:26:19.832+0000] {dagbag.py:540} INFO - Filling up the DagBag from /opt/airflow/dags/fraud_pipeline_dag.py
[2026-09-14T16:26:19.844+0000] {processor.py:840} INFO - DAG(s) 'fraud_pipeline' retrieved from /opt/airflow/dags/fraud_pipeline_dag.py
[2026-09-14T16:26:19.871+0000] {logging_mixin.py:188} INFO - [2026-09-14T16:26:19.871+0000] {dag.py:3096} INFO - Sync 1 DAGs
[2026-09-14T16:26:19.883+0000] {logging_mixin.py:188} INFO - [2026-09-14T16:26:19.883+0000] {dag.py:3954} INFO - Setting next_dagrun for fraud_pipeline to None, run_after=None
[2026-09-14T16:26:19.901+0000] {processor.py:183} INFO - Processing /opt/airflow/dags/fraud_pipeline_dag.py took 0.076 seconds
[2026-09-14T16:26:50.078+0000] {processor.py:161} INFO - Started process (PID=414) to work on /opt/airflow/dags/fraud_pipeline_dag.py
[2026-09-14T16:26:50.079+0000] {processor.py:830} INFO - Processing file /opt/airflow/dags/fraud_pipeline_dag.py for tasks to queue
[2026-09-14T16:26:50.081+0000] {logging_mixin.py:188} INFO - [2026-09-14T16:26:50.081+0000] {dagbag.py:540} INFO - Filling up the DagBag from /opt/airflow/dags/fraud_pipeline_dag.py
[2026-09-14T16:26:50.095+0000] {processor.py:840} INFO - DAG(s) 'fraud_pipeline' retrieved from /opt/airflow/dags/fraud_pipeline_dag.py
[2026-09-14T16:26:50.123+0000] {logging_mixin.py:188} INFO - [2026-09-14T16:26:50.122+0000] {dag.py:3096} INFO - Sync 1 DAGs
[2026-09-14T16:26:50.136+0000] {logging_mixin.py:188} INFO - [2026-09-14T16:26:50.136+0000] {dag.py:3954} INFO - Setting next_dagrun for fraud_pipeline to None, run_after=None
[2026-09-14T16:26:50.157+0000] {processor.py:183} INFO - Processing /opt/airflow/dags/fraud_pipeline_dag.py took 0.084 seconds
[2026-09-14T16:27:20.289+0000] {processor.py:161} INFO - Started process (PID=419) to work on /opt/airflow/dags/fraud_pipeline_dag.py
[2026-09-14T16:27:20.289+0000] {processor.py:830} INFO - Processing file /opt/airflow/dags/fraud_pipeline_dag.py for tasks to queue
[2026-09-14T16:27:20.291+0000] {logging_mixin.py:188} INFO - [2026-09-14T16:27:20.290+0000] {dagbag.py:540} INFO - Filling up the DagBag from /opt/airflow/dags/fraud_pipeline_dag.py
[2026-09-14T16:27:20.302+0000] {processor.py:840} INFO - DAG(s) 'fraud_pipeline' retrieved from /opt/airflow/dags/fraud_pipeline_dag.py
[2026-09-14T16:27:20.327+0000] {logging_mixin.py:188} INFO - [2026-09-14T16:27:20.327+0000] {dag.py:3096} INFO - Sync 1 DAGs
[2026-09-14T16:27:20.338+0000] {logging_mixin.py:188} INFO - [2026-09-14T16:27:20.338+0000] {dag.py:3954} INFO - Setting next_dagrun for fraud_pipeline to None, run_after=None
[2026-09-14T16:27:20.355+0000] {processor.py:183} INFO - Processing /opt/airflow/dags/fraud_pipeline_dag.py took 0.071 seconds
[2026-09-14T16:27:50.565+0000] {processor.py:161} INFO - Started process (PID=424) to work on /opt/airflow/dags/fraud_pipeline_dag.py
[2026-09-14T16:27:50.566+0000] {processor.py:830} INFO - Processing file /opt/airflow/dags/fraud_pipeline_dag.py for tasks to queue
[2026-09-14T16:27:50.567+0000] {logging_mixin.py:188} INFO - [2026-09-14T16:27:50.567+0000] {dagbag.py:540} INFO - Filling up the DagBag from /opt/airflow/dags/fraud_pipeline_dag.py
[2026-09-14T16:27:50.579+0000] {processor.py:840} INFO - DAG(s) 'fraud_pipeline' retrieved from /opt/airflow/dags/fraud_pipeline_dag.py
[2026-09-14T16:27:50.607+0000] {logging_mixin.py:188} INFO - [2026-09-14T16:27:50.607+0000] {dag.py:3096} INFO - Sync 1 DAGs
[2026-09-14T16:27:50.620+0000] {logging_mixin.py:188} INFO - [2026-09-14T16:27:50.619+0000] {dag.py:3954} INFO - Setting next_dagrun for fraud_pipeline to None, run_after=None
[2026-09-14T16:27:50.635+0000] {processor.py:183} INFO - Processing /opt/airflow/dags/fraud_pipeline_dag.py took 0.075 seconds
[2026-09-14T16:28:20.735+0000] {processor.py:161} INFO - Started process (PID=429) to work on /opt/airflow/dags/fraud_pipeline_dag.py
[2026-09-14T16:28:20.736+0000] {processor.py:830} INFO - Processing file /opt/airflow/dags/fraud_pipeline_dag.py for tasks to queue
[2026-09-14T16:28:20.737+0000] {logging_mixin.py:188} INFO - [2026-09-14T16:28:20.737+0000] {dagbag.py:540} INFO - Filling up the DagBag from /opt/airflow/dags/fraud_pipeline_dag.py
[2026-09-14T16:28:20.748+0000] {processor.py:840} INFO - DAG(s) 'fraud_pipeline' retrieved from /opt/airflow/dags/fraud_pipeline_dag.py
[2026-09-14T16:28:20.774+0000] {logging_mixin.py:188} INFO - [2026-09-14T16:28:20.774+0000] {dag.py:3096} INFO - Sync 1 DAGs
[2026-09-14T16:28:20.786+0000] {logging_mixin.py:188} INFO - [2026-09-14T16:28:20.786+0000] {dag.py:3954} INFO - Setting next_dagrun for fraud_pipeline to None, run_after=None
[2026-09-14T16:28:20.803+0000] {processor.py:183} INFO - Processing /opt/airflow/dags/fraud_pipeline_dag.py took 0.073 seconds
[2026-09-14T16:28:50.994+0000] {processor.py:161} INFO - Started process (PID=434) to work on /opt/airflow/dags/fraud_pipeline_dag.py
[2026-09-14T16:28:50.995+0000] {processor.py:830} INFO - Processing file /opt/airflow/dags/fraud_pipeline_dag.py for tasks to queue
[2026-09-14T16:28:50.996+0000] {logging_mixin.py:188} INFO - [2026-09-14T16:28:50.996+0000] {dagbag.py:540} INFO - Filling up the DagBag from /opt/airflow/dags/fraud_pipeline_dag.py
[2026-09-14T16:28:51.010+0000] {processor.py:840} INFO - DAG(s) 'fraud_pipeline' retrieved from /opt/airflow/dags/fraud_pipeline_dag.py
[2026-09-14T16:28:51.038+0000] {logging_mixin.py:188} INFO - [2026-09-14T16:28:51.038+0000] {dag.py:3096} INFO - Sync 1 DAGs
[2026-09-14T16:28:51.051+0000] {logging_mixin.py:188} INFO - [2026-09-14T16:28:51.051+0000] {dag.py:3954} INFO - Setting next_dagrun for fraud_pipeline to None, run_after=None
[2026-09-14T16:28:51.067+0000] {processor.py:183} INFO - Processing /opt/airflow/dags/fraud_pipeline_dag.py took 0.080 seconds
[2026-09-14T16:29:21.195+0000] {processor.py:161} INFO - Started process (PID=439) to work on /opt/airflow/dags/fraud_pipeline_dag.py
[2026-09-14T16:29:21.197+0000] {processor.py:830} INFO - Processing file /opt/airflow/dags/fraud_pipeline_dag.py for tasks to queue
[2026-09-14T16:29:21.198+0000] {logging_mixin.py:188} INFO - [2026-09-14T16:29:21.198+0000] {dagbag.py:540} INFO - Filling up the DagBag from /opt/airflow/dags/fraud_pipeline_dag.py
[2026-09-14T16:29:21.212+0000] {processor.py:840} INFO - DAG(s) 'fraud_pipeline' retrieved from /opt/airflow/dags/fraud_pipeline_dag.py
[2026-09-14T16:29:21.242+0000] {logging_mixin.py:188} INFO - [2026-09-14T16:29:21.242+0000] {dag.py:3096} INFO - Sync 1 DAGs
[2026-09-14T16:29:21.256+0000] {logging_mixin.py:188} INFO - [2026-09-14T16:29:21.255+0000] {dag.py:3954} INFO - Setting next_dagrun for fraud_pipeline to None, run_after=None
[2026-09-14T16:29:21.274+0000] {processor.py:183} INFO - Processing /opt/airflow/dags/fraud_pipeline_dag.py took 0.084 seconds
[2026-09-14T16:29:51.404+0000] {processor.py:161} INFO - Started process (PID=444) to work on /opt/airflow/dags/fraud_pipeline_dag.py
[2026-09-14T16:29:51.405+0000] {processor.py:830} INFO - Processing file /opt/airflow/dags/fraud_pipeline_dag.py for tasks to queue
[2026-09-14T16:29:51.408+0000] {logging_mixin.py:188} INFO - [2026-09-14T16:29:51.408+0000] {dagbag.py:540} INFO - Filling up the DagBag from /opt/airflow/dags/fraud_pipeline_dag.py
[2026-09-14T16:29:51.426+0000] {processor.py:840} INFO - DAG(s) 'fraud_pipeline' retrieved from /opt/airflow/dags/fraud_pipeline_dag.py
[2026-09-14T16:29:51.462+0000] {logging_mixin.py:188} INFO - [2026-09-14T16:29:51.462+0000] {dag.py:3096} INFO - Sync 1 DAGs
[2026-09-14T16:29:51.474+0000] {logging_mixin.py:188} INFO - [2026-09-14T16:29:51.474+0000] {dag.py:3954} INFO - Setting next_dagrun for fraud_pipeline to None, run_after=None
[2026-09-14T16:29:51.493+0000] {processor.py:183} INFO - Processing /opt/airflow/dags/fraud_pipeline_dag.py took 0.099 seconds
[2026-09-14T16:30:21.623+0000] {processor.py:161} INFO - Started process (PID=449) to work on /opt/airflow/dags/fraud_pipeline_dag.py
[2026-09-14T16:30:21.623+0000] {processor.py:830} INFO - Processing file /opt/airflow/dags/fraud_pipeline_dag.py for tasks to queue
[2026-09-14T16:30:21.626+0000] {logging_mixin.py:188} INFO - [2026-09-14T16:30:21.625+0000] {dagbag.py:540} INFO - Filling up the DagBag from /opt/airflow/dags/fraud_pipeline_dag.py
[2026-09-14T16:30:21.644+0000] {processor.py:840} INFO - DAG(s) 'fraud_pipeline' retrieved from /opt/airflow/dags/fraud_pipeline_dag.py
[2026-09-14T16:30:21.679+0000] {logging_mixin.py:188} INFO - [2026-09-14T16:30:21.679+0000] {dag.py:3096} INFO - Sync 1 DAGs
[2026-09-14T16:30:21.695+0000] {logging_mixin.py:188} INFO - [2026-09-14T16:30:21.695+0000] {dag.py:3954} INFO - Setting next_dagrun for fraud_pipeline to None, run_after=None
[2026-09-14T16:30:21.714+0000] {processor.py:183} INFO - Processing /opt/airflow/dags/fraud_pipeline_dag.py took 0.096 seconds
[2026-09-14T16:30:51.827+0000] {processor.py:161} INFO - Started process (PID=454) to work on /opt/airflow/dags/fraud_pipeline_dag.py
[2026-09-14T16:30:51.828+0000] {processor.py:830} INFO - Processing file /opt/airflow/dags/fraud_pipeline_dag.py for tasks to queue
[2026-09-14T16:30:51.830+0000] {logging_mixin.py:188} INFO - [2026-09-14T16:30:51.830+0000] {dagbag.py:540} INFO - Filling up the DagBag from /opt/airflow/dags/fraud_pipeline_dag.py
[2026-09-14T16:30:51.843+0000] {processor.py:840} INFO - DAG(s) 'fraud_pipeline' retrieved from /opt/airflow/dags/fraud_pipeline_dag.py
[2026-09-14T16:30:51.871+0000] {logging_mixin.py:188} INFO - [2026-09-14T16:30:51.871+0000] {dag.py:3096} INFO - Sync 1 DAGs
[2026-09-14T16:30:51.887+0000] {logging_mixin.py:188} INFO - [2026-09-14T16:30:51.886+0000] {dag.py:3954} INFO - Setting next_dagrun for fraud_pipeline to None, run_after=None
[2026-09-14T16:30:51.903+0000] {processor.py:183} INFO - Processing /opt/airflow/dags/fraud_pipeline_dag.py took 0.082 seconds
[2026-09-14T16:31:22.046+0000] {processor.py:161} INFO - Started process (PID=459) to work on /opt/airflow/dags/fraud_pipeline_dag.py
[2026-09-14T16:31:22.047+0000] {processor.py:830} INFO - Processing file /opt/airflow/dags/fraud_pipeline_dag.py for tasks to queue
[2026-09-14T16:31:22.049+0000] {logging_mixin.py:188} INFO - [2026-09-14T16:31:22.048+0000] {dagbag.py:540} INFO - Filling up the DagBag from /opt/airflow/dags/fraud_pipeline_dag.py
[2026-09-14T16:31:22.073+0000] {processor.py:840} INFO - DAG(s) 'fraud_pipeline' retrieved from /opt/airflow/dags/fraud_pipeline_dag.py
[2026-09-14T16:31:22.108+0000] {logging_mixin.py:188} INFO - [2026-09-14T16:31:22.108+0000] {dag.py:3096} INFO - Sync 1 DAGs
[2026-09-14T16:31:22.122+0000] {logging_mixin.py:188} INFO - [2026-09-14T16:31:22.122+0000] {dag.py:3954} INFO - Setting next_dagrun for fraud_pipeline to None, run_after=None
[2026-09-14T16:31:22.136+0000] {processor.py:183} INFO - Processing /opt/airflow/dags/fraud_pipeline_dag.py took 0.097 seconds
[2026-09-14T16:31:52.255+0000] {processor.py:161} INFO - Started process (PID=464) to work on /opt/airflow/dags/fraud_pipeline_dag.py
[2026-09-14T16:31:52.256+0000] {processor.py:830} INFO - Processing file /opt/airflow/dags/fraud_pipeline_dag.py for tasks to queue
[2026-09-14T16:31:52.258+0000] {logging_mixin.py:188} INFO - [2026-09-14T16:31:52.257+0000] {dagbag.py:540} INFO - Filling up the DagBag from /opt/airflow/dags/fraud_pipeline_dag.py
[2026-09-14T16:31:52.274+0000] {processor.py:840} INFO - DAG(s) 'fraud_pipeline' retrieved from /opt/airflow/dags/fraud_pipeline_dag.py
[2026-09-14T16:31:52.300+0000] {logging_mixin.py:188} INFO - [2026-09-14T16:31:52.300+0000] {dag.py:3096} INFO - Sync 1 DAGs
[2026-09-14T16:31:52.314+0000] {logging_mixin.py:188} INFO - [2026-09-14T16:31:52.314+0000] {dag.py:3954} INFO - Setting next_dagrun for fraud_pipeline to None, run_after=None
[2026-09-14T16:31:52.330+0000] {processor.py:183} INFO - Processing /opt/airflow/dags/fraud_pipeline_dag.py took 0.080 seconds
[2026-09-14T16:32:22.499+0000] {processor.py:161} INFO - Started process (PID=469) to work on /opt/airflow/dags/fraud_pipeline_dag.py
[2026-09-14T16:32:22.500+0000] {processor.py:830} INFO - Processing file /opt/airflow/dags/fraud_pipeline_dag.py for tasks to queue
[2026-09-14T16:32:22.502+0000] {logging_mixin.py:188} INFO - [2026-09-14T16:32:22.502+0000] {dagbag.py:540} INFO - Filling up the DagBag from /opt/airflow/dags/fraud_pipeline_dag.py
[2026-09-14T16:32:22.518+0000] {processor.py:840} INFO - DAG(s) 'fraud_pipeline' retrieved from /opt/airflow/dags/fraud_pipeline_dag.py
[2026-09-14T16:32:22.548+0000] {logging_mixin.py:188} INFO - [2026-09-14T16:32:22.548+0000] {dag.py:3096} INFO - Sync 1 DAGs
[2026-09-14T16:32:22.560+0000] {logging_mixin.py:188} INFO - [2026-09-14T16:32:22.560+0000] {dag.py:3954} INFO - Setting next_dagrun for fraud_pipeline to None, run_after=None
[2026-09-14T16:32:22.576+0000] {processor.py:183} INFO - Processing /opt/airflow/dags/fraud_pipeline_dag.py took 0.099 seconds
[2026-09-14T16:32:52.663+0000] {processor.py:161} INFO - Started process (PID=474) to work on /opt/airflow/dags/fraud_pipeline_dag.py
[2026-09-14T16:32:52.664+0000] {processor.py:830} INFO - Processing file /opt/airflow/dags/fraud_pipeline_dag.py for tasks to queue
[2026-09-14T16:32:52.666+0000] {logging_mixin.py:188} INFO - [2026-09-14T16:32:52.665+0000] {dagbag.py:540} INFO - Filling up the DagBag from /opt/airflow/dags/fraud_pipeline_dag.py
[2026-09-14T16:32:52.677+0000] {processor.py:840} INFO - DAG(s) 'fraud_pipeline' retrieved from /opt/airflow/dags/fraud_pipeline_dag.py
[2026-09-14T16:32:52.704+0000] {logging_mixin.py:188} INFO - [2026-09-14T16:32:52.703+0000] {dag.py:3096} INFO - Sync 1 DAGs
[2026-09-14T16:32:52.716+0000] {logging_mixin.py:188} INFO - [2026-09-14T16:32:52.716+0000] {dag.py:3954} INFO - Setting next_dagrun for fraud_pipeline to None, run_after=None
[2026-09-14T16:32:52.733+0000] {processor.py:183} INFO - Processing /opt/airflow/dags/fraud_pipeline_dag.py took 0.074 seconds
[2026-09-14T16:33:22.914+0000] {processor.py:161} INFO - Started process (PID=479) to work on /opt/airflow/dags/fraud_pipeline_dag.py
[2026-09-14T16:33:22.915+0000] {processor.py:830} INFO - Processing file /opt/airflow/dags/fraud_pipeline_dag.py for tasks to queue
[2026-09-14T16:33:22.917+0000] {logging_mixin.py:188} INFO - [2026-09-14T16:33:22.917+0000] {dagbag.py:540} INFO - Filling up the DagBag from /opt/airflow/dags/fraud_pipeline_dag.py
[2026-09-14T16:33:22.936+0000] {processor.py:840} INFO - DAG(s) 'fraud_pipeline' retrieved from /opt/airflow/dags/fraud_pipeline_dag.py
[2026-09-14T16:33:22.969+0000] {logging_mixin.py:188} INFO - [2026-09-14T16:33:22.969+0000] {dag.py:3096} INFO - Sync 1 DAGs
[2026-09-14T16:33:22.980+0000] {logging_mixin.py:188} INFO - [2026-09-14T16:33:22.980+0000] {dag.py:3954} INFO - Setting next_dagrun for fraud_pipeline to None, run_after=None
[2026-09-14T16:33:23.000+0000] {processor.py:183} INFO - Processing /opt/airflow/dags/fraud_pipeline_dag.py took 0.093 seconds
[2026-09-14T16:33:53.070+0000] {processor.py:161} INFO - Started process (PID=484) to work on /opt/airflow/dags/fraud_pipeline_dag.py
[2026-09-14T16:33:53.070+0000] {processor.py:830} INFO - Processing file /opt/airflow/dags/fraud_pipeline_dag.py for tasks to queue
[2026-09-14T16:33:53.072+0000] {logging_mixin.py:188} INFO - [2026-09-14T16:33:53.072+0000] {dagbag.py:540} INFO - Filling up the DagBag from /opt/airflow/dags/fraud_pipeline_dag.py
[2026-09-14T16:33:53.083+0000] {processor.py:840} INFO - DAG(s) 'fraud_pipeline' retrieved from /opt/airflow/dags/fraud_pipeline_dag.py
[2026-09-14T16:33:53.107+0000] {logging_mixin.py:188} INFO - [2026-09-14T16:33:53.107+0000] {dag.py:3096} INFO - Sync 1 DAGs
[2026-09-14T16:33:53.120+0000] {logging_mixin.py:188} INFO - [2026-09-14T16:33:53.119+0000] {dag.py:3954} INFO - Setting next_dagrun for fraud_pipeline to None, run_after=None
[2026-09-14T16:33:53.134+0000] {processor.py:183} INFO - Processing /opt/airflow/dags/fraud_pipeline_dag.py took 0.069 seconds
[2026-09-14T16:34:23.340+0000] {processor.py:161} INFO - Started process (PID=489) to work on /opt/airflow/dags/fraud_pipeline_dag.py
[2026-09-14T16:34:23.341+0000] {processor.py:830} INFO - Processing file /opt/airflow/dags/fraud_pipeline_dag.py for tasks to queue
[2026-09-14T16:34:23.343+0000] {logging_mixin.py:188} INFO - [2026-09-14T16:34:23.342+0000] {dagbag.py:540} INFO - Filling up the DagBag from /opt/airflow/dags/fraud_pipeline_dag.py
[2026-09-14T16:34:23.368+0000] {processor.py:840} INFO - DAG(s) 'fraud_pipeline' retrieved from /opt/airflow/dags/fraud_pipeline_dag.py
[2026-09-14T16:34:23.417+0000] {logging_mixin.py:188} INFO - [2026-09-14T16:34:23.417+0000] {dag.py:3096} INFO - Sync 1 DAGs
[2026-09-14T16:34:23.433+0000] {logging_mixin.py:188} INFO - [2026-09-14T16:34:23.432+0000] {dag.py:3954} INFO - Setting next_dagrun for fraud_pipeline to None, run_after=None
[2026-09-14T16:34:23.451+0000] {processor.py:183} INFO - Processing /opt/airflow/dags/fraud_pipeline_dag.py took 0.118 seconds
[2026-09-14T16:34:53.544+0000] {processor.py:161} INFO - Started process (PID=494) to work on /opt/airflow/dags/fraud_pipeline_dag.py
[2026-09-14T16:34:53.545+0000] {processor.py:830} INFO - Processing file /opt/airflow/dags/fraud_pipeline_dag.py for tasks to queue
[2026-09-14T16:34:53.547+0000] {logging_mixin.py:188} INFO - [2026-09-14T16:34:53.547+0000] {dagbag.py:540} INFO - Filling up the DagBag from /opt/airflow/dags/fraud_pipeline_dag.py
[2026-09-14T16:34:53.559+0000] {processor.py:840} INFO - DAG(s) 'fraud_pipeline' retrieved from /opt/airflow/dags/fraud_pipeline_dag.py
[2026-09-14T16:34:53.586+0000] {logging_mixin.py:188} INFO - [2026-09-14T16:34:53.585+0000] {dag.py:3096} INFO - Sync 1 DAGs
[2026-09-14T16:34:53.598+0000] {logging_mixin.py:188} INFO - [2026-09-14T16:34:53.597+0000] {dag.py:3954} INFO - Setting next_dagrun for fraud_pipeline to None, run_after=None
[2026-09-14T16:34:53.635+0000] {processor.py:183} INFO - Processing /opt/airflow/dags/fraud_pipeline_dag.py took 0.095 seconds
[2026-09-14T16:35:23.830+0000] {processor.py:161} INFO - Started process (PID=499) to work on /opt/airflow/dags/fraud_pipeline_dag.py
[2026-09-14T16:35:23.831+0000] {processor.py:830} INFO - Processing file /opt/airflow/dags/fraud_pipeline_dag.py for tasks to queue
[2026-09-14T16:35:23.832+0000] {logging_mixin.py:188} INFO - [2026-09-14T16:35:23.832+0000] {dagbag.py:540} INFO - Filling up the DagBag from /opt/airflow/dags/fraud_pipeline_dag.py
[2026-09-14T16:35:23.844+0000] {processor.py:840} INFO - DAG(s) 'fraud_pipeline' retrieved from /opt/airflow/dags/fraud_pipeline_dag.py
[2026-09-14T16:35:23.866+0000] {logging_mixin.py:188} INFO - [2026-09-14T16:35:23.866+0000] {dag.py:3096} INFO - Sync 1 DAGs
[2026-09-14T16:35:23.877+0000] {logging_mixin.py:188} INFO - [2026-09-14T16:35:23.877+0000] {dag.py:3954} INFO - Setting next_dagrun for fraud_pipeline to None, run_after=None
[2026-09-14T16:35:23.892+0000] {processor.py:183} INFO - Processing /opt/airflow/dags/fraud_pipeline_dag.py took 0.066 seconds
[2026-09-14T16:35:54.032+0000] {processor.py:161} INFO - Started process (PID=504) to work on /opt/airflow/dags/fraud_pipeline_dag.py
[2026-09-14T16:35:54.033+0000] {processor.py:830} INFO - Processing file /opt/airflow/dags/fraud_pipeline_dag.py for tasks to queue
[2026-09-14T16:35:54.035+0000] {logging_mixin.py:188} INFO - [2026-09-14T16:35:54.035+0000] {dagbag.py:540} INFO - Filling up the DagBag from /opt/airflow/dags/fraud_pipeline_dag.py
[2026-09-14T16:35:54.054+0000] {processor.py:840} INFO - DAG(s) 'fraud_pipeline' retrieved from /opt/airflow/dags/fraud_pipeline_dag.py
[2026-09-14T16:35:54.086+0000] {logging_mixin.py:188} INFO - [2026-09-14T16:35:54.085+0000] {dag.py:3096} INFO - Sync 1 DAGs
[2026-09-14T16:35:54.098+0000] {logging_mixin.py:188} INFO - [2026-09-14T16:35:54.098+0000] {dag.py:3954} INFO - Setting next_dagrun for fraud_pipeline to None, run_after=None
[2026-09-14T16:35:54.114+0000] {processor.py:183} INFO - Processing /opt/airflow/dags/fraud_pipeline_dag.py took 0.088 seconds
[2026-09-14T16:36:24.209+0000] {processor.py:161} INFO - Started process (PID=509) to work on /opt/airflow/dags/fraud_pipeline_dag.py
[2026-09-14T16:36:24.210+0000] {processor.py:830} INFO - Processing file /opt/airflow/dags/fraud_pipeline_dag.py for tasks to queue
[2026-09-14T16:36:24.211+0000] {logging_mixin.py:188} INFO - [2026-09-14T16:36:24.211+0000] {dagbag.py:540} INFO - Filling up the DagBag from /opt/airflow/dags/fraud_pipeline_dag.py
[2026-09-14T16:36:24.223+0000] {processor.py:840} INFO - DAG(s) 'fraud_pipeline' retrieved from /opt/airflow/dags/fraud_pipeline_dag.py
[2026-09-14T16:36:24.249+0000] {logging_mixin.py:188} INFO - [2026-09-14T16:36:24.249+0000] {dag.py:3096} INFO - Sync 1 DAGs
[2026-09-14T16:36:24.261+0000] {logging_mixin.py:188} INFO - [2026-09-14T16:36:24.261+0000] {dag.py:3954} INFO - Setting next_dagrun for fraud_pipeline to None, run_after=None
[2026-09-14T16:36:24.288+0000] {processor.py:183} INFO - Processing /opt/airflow/dags/fraud_pipeline_dag.py took 0.084 seconds
[2026-09-14T16:36:54.453+0000] {processor.py:161} INFO - Started process (PID=514) to work on /opt/airflow/dags/fraud_pipeline_dag.py
[2026-09-14T16:36:54.454+0000] {processor.py:830} INFO - Processing file /opt/airflow/dags/fraud_pipeline_dag.py for tasks to queue
[2026-09-14T16:36:54.456+0000] {logging_mixin.py:188} INFO - [2026-09-14T16:36:54.456+0000] {dagbag.py:540} INFO - Filling up the DagBag from /opt/airflow/dags/fraud_pipeline_dag.py
[2026-09-14T16:36:54.469+0000] {processor.py:840} INFO - DAG(s) 'fraud_pipeline' retrieved from /opt/airflow/dags/fraud_pipeline_dag.py
[2026-09-14T16:36:54.497+0000] {logging_mixin.py:188} INFO - [2026-09-14T16:36:54.497+0000] {dag.py:3096} INFO - Sync 1 DAGs
[2026-09-14T16:36:54.510+0000] {logging_mixin.py:188} INFO - [2026-09-14T16:36:54.509+0000] {dag.py:3954} INFO - Setting next_dagrun for fraud_pipeline to None, run_after=None
[2026-09-14T16:36:54.526+0000] {processor.py:183} INFO - Processing /opt/airflow/dags/fraud_pipeline_dag.py took 0.079 seconds
[2026-09-14T16:37:24.638+0000] {processor.py:161} INFO - Started process (PID=519) to work on /opt/airflow/dags/fraud_pipeline_dag.py
[2026-09-14T16:37:24.639+0000] {processor.py:830} INFO - Processing file /opt/airflow/dags/fraud_pipeline_dag.py for tasks to queue
[2026-09-14T16:37:24.641+0000] {logging_mixin.py:188} INFO - [2026-09-14T16:37:24.641+0000] {dagbag.py:540} INFO - Filling up the DagBag from /opt/airflow/dags/fraud_pipeline_dag.py
[2026-09-14T16:37:24.660+0000] {processor.py:840} INFO - DAG(s) 'fraud_pipeline' retrieved from /opt/airflow/dags/fraud_pipeline_dag.py
[2026-09-14T16:37:24.693+0000] {logging_mixin.py:188} INFO - [2026-09-14T16:37:24.693+0000] {dag.py:3096} INFO - Sync 1 DAGs
[2026-09-14T16:37:24.705+0000] {logging_mixin.py:188} INFO - [2026-09-14T16:37:24.705+0000] {dag.py:3954} INFO - Setting next_dagrun for fraud_pipeline to None, run_after=None
[2026-09-14T16:37:24.721+0000] {processor.py:183} INFO - Processing /opt/airflow/dags/fraud_pipeline_dag.py took 0.089 seconds
[2026-09-14T16:37:54.887+0000] {processor.py:161} INFO - Started process (PID=524) to work on /opt/airflow/dags/fraud_pipeline_dag.py
[2026-09-14T16:37:54.888+0000] {processor.py:830} INFO - Processing file /opt/airflow/dags/fraud_pipeline_dag.py for tasks to queue
[2026-09-14T16:37:54.890+0000] {logging_mixin.py:188} INFO - [2026-09-14T16:37:54.889+0000] {dagbag.py:540} INFO - Filling up the DagBag from /opt/airflow/dags/fraud_pipeline_dag.py
[2026-09-14T16:37:54.905+0000] {processor.py:840} INFO - DAG(s) 'fraud_pipeline' retrieved from /opt/airflow/dags/fraud_pipeline_dag.py
[2026-09-14T16:37:54.930+0000] {logging_mixin.py:188} INFO - [2026-09-14T16:37:54.930+0000] {dag.py:3096} INFO - Sync 1 DAGs
[2026-09-14T16:37:54.942+0000] {logging_mixin.py:188} INFO - [2026-09-14T16:37:54.942+0000] {dag.py:3954} INFO - Setting next_dagrun for fraud_pipeline to None, run_after=None
[2026-09-14T16:37:54.957+0000] {processor.py:183} INFO - Processing /opt/airflow/dags/fraud_pipeline_dag.py took 0.075 seconds
[2026-09-14T16:38:25.091+0000] {processor.py:161} INFO - Started process (PID=529) to work on /opt/airflow/dags/fraud_pipeline_dag.py
[2026-09-14T16:38:25.091+0000] {processor.py:830} INFO - Processing file /opt/airflow/dags/fraud_pipeline_dag.py for tasks to queue
[2026-09-14T16:38:25.093+0000] {logging_mixin.py:188} INFO - [2026-09-14T16:38:25.093+0000] {dagbag.py:540} INFO - Filling up the DagBag from /opt/airflow/dags/fraud_pipeline_dag.py
[2026-09-14T16:38:25.116+0000] {processor.py:840} INFO - DAG(s) 'fraud_pipeline' retrieved from /opt/airflow/dags/fraud_pipeline_dag.py
[2026-09-14T16:38:25.159+0000] {logging_mixin.py:188} INFO - [2026-09-14T16:38:25.159+0000] {dag.py:3096} INFO - Sync 1 DAGs
[2026-09-14T16:38:25.173+0000] {logging_mixin.py:188} INFO - [2026-09-14T16:38:25.173+0000] {dag.py:3954} INFO - Setting next_dagrun for fraud_pipeline to None, run_after=None
[2026-09-14T16:38:25.191+0000] {processor.py:183} INFO - Processing /opt/airflow/dags/fraud_pipeline_dag.py took 0.109 seconds
[2026-09-14T16:38:55.277+0000] {processor.py:161} INFO - Started process (PID=534) to work on /opt/airflow/dags/fraud_pipeline_dag.py
[2026-09-14T16:38:55.278+0000] {processor.py:830} INFO - Processing file /opt/airflow/dags/fraud_pipeline_dag.py for tasks to queue
[2026-09-14T16:38:55.280+0000] {logging_mixin.py:188} INFO - [2026-09-14T16:38:55.280+0000] {dagbag.py:540} INFO - Filling up the DagBag from /opt/airflow/dags/fraud_pipeline_dag.py
[2026-09-14T16:38:55.296+0000] {processor.py:840} INFO - DAG(s) 'fraud_pipeline' retrieved from /opt/airflow/dags/fraud_pipeline_dag.py
[2026-09-14T16:38:55.326+0000] {logging_mixin.py:188} INFO - [2026-09-14T16:38:55.326+0000] {dag.py:3096} INFO - Sync 1 DAGs
[2026-09-14T16:38:55.339+0000] {logging_mixin.py:188} INFO - [2026-09-14T16:38:55.339+0000] {dag.py:3954} INFO - Setting next_dagrun for fraud_pipeline to None, run_after=None
[2026-09-14T16:38:55.376+0000] {processor.py:183} INFO - Processing /opt/airflow/dags/fraud_pipeline_dag.py took 0.109 seconds
[2026-09-14T16:39:25.504+0000] {processor.py:161} INFO - Started process (PID=539) to work on /opt/airflow/dags/fraud_pipeline_dag.py
[2026-09-14T16:39:25.505+0000] {processor.py:830} INFO - Processing file /opt/airflow/dags/fraud_pipeline_dag.py for tasks to queue
[2026-09-14T16:39:25.506+0000] {logging_mixin.py:188} INFO - [2026-09-14T16:39:25.506+0000] {dagbag.py:540} INFO - Filling up the DagBag from /opt/airflow/dags/fraud_pipeline_dag.py
[2026-09-14T16:39:25.518+0000] {processor.py:840} INFO - DAG(s) 'fraud_pipeline' retrieved from /opt/airflow/dags/fraud_pipeline_dag.py
[2026-09-14T16:39:25.544+0000] {logging_mixin.py:188} INFO - [2026-09-14T16:39:25.543+0000] {dag.py:3096} INFO - Sync 1 DAGs
[2026-09-14T16:39:25.555+0000] {logging_mixin.py:188} INFO - [2026-09-14T16:39:25.555+0000] {dag.py:3954} INFO - Setting next_dagrun for fraud_pipeline to None, run_after=None
[2026-09-14T16:39:25.576+0000] {processor.py:183} INFO - Processing /opt/airflow/dags/fraud_pipeline_dag.py took 0.076 seconds
[2026-09-14T16:39:55.693+0000] {processor.py:161} INFO - Started process (PID=544) to work on /opt/airflow/dags/fraud_pipeline_dag.py
[2026-09-14T16:39:55.694+0000] {processor.py:830} INFO - Processing file /opt/airflow/dags/fraud_pipeline_dag.py for tasks to queue
[2026-09-14T16:39:55.696+0000] {logging_mixin.py:188} INFO - [2026-09-14T16:39:55.696+0000] {dagbag.py:540} INFO - Filling up the DagBag from /opt/airflow/dags/fraud_pipeline_dag.py
[2026-09-14T16:39:55.715+0000] {processor.py:840} INFO - DAG(s) 'fraud_pipeline' retrieved from /opt/airflow/dags/fraud_pipeline_dag.py
[2026-09-14T16:39:55.748+0000] {logging_mixin.py:188} INFO - [2026-09-14T16:39:55.748+0000] {dag.py:3096} INFO - Sync 1 DAGs
[2026-09-14T16:39:55.761+0000] {logging_mixin.py:188} INFO - [2026-09-14T16:39:55.761+0000] {dag.py:3954} INFO - Setting next_dagrun for fraud_pipeline to None, run_after=None
[2026-09-14T16:39:55.779+0000] {processor.py:183} INFO - Processing /opt/airflow/dags/fraud_pipeline_dag.py took 0.091 seconds
[2026-09-14T16:40:25.922+0000] {processor.py:161} INFO - Started process (PID=549) to work on /opt/airflow/dags/fraud_pipeline_dag.py
[2026-09-14T16:40:25.923+0000] {processor.py:830} INFO - Processing file /opt/airflow/dags/fraud_pipeline_dag.py for tasks to queue
[2026-09-14T16:40:25.924+0000] {logging_mixin.py:188} INFO - [2026-09-14T16:40:25.924+0000] {dagbag.py:540} INFO - Filling up the DagBag from /opt/airflow/dags/fraud_pipeline_dag.py
[2026-09-14T16:40:25.935+0000] {processor.py:840} INFO - DAG(s) 'fraud_pipeline' retrieved from /opt/airflow/dags/fraud_pipeline_dag.py
[2026-09-14T16:40:25.961+0000] {logging_mixin.py:188} INFO - [2026-09-14T16:40:25.961+0000] {dag.py:3096} INFO - Sync 1 DAGs
[2026-09-14T16:40:25.972+0000] {logging_mixin.py:188} INFO - [2026-09-14T16:40:25.972+0000] {dag.py:3954} INFO - Setting next_dagrun for fraud_pipeline to None, run_after=None
[2026-09-14T16:40:25.989+0000] {processor.py:183} INFO - Processing /opt/airflow/dags/fraud_pipeline_dag.py took 0.072 seconds
[2026-09-14T16:40:56.132+0000] {processor.py:161} INFO - Started process (PID=554) to work on /opt/airflow/dags/fraud_pipeline_dag.py
[2026-09-14T16:40:56.133+0000] {processor.py:830} INFO - Processing file /opt/airflow/dags/fraud_pipeline_dag.py for tasks to queue
[2026-09-14T16:40:56.135+0000] {logging_mixin.py:188} INFO - [2026-09-14T16:40:56.134+0000] {dagbag.py:540} INFO - Filling up the DagBag from /opt/airflow/dags/fraud_pipeline_dag.py
[2026-09-14T16:40:56.147+0000] {processor.py:840} INFO - DAG(s) 'fraud_pipeline' retrieved from /opt/airflow/dags/fraud_pipeline_dag.py
[2026-09-14T16:40:56.170+0000] {logging_mixin.py:188} INFO - [2026-09-14T16:40:56.169+0000] {dag.py:3096} INFO - Sync 1 DAGs
[2026-09-14T16:40:56.183+0000] {logging_mixin.py:188} INFO - [2026-09-14T16:40:56.183+0000] {dag.py:3954} INFO - Setting next_dagrun for fraud_pipeline to None, run_after=None
[2026-09-14T16:40:56.217+0000] {processor.py:183} INFO - Processing /opt/airflow/dags/fraud_pipeline_dag.py took 0.092 seconds
[2026-09-14T16:41:26.322+0000] {processor.py:161} INFO - Started process (PID=559) to work on /opt/airflow/dags/fraud_pipeline_dag.py
[2026-09-14T16:41:26.323+0000] {processor.py:830} INFO - Processing file /opt/airflow/dags/fraud_pipeline_dag.py for tasks to queue
[2026-09-14T16:41:26.325+0000] {logging_mixin.py:188} INFO - [2026-09-14T16:41:26.324+0000] {dagbag.py:540} INFO - Filling up the DagBag from /opt/airflow/dags/fraud_pipeline_dag.py
[2026-09-14T16:41:26.347+0000] {processor.py:840} INFO - DAG(s) 'fraud_pipeline' retrieved from /opt/airflow/dags/fraud_pipeline_dag.py
[2026-09-14T16:41:26.379+0000] {logging_mixin.py:188} INFO - [2026-09-14T16:41:26.379+0000] {dag.py:3096} INFO - Sync 1 DAGs
[2026-09-14T16:41:26.395+0000] {logging_mixin.py:188} INFO - [2026-09-14T16:41:26.395+0000] {dag.py:3954} INFO - Setting next_dagrun for fraud_pipeline to None, run_after=None
[2026-09-14T16:41:26.414+0000] {processor.py:183} INFO - Processing /opt/airflow/dags/fraud_pipeline_dag.py took 0.099 seconds
[2026-09-14T16:41:56.642+0000] {processor.py:161} INFO - Started process (PID=564) to work on /opt/airflow/dags/fraud_pipeline_dag.py
[2026-09-14T16:41:56.643+0000] {processor.py:830} INFO - Processing file /opt/airflow/dags/fraud_pipeline_dag.py for tasks to queue
[2026-09-14T16:41:56.644+0000] {logging_mixin.py:188} INFO - [2026-09-14T16:41:56.644+0000] {dagbag.py:540} INFO - Filling up the DagBag from /opt/airflow/dags/fraud_pipeline_dag.py
[2026-09-14T16:41:56.657+0000] {processor.py:840} INFO - DAG(s) 'fraud_pipeline' retrieved from /opt/airflow/dags/fraud_pipeline_dag.py
[2026-09-14T16:41:56.681+0000] {logging_mixin.py:188} INFO - [2026-09-14T16:41:56.680+0000] {dag.py:3096} INFO - Sync 1 DAGs
[2026-09-14T16:41:56.692+0000] {logging_mixin.py:188} INFO - [2026-09-14T16:41:56.692+0000] {dag.py:3954} INFO - Setting next_dagrun for fraud_pipeline to None, run_after=None
[2026-09-14T16:41:56.707+0000] {processor.py:183} INFO - Processing /opt/airflow/dags/fraud_pipeline_dag.py took 0.070 seconds
[2026-09-14T16:42:26.862+0000] {processor.py:161} INFO - Started process (PID=569) to work on /opt/airflow/dags/fraud_pipeline_dag.py
[2026-09-14T16:42:26.863+0000] {processor.py:830} INFO - Processing file /opt/airflow/dags/fraud_pipeline_dag.py for tasks to queue
[2026-09-14T16:42:26.864+0000] {logging_mixin.py:188} INFO - [2026-09-14T16:42:26.864+0000] {dagbag.py:540} INFO - Filling up the DagBag from /opt/airflow/dags/fraud_pipeline_dag.py
[2026-09-14T16:42:26.876+0000] {processor.py:840} INFO - DAG(s) 'fraud_pipeline' retrieved from /opt/airflow/dags/fraud_pipeline_dag.py
[2026-09-14T16:42:26.901+0000] {logging_mixin.py:188} INFO - [2026-09-14T16:42:26.900+0000] {dag.py:3096} INFO - Sync 1 DAGs
[2026-09-14T16:42:26.912+0000] {logging_mixin.py:188} INFO - [2026-09-14T16:42:26.912+0000] {dag.py:3954} INFO - Setting next_dagrun for fraud_pipeline to None, run_after=None
[2026-09-14T16:42:26.927+0000] {processor.py:183} INFO - Processing /opt/airflow/dags/fraud_pipeline_dag.py took 0.070 seconds
[2026-09-14T16:42:57.027+0000] {processor.py:161} INFO - Started process (PID=574) to work on /opt/airflow/dags/fraud_pipeline_dag.py
[2026-09-14T16:42:57.028+0000] {processor.py:830} INFO - Processing file /opt/airflow/dags/fraud_pipeline_dag.py for tasks to queue
[2026-09-14T16:42:57.029+0000] {logging_mixin.py:188} INFO - [2026-09-14T16:42:57.029+0000] {dagbag.py:540} INFO - Filling up the DagBag from /opt/airflow/dags/fraud_pipeline_dag.py
[2026-09-14T16:42:57.042+0000] {processor.py:840} INFO - DAG(s) 'fraud_pipeline' retrieved from /opt/airflow/dags/fraud_pipeline_dag.py
[2026-09-14T16:42:57.070+0000] {logging_mixin.py:188} INFO - [2026-09-14T16:42:57.070+0000] {dag.py:3096} INFO - Sync 1 DAGs
[2026-09-14T16:42:57.082+0000] {logging_mixin.py:188} INFO - [2026-09-14T16:42:57.082+0000] {dag.py:3954} INFO - Setting next_dagrun for fraud_pipeline to None, run_after=None
[2026-09-14T16:42:57.099+0000] {processor.py:183} INFO - Processing /opt/airflow/dags/fraud_pipeline_dag.py took 0.076 seconds
[2026-09-14T16:43:27.258+0000] {processor.py:161} INFO - Started process (PID=579) to work on /opt/airflow/dags/fraud_pipeline_dag.py
[2026-09-14T16:43:27.259+0000] {processor.py:830} INFO - Processing file /opt/airflow/dags/fraud_pipeline_dag.py for tasks to queue
[2026-09-14T16:43:27.262+0000] {logging_mixin.py:188} INFO - [2026-09-14T16:43:27.261+0000] {dagbag.py:540} INFO - Filling up the DagBag from /opt/airflow/dags/fraud_pipeline_dag.py
[2026-09-14T16:43:27.274+0000] {processor.py:840} INFO - DAG(s) 'fraud_pipeline' retrieved from /opt/airflow/dags/fraud_pipeline_dag.py
[2026-09-14T16:43:27.300+0000] {logging_mixin.py:188} INFO - [2026-09-14T16:43:27.300+0000] {dag.py:3096} INFO - Sync 1 DAGs
[2026-09-14T16:43:27.312+0000] {logging_mixin.py:188} INFO - [2026-09-14T16:43:27.312+0000] {dag.py:3954} INFO - Setting next_dagrun for fraud_pipeline to None, run_after=None
[2026-09-14T16:43:27.326+0000] {processor.py:183} INFO - Processing /opt/airflow/dags/fraud_pipeline_dag.py took 0.074 seconds
[2026-09-14T16:43:57.438+0000] {processor.py:161} INFO - Started process (PID=584) to work on /opt/airflow/dags/fraud_pipeline_dag.py
[2026-09-14T16:43:57.439+0000] {processor.py:830} INFO - Processing file /opt/airflow/dags/fraud_pipeline_dag.py for tasks to queue
[2026-09-14T16:43:57.440+0000] {logging_mixin.py:188} INFO - [2026-09-14T16:43:57.440+0000] {dagbag.py:540} INFO - Filling up the DagBag from /opt/airflow/dags/fraud_pipeline_dag.py
[2026-09-14T16:43:57.452+0000] {processor.py:840} INFO - DAG(s) 'fraud_pipeline' retrieved from /opt/airflow/dags/fraud_pipeline_dag.py
[2026-09-14T16:43:57.477+0000] {logging_mixin.py:188} INFO - [2026-09-14T16:43:57.477+0000] {dag.py:3096} INFO - Sync 1 DAGs
[2026-09-14T16:43:57.489+0000] {logging_mixin.py:188} INFO - [2026-09-14T16:43:57.488+0000] {dag.py:3954} INFO - Setting next_dagrun for fraud_pipeline to None, run_after=None
[2026-09-14T16:43:57.503+0000] {processor.py:183} INFO - Processing /opt/airflow/dags/fraud_pipeline_dag.py took 0.070 seconds
[2026-09-14T16:44:27.654+0000] {processor.py:161} INFO - Started process (PID=589) to work on /opt/airflow/dags/fraud_pipeline_dag.py
[2026-09-14T16:44:27.656+0000] {processor.py:830} INFO - Processing file /opt/airflow/dags/fraud_pipeline_dag.py for tasks to queue
[2026-09-14T16:44:27.658+0000] {logging_mixin.py:188} INFO - [2026-09-14T16:44:27.657+0000] {dagbag.py:540} INFO - Filling up the DagBag from /opt/airflow/dags/fraud_pipeline_dag.py
[2026-09-14T16:44:27.677+0000] {processor.py:840} INFO - DAG(s) 'fraud_pipeline' retrieved from /opt/airflow/dags/fraud_pipeline_dag.py
[2026-09-14T16:44:27.709+0000] {logging_mixin.py:188} INFO - [2026-09-14T16:44:27.709+0000] {dag.py:3096} INFO - Sync 1 DAGs
[2026-09-14T16:44:27.721+0000] {logging_mixin.py:188} INFO - [2026-09-14T16:44:27.721+0000] {dag.py:3954} INFO - Setting next_dagrun for fraud_pipeline to None, run_after=None
[2026-09-14T16:44:27.736+0000] {processor.py:183} INFO - Processing /opt/airflow/dags/fraud_pipeline_dag.py took 0.089 seconds
[2026-09-14T16:44:57.858+0000] {processor.py:161} INFO - Started process (PID=594) to work on /opt/airflow/dags/fraud_pipeline_dag.py
[2026-09-14T16:44:57.858+0000] {processor.py:830} INFO - Processing file /opt/airflow/dags/fraud_pipeline_dag.py for tasks to queue
[2026-09-14T16:44:57.860+0000] {logging_mixin.py:188} INFO - [2026-09-14T16:44:57.860+0000] {dagbag.py:540} INFO - Filling up the DagBag from /opt/airflow/dags/fraud_pipeline_dag.py
[2026-09-14T16:44:57.872+0000] {processor.py:840} INFO - DAG(s) 'fraud_pipeline' retrieved from /opt/airflow/dags/fraud_pipeline_dag.py
[2026-09-14T16:44:57.901+0000] {logging_mixin.py:188} INFO - [2026-09-14T16:44:57.900+0000] {dag.py:3096} INFO - Sync 1 DAGs
[2026-09-14T16:44:57.913+0000] {logging_mixin.py:188} INFO - [2026-09-14T16:44:57.913+0000] {dag.py:3954} INFO - Setting next_dagrun for fraud_pipeline to None, run_after=None
[2026-09-14T16:44:57.927+0000] {processor.py:183} INFO - Processing /opt/airflow/dags/fraud_pipeline_dag.py took 0.074 seconds
[2026-09-14T16:45:28.078+0000] {processor.py:161} INFO - Started process (PID=599) to work on /opt/airflow/dags/fraud_pipeline_dag.py
[2026-09-14T16:45:28.079+0000] {processor.py:830} INFO - Processing file /opt/airflow/dags/fraud_pipeline_dag.py for tasks to queue
[2026-09-14T16:45:28.080+0000] {logging_mixin.py:188} INFO - [2026-09-14T16:45:28.080+0000] {dagbag.py:540} INFO - Filling up the DagBag from /opt/airflow/dags/fraud_pipeline_dag.py
[2026-09-14T16:45:28.134+0000] {processor.py:840} INFO - DAG(s) 'fraud_pipeline' retrieved from /opt/airflow/dags/fraud_pipeline_dag.py
[2026-09-14T16:45:28.187+0000] {logging_mixin.py:188} INFO - [2026-09-14T16:45:28.187+0000] {dag.py:3096} INFO - Sync 1 DAGs
[2026-09-14T16:45:28.200+0000] {logging_mixin.py:188} INFO - [2026-09-14T16:45:28.200+0000] {dag.py:3954} INFO - Setting next_dagrun for fraud_pipeline to None, run_after=None
[2026-09-14T16:45:28.222+0000] {processor.py:183} INFO - Processing /opt/airflow/dags/fraud_pipeline_dag.py took 0.153 seconds
[2026-09-14T16:45:58.251+0000] {processor.py:161} INFO - Started process (PID=604) to work on /opt/airflow/dags/fraud_pipeline_dag.py
[2026-09-14T16:45:58.252+0000] {processor.py:830} INFO - Processing file /opt/airflow/dags/fraud_pipeline_dag.py for tasks to queue
[2026-09-14T16:45:58.253+0000] {logging_mixin.py:188} INFO - [2026-09-14T16:45:58.253+0000] {dagbag.py:540} INFO - Filling up the DagBag from /opt/airflow/dags/fraud_pipeline_dag.py
[2026-09-14T16:45:58.265+0000] {processor.py:840} INFO - DAG(s) 'fraud_pipeline' retrieved from /opt/airflow/dags/fraud_pipeline_dag.py
[2026-09-14T16:45:58.292+0000] {logging_mixin.py:188} INFO - [2026-09-14T16:45:58.292+0000] {dag.py:3096} INFO - Sync 1 DAGs
[2026-09-14T16:45:58.305+0000] {logging_mixin.py:188} INFO - [2026-09-14T16:45:58.304+0000] {dag.py:3954} INFO - Setting next_dagrun for fraud_pipeline to None, run_after=None
[2026-09-14T16:45:58.328+0000] {processor.py:183} INFO - Processing /opt/airflow/dags/fraud_pipeline_dag.py took 0.082 seconds
[2026-09-14T16:46:28.447+0000] {processor.py:161} INFO - Started process (PID=609) to work on /opt/airflow/dags/fraud_pipeline_dag.py
[2026-09-14T16:46:28.448+0000] {processor.py:830} INFO - Processing file /opt/airflow/dags/fraud_pipeline_dag.py for tasks to queue
[2026-09-14T16:46:28.450+0000] {logging_mixin.py:188} INFO - [2026-09-14T16:46:28.449+0000] {dagbag.py:540} INFO - Filling up the DagBag from /opt/airflow/dags/fraud_pipeline_dag.py
[2026-09-14T16:46:28.462+0000] {processor.py:840} INFO - DAG(s) 'fraud_pipeline' retrieved from /opt/airflow/dags/fraud_pipeline_dag.py
[2026-09-14T16:46:28.490+0000] {logging_mixin.py:188} INFO - [2026-09-14T16:46:28.490+0000] {dag.py:3096} INFO - Sync 1 DAGs
[2026-09-14T16:46:28.501+0000] {logging_mixin.py:188} INFO - [2026-09-14T16:46:28.501+0000] {dag.py:3954} INFO - Setting next_dagrun for fraud_pipeline to None, run_after=None
[2026-09-14T16:46:28.518+0000] {processor.py:183} INFO - Processing /opt/airflow/dags/fraud_pipeline_dag.py took 0.075 seconds
[2026-09-14T16:46:58.659+0000] {processor.py:161} INFO - Started process (PID=614) to work on /opt/airflow/dags/fraud_pipeline_dag.py
[2026-09-14T16:46:58.660+0000] {processor.py:830} INFO - Processing file /opt/airflow/dags/fraud_pipeline_dag.py for tasks to queue
[2026-09-14T16:46:58.661+0000] {logging_mixin.py:188} INFO - [2026-09-14T16:46:58.661+0000] {dagbag.py:540} INFO - Filling up the DagBag from /opt/airflow/dags/fraud_pipeline_dag.py
[2026-09-14T16:46:58.672+0000] {processor.py:840} INFO - DAG(s) 'fraud_pipeline' retrieved from /opt/airflow/dags/fraud_pipeline_dag.py
[2026-09-14T16:46:58.697+0000] {logging_mixin.py:188} INFO - [2026-09-14T16:46:58.697+0000] {dag.py:3096} INFO - Sync 1 DAGs
[2026-09-14T16:46:58.709+0000] {logging_mixin.py:188} INFO - [2026-09-14T16:46:58.708+0000] {dag.py:3954} INFO - Setting next_dagrun for fraud_pipeline to None, run_after=None
[2026-09-14T16:46:58.726+0000] {processor.py:183} INFO - Processing /opt/airflow/dags/fraud_pipeline_dag.py took 0.071 seconds
[2026-09-14T16:47:28.872+0000] {processor.py:161} INFO - Started process (PID=619) to work on /opt/airflow/dags/fraud_pipeline_dag.py
[2026-09-14T16:47:28.872+0000] {processor.py:830} INFO - Processing file /opt/airflow/dags/fraud_pipeline_dag.py for tasks to queue
[2026-09-14T16:47:28.874+0000] {logging_mixin.py:188} INFO - [2026-09-14T16:47:28.874+0000] {dagbag.py:540} INFO - Filling up the DagBag from /opt/airflow/dags/fraud_pipeline_dag.py
[2026-09-14T16:47:28.886+0000] {processor.py:840} INFO - DAG(s) 'fraud_pipeline' retrieved from /opt/airflow/dags/fraud_pipeline_dag.py
[2026-09-14T16:47:28.911+0000] {logging_mixin.py:188} INFO - [2026-09-14T16:47:28.911+0000] {dag.py:3096} INFO - Sync 1 DAGs
[2026-09-14T16:47:28.923+0000] {logging_mixin.py:188} INFO - [2026-09-14T16:47:28.923+0000] {dag.py:3954} INFO - Setting next_dagrun for fraud_pipeline to None, run_after=None
[2026-09-14T16:47:28.938+0000] {processor.py:183} INFO - Processing /opt/airflow/dags/fraud_pipeline_dag.py took 0.071 seconds
[2026-09-14T16:47:59.056+0000] {processor.py:161} INFO - Started process (PID=624) to work on /opt/airflow/dags/fraud_pipeline_dag.py
[2026-09-14T16:47:59.058+0000] {processor.py:830} INFO - Processing file /opt/airflow/dags/fraud_pipeline_dag.py for tasks to queue
[2026-09-14T16:47:59.059+0000] {logging_mixin.py:188} INFO - [2026-09-14T16:47:59.059+0000] {dagbag.py:540} INFO - Filling up the DagBag from /opt/airflow/dags/fraud_pipeline_dag.py
[2026-09-14T16:47:59.073+0000] {processor.py:840} INFO - DAG(s) 'fraud_pipeline' retrieved from /opt/airflow/dags/fraud_pipeline_dag.py
[2026-09-14T16:47:59.105+0000] {logging_mixin.py:188} INFO - [2026-09-14T16:47:59.105+0000] {dag.py:3096} INFO - Sync 1 DAGs
[2026-09-14T16:47:59.120+0000] {logging_mixin.py:188} INFO - [2026-09-14T16:47:59.120+0000] {dag.py:3954} INFO - Setting next_dagrun for fraud_pipeline to None, run_after=None
[2026-09-14T16:47:59.140+0000] {processor.py:183} INFO - Processing /opt/airflow/dags/fraud_pipeline_dag.py took 0.088 seconds
[2026-09-14T16:48:29.270+0000] {processor.py:161} INFO - Started process (PID=629) to work on /opt/airflow/dags/fraud_pipeline_dag.py
[2026-09-14T16:48:29.271+0000] {processor.py:830} INFO - Processing file /opt/airflow/dags/fraud_pipeline_dag.py for tasks to queue
[2026-09-14T16:48:29.272+0000] {logging_mixin.py:188} INFO - [2026-09-14T16:48:29.272+0000] {dagbag.py:540} INFO - Filling up the DagBag from /opt/airflow/dags/fraud_pipeline_dag.py
[2026-09-14T16:48:29.292+0000] {processor.py:840} INFO - DAG(s) 'fraud_pipeline' retrieved from /opt/airflow/dags/fraud_pipeline_dag.py
[2026-09-14T16:48:29.320+0000] {logging_mixin.py:188} INFO - [2026-09-14T16:48:29.320+0000] {dag.py:3096} INFO - Sync 1 DAGs
[2026-09-14T16:48:29.332+0000] {logging_mixin.py:188} INFO - [2026-09-14T16:48:29.331+0000] {dag.py:3954} INFO - Setting next_dagrun for fraud_pipeline to None, run_after=None
[2026-09-14T16:48:29.347+0000] {processor.py:183} INFO - Processing /opt/airflow/dags/fraud_pipeline_dag.py took 0.082 seconds
[2026-09-14T16:48:59.477+0000] {processor.py:161} INFO - Started process (PID=634) to work on /opt/airflow/dags/fraud_pipeline_dag.py
[2026-09-14T16:48:59.478+0000] {processor.py:830} INFO - Processing file /opt/airflow/dags/fraud_pipeline_dag.py for tasks to queue
[2026-09-14T16:48:59.480+0000] {logging_mixin.py:188} INFO - [2026-09-14T16:48:59.479+0000] {dagbag.py:540} INFO - Filling up the DagBag from /opt/airflow/dags/fraud_pipeline_dag.py
[2026-09-14T16:48:59.491+0000] {processor.py:840} INFO - DAG(s) 'fraud_pipeline' retrieved from /opt/airflow/dags/fraud_pipeline_dag.py
[2026-09-14T16:48:59.516+0000] {logging_mixin.py:188} INFO - [2026-09-14T16:48:59.516+0000] {dag.py:3096} INFO - Sync 1 DAGs
[2026-09-14T16:48:59.530+0000] {logging_mixin.py:188} INFO - [2026-09-14T16:48:59.530+0000] {dag.py:3954} INFO - Setting next_dagrun for fraud_pipeline to None, run_after=None
[2026-09-14T16:48:59.549+0000] {processor.py:183} INFO - Processing /opt/airflow/dags/fraud_pipeline_dag.py took 0.078 seconds
[2026-09-14T16:49:29.668+0000] {processor.py:161} INFO - Started process (PID=639) to work on /opt/airflow/dags/fraud_pipeline_dag.py
[2026-09-14T16:49:29.668+0000] {processor.py:830} INFO - Processing file /opt/airflow/dags/fraud_pipeline_dag.py for tasks to queue
[2026-09-14T16:49:29.670+0000] {logging_mixin.py:188} INFO - [2026-09-14T16:49:29.669+0000] {dagbag.py:540} INFO - Filling up the DagBag from /opt/airflow/dags/fraud_pipeline_dag.py
[2026-09-14T16:49:29.681+0000] {processor.py:840} INFO - DAG(s) 'fraud_pipeline' retrieved from /opt/airflow/dags/fraud_pipeline_dag.py
[2026-09-14T16:49:29.705+0000] {logging_mixin.py:188} INFO - [2026-09-14T16:49:29.705+0000] {dag.py:3096} INFO - Sync 1 DAGs
[2026-09-14T16:49:29.716+0000] {logging_mixin.py:188} INFO - [2026-09-14T16:49:29.716+0000] {dag.py:3954} INFO - Setting next_dagrun for fraud_pipeline to None, run_after=None
[2026-09-14T16:49:29.732+0000] {processor.py:183} INFO - Processing /opt/airflow/dags/fraud_pipeline_dag.py took 0.068 seconds
[2026-09-14T16:49:59.870+0000] {processor.py:161} INFO - Started process (PID=644) to work on /opt/airflow/dags/fraud_pipeline_dag.py
[2026-09-14T16:49:59.871+0000] {processor.py:830} INFO - Processing file /opt/airflow/dags/fraud_pipeline_dag.py for tasks to queue
[2026-09-14T16:49:59.873+0000] {logging_mixin.py:188} INFO - [2026-09-14T16:49:59.873+0000] {dagbag.py:540} INFO - Filling up the DagBag from /opt/airflow/dags/fraud_pipeline_dag.py
[2026-09-14T16:49:59.888+0000] {processor.py:840} INFO - DAG(s) 'fraud_pipeline' retrieved from /opt/airflow/dags/fraud_pipeline_dag.py
[2026-09-14T16:49:59.914+0000] {logging_mixin.py:188} INFO - [2026-09-14T16:49:59.914+0000] {dag.py:3096} INFO - Sync 1 DAGs
[2026-09-14T16:49:59.926+0000] {logging_mixin.py:188} INFO - [2026-09-14T16:49:59.925+0000] {dag.py:3954} INFO - Setting next_dagrun for fraud_pipeline to None, run_after=None
[2026-09-14T16:49:59.943+0000] {processor.py:183} INFO - Processing /opt/airflow/dags/fraud_pipeline_dag.py took 0.078 seconds
[2026-09-14T16:50:30.107+0000] {processor.py:161} INFO - Started process (PID=649) to work on /opt/airflow/dags/fraud_pipeline_dag.py
[2026-09-14T16:50:30.108+0000] {processor.py:830} INFO - Processing file /opt/airflow/dags/fraud_pipeline_dag.py for tasks to queue
[2026-09-14T16:50:30.109+0000] {logging_mixin.py:188} INFO - [2026-09-14T16:50:30.109+0000] {dagbag.py:540} INFO - Filling up the DagBag from /opt/airflow/dags/fraud_pipeline_dag.py
[2026-09-14T16:50:30.120+0000] {processor.py:840} INFO - DAG(s) 'fraud_pipeline' retrieved from /opt/airflow/dags/fraud_pipeline_dag.py
[2026-09-14T16:50:30.146+0000] {logging_mixin.py:188} INFO - [2026-09-14T16:50:30.146+0000] {dag.py:3096} INFO - Sync 1 DAGs
[2026-09-14T16:50:30.159+0000] {logging_mixin.py:188} INFO - [2026-09-14T16:50:30.159+0000] {dag.py:3954} INFO - Setting next_dagrun for fraud_pipeline to None, run_after=None
[2026-09-14T16:50:30.175+0000] {processor.py:183} INFO - Processing /opt/airflow/dags/fraud_pipeline_dag.py took 0.075 seconds
[2026-09-14T16:51:00.293+0000] {processor.py:161} INFO - Started process (PID=654) to work on /opt/airflow/dags/fraud_pipeline_dag.py
[2026-09-14T16:51:00.293+0000] {processor.py:830} INFO - Processing file /opt/airflow/dags/fraud_pipeline_dag.py for tasks to queue
[2026-09-14T16:51:00.295+0000] {logging_mixin.py:188} INFO - [2026-09-14T16:51:00.294+0000] {dagbag.py:540} INFO - Filling up the DagBag from /opt/airflow/dags/fraud_pipeline_dag.py
[2026-09-14T16:51:00.306+0000] {processor.py:840} INFO - DAG(s) 'fraud_pipeline' retrieved from /opt/airflow/dags/fraud_pipeline_dag.py
[2026-09-14T16:51:00.333+0000] {logging_mixin.py:188} INFO - [2026-09-14T16:51:00.333+0000] {dag.py:3096} INFO - Sync 1 DAGs
[2026-09-14T16:51:00.354+0000] {logging_mixin.py:188} INFO - [2026-09-14T16:51:00.354+0000] {dag.py:3954} INFO - Setting next_dagrun for fraud_pipeline to None, run_after=None
[2026-09-14T16:51:00.396+0000] {processor.py:183} INFO - Processing /opt/airflow/dags/fraud_pipeline_dag.py took 0.108 seconds
[2026-09-14T16:51:30.503+0000] {processor.py:161} INFO - Started process (PID=659) to work on /opt/airflow/dags/fraud_pipeline_dag.py
[2026-09-14T16:51:30.504+0000] {processor.py:830} INFO - Processing file /opt/airflow/dags/fraud_pipeline_dag.py for tasks to queue
[2026-09-14T16:51:30.505+0000] {logging_mixin.py:188} INFO - [2026-09-14T16:51:30.505+0000] {dagbag.py:540} INFO - Filling up the DagBag from /opt/airflow/dags/fraud_pipeline_dag.py
[2026-09-14T16:51:30.518+0000] {processor.py:840} INFO - DAG(s) 'fraud_pipeline' retrieved from /opt/airflow/dags/fraud_pipeline_dag.py
[2026-09-14T16:51:30.550+0000] {logging_mixin.py:188} INFO - [2026-09-14T16:51:30.550+0000] {dag.py:3096} INFO - Sync 1 DAGs
[2026-09-14T16:51:30.562+0000] {logging_mixin.py:188} INFO - [2026-09-14T16:51:30.561+0000] {dag.py:3954} INFO - Setting next_dagrun for fraud_pipeline to None, run_after=None
[2026-09-14T16:51:30.577+0000] {processor.py:183} INFO - Processing /opt/airflow/dags/fraud_pipeline_dag.py took 0.079 seconds
[2026-09-14T16:52:00.777+0000] {processor.py:161} INFO - Started process (PID=664) to work on /opt/airflow/dags/fraud_pipeline_dag.py
[2026-09-14T16:52:00.778+0000] {processor.py:830} INFO - Processing file /opt/airflow/dags/fraud_pipeline_dag.py for tasks to queue
[2026-09-14T16:52:00.780+0000] {logging_mixin.py:188} INFO - [2026-09-14T16:52:00.780+0000] {dagbag.py:540} INFO - Filling up the DagBag from /opt/airflow/dags/fraud_pipeline_dag.py
[2026-09-14T16:52:00.800+0000] {processor.py:840} INFO - DAG(s) 'fraud_pipeline' retrieved from /opt/airflow/dags/fraud_pipeline_dag.py
[2026-09-14T16:52:00.829+0000] {logging_mixin.py:188} INFO - [2026-09-14T16:52:00.828+0000] {dag.py:3096} INFO - Sync 1 DAGs
[2026-09-14T16:52:00.841+0000] {logging_mixin.py:188} INFO - [2026-09-14T16:52:00.841+0000] {dag.py:3954} INFO - Setting next_dagrun for fraud_pipeline to None, run_after=None
[2026-09-14T16:52:00.857+0000] {processor.py:183} INFO - Processing /opt/airflow/dags/fraud_pipeline_dag.py took 0.086 seconds
[2026-09-14T16:52:30.934+0000] {processor.py:161} INFO - Started process (PID=669) to work on /opt/airflow/dags/fraud_pipeline_dag.py
[2026-09-14T16:52:30.935+0000] {processor.py:830} INFO - Processing file /opt/airflow/dags/fraud_pipeline_dag.py for tasks to queue
[2026-09-14T16:52:30.936+0000] {logging_mixin.py:188} INFO - [2026-09-14T16:52:30.936+0000] {dagbag.py:540} INFO - Filling up the DagBag from /opt/airflow/dags/fraud_pipeline_dag.py
[2026-09-14T16:52:30.947+0000] {processor.py:840} INFO - DAG(s) 'fraud_pipeline' retrieved from /opt/airflow/dags/fraud_pipeline_dag.py
[2026-09-14T16:52:30.970+0000] {logging_mixin.py:188} INFO - [2026-09-14T16:52:30.970+0000] {dag.py:3096} INFO - Sync 1 DAGs
[2026-09-14T16:52:30.983+0000] {logging_mixin.py:188} INFO - [2026-09-14T16:52:30.983+0000] {dag.py:3954} INFO - Setting next_dagrun for fraud_pipeline to None, run_after=None
[2026-09-14T16:52:31.000+0000] {processor.py:183} INFO - Processing /opt/airflow/dags/fraud_pipeline_dag.py took 0.071 seconds
[2026-09-14T16:53:01.192+0000] {processor.py:161} INFO - Started process (PID=674) to work on /opt/airflow/dags/fraud_pipeline_dag.py
[2026-09-14T16:53:01.192+0000] {processor.py:830} INFO - Processing file /opt/airflow/dags/fraud_pipeline_dag.py for tasks to queue
[2026-09-14T16:53:01.194+0000] {logging_mixin.py:188} INFO - [2026-09-14T16:53:01.194+0000] {dagbag.py:540} INFO - Filling up the DagBag from /opt/airflow/dags/fraud_pipeline_dag.py
[2026-09-14T16:53:01.209+0000] {processor.py:840} INFO - DAG(s) 'fraud_pipeline' retrieved from /opt/airflow/dags/fraud_pipeline_dag.py
[2026-09-14T16:53:01.237+0000] {logging_mixin.py:188} INFO - [2026-09-14T16:53:01.237+0000] {dag.py:3096} INFO - Sync 1 DAGs
[2026-09-14T16:53:01.250+0000] {logging_mixin.py:188} INFO - [2026-09-14T16:53:01.250+0000] {dag.py:3954} INFO - Setting next_dagrun for fraud_pipeline to None, run_after=None
[2026-09-14T16:53:01.270+0000] {processor.py:183} INFO - Processing /opt/airflow/dags/fraud_pipeline_dag.py took 0.083 seconds
[2026-09-14T16:53:31.377+0000] {processor.py:161} INFO - Started process (PID=679) to work on /opt/airflow/dags/fraud_pipeline_dag.py
[2026-09-14T16:53:31.378+0000] {processor.py:830} INFO - Processing file /opt/airflow/dags/fraud_pipeline_dag.py for tasks to queue
[2026-09-14T16:53:31.380+0000] {logging_mixin.py:188} INFO - [2026-09-14T16:53:31.380+0000] {dagbag.py:540} INFO - Filling up the DagBag from /opt/airflow/dags/fraud_pipeline_dag.py
[2026-09-14T16:53:31.393+0000] {processor.py:840} INFO - DAG(s) 'fraud_pipeline' retrieved from /opt/airflow/dags/fraud_pipeline_dag.py
[2026-09-14T16:53:31.419+0000] {logging_mixin.py:188} INFO - [2026-09-14T16:53:31.418+0000] {dag.py:3096} INFO - Sync 1 DAGs
[2026-09-14T16:53:31.432+0000] {logging_mixin.py:188} INFO - [2026-09-14T16:53:31.432+0000] {dag.py:3954} INFO - Setting next_dagrun for fraud_pipeline to None, run_after=None
[2026-09-14T16:53:31.447+0000] {processor.py:183} INFO - Processing /opt/airflow/dags/fraud_pipeline_dag.py took 0.076 seconds
[2026-09-14T16:54:01.607+0000] {processor.py:161} INFO - Started process (PID=684) to work on /opt/airflow/dags/fraud_pipeline_dag.py
[2026-09-14T16:54:01.608+0000] {processor.py:830} INFO - Processing file /opt/airflow/dags/fraud_pipeline_dag.py for tasks to queue
[2026-09-14T16:54:01.609+0000] {logging_mixin.py:188} INFO - [2026-09-14T16:54:01.609+0000] {dagbag.py:540} INFO - Filling up the DagBag from /opt/airflow/dags/fraud_pipeline_dag.py
[2026-09-14T16:54:01.629+0000] {processor.py:840} INFO - DAG(s) 'fraud_pipeline' retrieved from /opt/airflow/dags/fraud_pipeline_dag.py
[2026-09-14T16:54:01.661+0000] {logging_mixin.py:188} INFO - [2026-09-14T16:54:01.661+0000] {dag.py:3096} INFO - Sync 1 DAGs
[2026-09-14T16:54:01.673+0000] {logging_mixin.py:188} INFO - [2026-09-14T16:54:01.673+0000] {dag.py:3954} INFO - Setting next_dagrun for fraud_pipeline to None, run_after=None
[2026-09-14T16:54:01.688+0000] {processor.py:183} INFO - Processing /opt/airflow/dags/fraud_pipeline_dag.py took 0.086 seconds
[2026-09-14T16:54:31.800+0000] {processor.py:161} INFO - Started process (PID=689) to work on /opt/airflow/dags/fraud_pipeline_dag.py
[2026-09-14T16:54:31.801+0000] {processor.py:830} INFO - Processing file /opt/airflow/dags/fraud_pipeline_dag.py for tasks to queue
[2026-09-14T16:54:31.802+0000] {logging_mixin.py:188} INFO - [2026-09-14T16:54:31.802+0000] {dagbag.py:540} INFO - Filling up the DagBag from /opt/airflow/dags/fraud_pipeline_dag.py
[2026-09-14T16:54:31.813+0000] {processor.py:840} INFO - DAG(s) 'fraud_pipeline' retrieved from /opt/airflow/dags/fraud_pipeline_dag.py
[2026-09-14T16:54:31.837+0000] {logging_mixin.py:188} INFO - [2026-09-14T16:54:31.837+0000] {dag.py:3096} INFO - Sync 1 DAGs
[2026-09-14T16:54:31.849+0000] {logging_mixin.py:188} INFO - [2026-09-14T16:54:31.849+0000] {dag.py:3954} INFO - Setting next_dagrun for fraud_pipeline to None, run_after=None
[2026-09-14T16:54:31.868+0000] {processor.py:183} INFO - Processing /opt/airflow/dags/fraud_pipeline_dag.py took 0.073 seconds
[2026-09-14T16:55:01.992+0000] {processor.py:161} INFO - Started process (PID=694) to work on /opt/airflow/dags/fraud_pipeline_dag.py
[2026-09-14T16:55:01.993+0000] {processor.py:830} INFO - Processing file /opt/airflow/dags/fraud_pipeline_dag.py for tasks to queue
[2026-09-14T16:55:01.994+0000] {logging_mixin.py:188} INFO - [2026-09-14T16:55:01.994+0000] {dagbag.py:540} INFO - Filling up the DagBag from /opt/airflow/dags/fraud_pipeline_dag.py
[2026-09-14T16:55:02.006+0000] {processor.py:840} INFO - DAG(s) 'fraud_pipeline' retrieved from /opt/airflow/dags/fraud_pipeline_dag.py
[2026-09-14T16:55:02.030+0000] {logging_mixin.py:188} INFO - [2026-09-14T16:55:02.030+0000] {dag.py:3096} INFO - Sync 1 DAGs
[2026-09-14T16:55:02.042+0000] {logging_mixin.py:188} INFO - [2026-09-14T16:55:02.042+0000] {dag.py:3954} INFO - Setting next_dagrun for fraud_pipeline to None, run_after=None
[2026-09-14T16:55:02.076+0000] {processor.py:183} INFO - Processing /opt/airflow/dags/fraud_pipeline_dag.py took 0.089 seconds
[2026-09-14T16:55:32.208+0000] {processor.py:161} INFO - Started process (PID=699) to work on /opt/airflow/dags/fraud_pipeline_dag.py
[2026-09-14T16:55:32.208+0000] {processor.py:830} INFO - Processing file /opt/airflow/dags/fraud_pipeline_dag.py for tasks to queue
[2026-09-14T16:55:32.210+0000] {logging_mixin.py:188} INFO - [2026-09-14T16:55:32.210+0000] {dagbag.py:540} INFO - Filling up the DagBag from /opt/airflow/dags/fraud_pipeline_dag.py
[2026-09-14T16:55:32.222+0000] {processor.py:840} INFO - DAG(s) 'fraud_pipeline' retrieved from /opt/airflow/dags/fraud_pipeline_dag.py
[2026-09-14T16:55:32.247+0000] {logging_mixin.py:188} INFO - [2026-09-14T16:55:32.246+0000] {dag.py:3096} INFO - Sync 1 DAGs
[2026-09-14T16:55:32.258+0000] {logging_mixin.py:188} INFO - [2026-09-14T16:55:32.258+0000] {dag.py:3954} INFO - Setting next_dagrun for fraud_pipeline to None, run_after=None
[2026-09-14T16:55:32.273+0000] {processor.py:183} INFO - Processing /opt/airflow/dags/fraud_pipeline_dag.py took 0.072 seconds
[2026-09-14T16:56:02.425+0000] {processor.py:161} INFO - Started process (PID=704) to work on /opt/airflow/dags/fraud_pipeline_dag.py
[2026-09-14T16:56:02.426+0000] {processor.py:830} INFO - Processing file /opt/airflow/dags/fraud_pipeline_dag.py for tasks to queue
[2026-09-14T16:56:02.427+0000] {logging_mixin.py:188} INFO - [2026-09-14T16:56:02.427+0000] {dagbag.py:540} INFO - Filling up the DagBag from /opt/airflow/dags/fraud_pipeline_dag.py
[2026-09-14T16:56:02.441+0000] {processor.py:840} INFO - DAG(s) 'fraud_pipeline' retrieved from /opt/airflow/dags/fraud_pipeline_dag.py
[2026-09-14T16:56:02.467+0000] {logging_mixin.py:188} INFO - [2026-09-14T16:56:02.467+0000] {dag.py:3096} INFO - Sync 1 DAGs
[2026-09-14T16:56:02.479+0000] {logging_mixin.py:188} INFO - [2026-09-14T16:56:02.479+0000] {dag.py:3954} INFO - Setting next_dagrun for fraud_pipeline to None, run_after=None
[2026-09-14T16:56:02.495+0000] {processor.py:183} INFO - Processing /opt/airflow/dags/fraud_pipeline_dag.py took 0.077 seconds
[2026-09-14T16:56:32.641+0000] {processor.py:161} INFO - Started process (PID=709) to work on /opt/airflow/dags/fraud_pipeline_dag.py
[2026-09-14T16:56:32.642+0000] {processor.py:830} INFO - Processing file /opt/airflow/dags/fraud_pipeline_dag.py for tasks to queue
[2026-09-14T16:56:32.644+0000] {logging_mixin.py:188} INFO - [2026-09-14T16:56:32.643+0000] {dagbag.py:540} INFO - Filling up the DagBag from /opt/airflow/dags/fraud_pipeline_dag.py
[2026-09-14T16:56:32.656+0000] {processor.py:840} INFO - DAG(s) 'fraud_pipeline' retrieved from /opt/airflow/dags/fraud_pipeline_dag.py
[2026-09-14T16:56:32.680+0000] {logging_mixin.py:188} INFO - [2026-09-14T16:56:32.680+0000] {dag.py:3096} INFO - Sync 1 DAGs
[2026-09-14T16:56:32.692+0000] {logging_mixin.py:188} INFO - [2026-09-14T16:56:32.692+0000] {dag.py:3954} INFO - Setting next_dagrun for fraud_pipeline to None, run_after=None
[2026-09-14T16:56:32.710+0000] {processor.py:183} INFO - Processing /opt/airflow/dags/fraud_pipeline_dag.py took 0.073 seconds
[2026-09-14T16:57:02.857+0000] {processor.py:161} INFO - Started process (PID=714) to work on /opt/airflow/dags/fraud_pipeline_dag.py
[2026-09-14T16:57:02.858+0000] {processor.py:830} INFO - Processing file /opt/airflow/dags/fraud_pipeline_dag.py for tasks to queue
[2026-09-14T16:57:02.860+0000] {logging_mixin.py:188} INFO - [2026-09-14T16:57:02.859+0000] {dagbag.py:540} INFO - Filling up the DagBag from /opt/airflow/dags/fraud_pipeline_dag.py
[2026-09-14T16:57:02.871+0000] {processor.py:840} INFO - DAG(s) 'fraud_pipeline' retrieved from /opt/airflow/dags/fraud_pipeline_dag.py
[2026-09-14T16:57:02.897+0000] {logging_mixin.py:188} INFO - [2026-09-14T16:57:02.896+0000] {dag.py:3096} INFO - Sync 1 DAGs
[2026-09-14T16:57:02.907+0000] {logging_mixin.py:188} INFO - [2026-09-14T16:57:02.907+0000] {dag.py:3954} INFO - Setting next_dagrun for fraud_pipeline to None, run_after=None
[2026-09-14T16:57:02.921+0000] {processor.py:183} INFO - Processing /opt/airflow/dags/fraud_pipeline_dag.py took 0.069 seconds
[2026-09-14T16:57:33.049+0000] {processor.py:161} INFO - Started process (PID=719) to work on /opt/airflow/dags/fraud_pipeline_dag.py
[2026-09-14T16:57:33.050+0000] {processor.py:830} INFO - Processing file /opt/airflow/dags/fraud_pipeline_dag.py for tasks to queue
[2026-09-14T16:57:33.052+0000] {logging_mixin.py:188} INFO - [2026-09-14T16:57:33.052+0000] {dagbag.py:540} INFO - Filling up the DagBag from /opt/airflow/dags/fraud_pipeline_dag.py
[2026-09-14T16:57:33.067+0000] {processor.py:840} INFO - DAG(s) 'fraud_pipeline' retrieved from /opt/airflow/dags/fraud_pipeline_dag.py
[2026-09-14T16:57:33.098+0000] {logging_mixin.py:188} INFO - [2026-09-14T16:57:33.098+0000] {dag.py:3096} INFO - Sync 1 DAGs
[2026-09-14T16:57:33.110+0000] {logging_mixin.py:188} INFO - [2026-09-14T16:57:33.110+0000] {dag.py:3954} INFO - Setting next_dagrun for fraud_pipeline to None, run_after=None
[2026-09-14T16:57:33.125+0000] {processor.py:183} INFO - Processing /opt/airflow/dags/fraud_pipeline_dag.py took 0.081 seconds
[2026-09-14T16:58:03.243+0000] {processor.py:161} INFO - Started process (PID=724) to work on /opt/airflow/dags/fraud_pipeline_dag.py
[2026-09-14T16:58:03.244+0000] {processor.py:830} INFO - Processing file /opt/airflow/dags/fraud_pipeline_dag.py for tasks to queue
[2026-09-14T16:58:03.246+0000] {logging_mixin.py:188} INFO - [2026-09-14T16:58:03.245+0000] {dagbag.py:540} INFO - Filling up the DagBag from /opt/airflow/dags/fraud_pipeline_dag.py
[2026-09-14T16:58:03.256+0000] {processor.py:840} INFO - DAG(s) 'fraud_pipeline' retrieved from /opt/airflow/dags/fraud_pipeline_dag.py
[2026-09-14T16:58:03.279+0000] {logging_mixin.py:188} INFO - [2026-09-14T16:58:03.279+0000] {dag.py:3096} INFO - Sync 1 DAGs
[2026-09-14T16:58:03.290+0000] {logging_mixin.py:188} INFO - [2026-09-14T16:58:03.290+0000] {dag.py:3954} INFO - Setting next_dagrun for fraud_pipeline to None, run_after=None
[2026-09-14T16:58:03.311+0000] {processor.py:183} INFO - Processing /opt/airflow/dags/fraud_pipeline_dag.py took 0.073 seconds
[2026-09-14T16:58:33.493+0000] {processor.py:161} INFO - Started process (PID=729) to work on /opt/airflow/dags/fraud_pipeline_dag.py
[2026-09-14T16:58:33.494+0000] {processor.py:830} INFO - Processing file /opt/airflow/dags/fraud_pipeline_dag.py for tasks to queue
[2026-09-14T16:58:33.509+0000] {logging_mixin.py:188} INFO - [2026-09-14T16:58:33.509+0000] {dagbag.py:540} INFO - Filling up the DagBag from /opt/airflow/dags/fraud_pipeline_dag.py
[2026-09-14T16:58:33.525+0000] {processor.py:840} INFO - DAG(s) 'fraud_pipeline' retrieved from /opt/airflow/dags/fraud_pipeline_dag.py
[2026-09-14T16:58:33.554+0000] {logging_mixin.py:188} INFO - [2026-09-14T16:58:33.554+0000] {dag.py:3096} INFO - Sync 1 DAGs
[2026-09-14T16:58:33.564+0000] {logging_mixin.py:188} INFO - [2026-09-14T16:58:33.564+0000] {dag.py:3954} INFO - Setting next_dagrun for fraud_pipeline to None, run_after=None
[2026-09-14T16:58:33.578+0000] {processor.py:183} INFO - Processing /opt/airflow/dags/fraud_pipeline_dag.py took 0.090 seconds
[2026-09-14T16:59:03.669+0000] {processor.py:161} INFO - Started process (PID=734) to work on /opt/airflow/dags/fraud_pipeline_dag.py
[2026-09-14T16:59:03.670+0000] {processor.py:830} INFO - Processing file /opt/airflow/dags/fraud_pipeline_dag.py for tasks to queue
[2026-09-14T16:59:03.671+0000] {logging_mixin.py:188} INFO - [2026-09-14T16:59:03.671+0000] {dagbag.py:540} INFO - Filling up the DagBag from /opt/airflow/dags/fraud_pipeline_dag.py
[2026-09-14T16:59:03.682+0000] {processor.py:840} INFO - DAG(s) 'fraud_pipeline' retrieved from /opt/airflow/dags/fraud_pipeline_dag.py
[2026-09-14T16:59:03.704+0000] {logging_mixin.py:188} INFO - [2026-09-14T16:59:03.704+0000] {dag.py:3096} INFO - Sync 1 DAGs
[2026-09-14T16:59:03.714+0000] {logging_mixin.py:188} INFO - [2026-09-14T16:59:03.714+0000] {dag.py:3954} INFO - Setting next_dagrun for fraud_pipeline to None, run_after=None
[2026-09-14T16:59:03.730+0000] {processor.py:183} INFO - Processing /opt/airflow/dags/fraud_pipeline_dag.py took 0.066 seconds
[2026-09-14T16:59:33.914+0000] {processor.py:161} INFO - Started process (PID=739) to work on /opt/airflow/dags/fraud_pipeline_dag.py
[2026-09-14T16:59:33.915+0000] {processor.py:830} INFO - Processing file /opt/airflow/dags/fraud_pipeline_dag.py for tasks to queue
[2026-09-14T16:59:33.916+0000] {logging_mixin.py:188} INFO - [2026-09-14T16:59:33.916+0000] {dagbag.py:540} INFO - Filling up the DagBag from /opt/airflow/dags/fraud_pipeline_dag.py
[2026-09-14T16:59:33.929+0000] {processor.py:840} INFO - DAG(s) 'fraud_pipeline' retrieved from /opt/airflow/dags/fraud_pipeline_dag.py
[2026-09-14T16:59:33.951+0000] {logging_mixin.py:188} INFO - [2026-09-14T16:59:33.951+0000] {dag.py:3096} INFO - Sync 1 DAGs
[2026-09-14T16:59:33.962+0000] {logging_mixin.py:188} INFO - [2026-09-14T16:59:33.961+0000] {dag.py:3954} INFO - Setting next_dagrun for fraud_pipeline to None, run_after=None
[2026-09-14T16:59:33.997+0000] {processor.py:183} INFO - Processing /opt/airflow/dags/fraud_pipeline_dag.py took 0.088 seconds
[2026-09-14T17:00:04.125+0000] {processor.py:161} INFO - Started process (PID=744) to work on /opt/airflow/dags/fraud_pipeline_dag.py
[2026-09-14T17:00:04.126+0000] {processor.py:830} INFO - Processing file /opt/airflow/dags/fraud_pipeline_dag.py for tasks to queue
[2026-09-14T17:00:04.128+0000] {logging_mixin.py:188} INFO - [2026-09-14T17:00:04.127+0000] {dagbag.py:540} INFO - Filling up the DagBag from /opt/airflow/dags/fraud_pipeline_dag.py
[2026-09-14T17:00:04.141+0000] {processor.py:840} INFO - DAG(s) 'fraud_pipeline' retrieved from /opt/airflow/dags/fraud_pipeline_dag.py
[2026-09-14T17:00:04.168+0000] {logging_mixin.py:188} INFO - [2026-09-14T17:00:04.168+0000] {dag.py:3096} INFO - Sync 1 DAGs
[2026-09-14T17:00:04.181+0000] {logging_mixin.py:188} INFO - [2026-09-14T17:00:04.180+0000] {dag.py:3954} INFO - Setting next_dagrun for fraud_pipeline to None, run_after=None
[2026-09-14T17:00:04.196+0000] {processor.py:183} INFO - Processing /opt/airflow/dags/fraud_pipeline_dag.py took 0.078 seconds
[2026-09-14T17:00:34.348+0000] {processor.py:161} INFO - Started process (PID=749) to work on /opt/airflow/dags/fraud_pipeline_dag.py
[2026-09-14T17:00:34.349+0000] {processor.py:830} INFO - Processing file /opt/airflow/dags/fraud_pipeline_dag.py for tasks to queue
[2026-09-14T17:00:34.350+0000] {logging_mixin.py:188} INFO - [2026-09-14T17:00:34.350+0000] {dagbag.py:540} INFO - Filling up the DagBag from /opt/airflow/dags/fraud_pipeline_dag.py
[2026-09-14T17:00:34.364+0000] {processor.py:840} INFO - DAG(s) 'fraud_pipeline' retrieved from /opt/airflow/dags/fraud_pipeline_dag.py
[2026-09-14T17:00:34.393+0000] {logging_mixin.py:188} INFO - [2026-09-14T17:00:34.393+0000] {dag.py:3096} INFO - Sync 1 DAGs
[2026-09-14T17:00:34.407+0000] {logging_mixin.py:188} INFO - [2026-09-14T17:00:34.406+0000] {dag.py:3954} INFO - Setting next_dagrun for fraud_pipeline to None, run_after=None
[2026-09-14T17:00:34.427+0000] {processor.py:183} INFO - Processing /opt/airflow/dags/fraud_pipeline_dag.py took 0.083 seconds
[2026-09-14T17:00:37.377+0000] {processor.py:161} INFO - Started process (PID=754) to work on /opt/airflow/dags/fraud_pipeline_dag.py
[2026-09-14T17:00:37.378+0000] {processor.py:830} INFO - Processing file /opt/airflow/dags/fraud_pipeline_dag.py for tasks to queue
[2026-09-14T17:00:37.380+0000] {logging_mixin.py:188} INFO - [2026-09-14T17:00:37.379+0000] {dagbag.py:540} INFO - Filling up the DagBag from /opt/airflow/dags/fraud_pipeline_dag.py
[2026-09-14T17:00:37.399+0000] {processor.py:840} INFO - DAG(s) 'fraud_pipeline' retrieved from /opt/airflow/dags/fraud_pipeline_dag.py
[2026-09-14T17:00:37.424+0000] {logging_mixin.py:188} INFO - [2026-09-14T17:00:37.424+0000] {dag.py:3096} INFO - Sync 1 DAGs
[2026-09-14T17:00:37.437+0000] {logging_mixin.py:188} INFO - [2026-09-14T17:00:37.437+0000] {dag.py:3954} INFO - Setting next_dagrun for fraud_pipeline to None, run_after=None
[2026-09-14T17:00:37.457+0000] {processor.py:183} INFO - Processing /opt/airflow/dags/fraud_pipeline_dag.py took 0.085 seconds
[2026-09-14T17:00:39.475+0000] {processor.py:161} INFO - Started process (PID=759) to work on /opt/airflow/dags/fraud_pipeline_dag.py
[2026-09-14T17:00:39.476+0000] {processor.py:830} INFO - Processing file /opt/airflow/dags/fraud_pipeline_dag.py for tasks to queue
[2026-09-14T17:00:39.477+0000] {logging_mixin.py:188} INFO - [2026-09-14T17:00:39.477+0000] {dagbag.py:540} INFO - Filling up the DagBag from /opt/airflow/dags/fraud_pipeline_dag.py
[2026-09-14T17:00:39.487+0000] {logging_mixin.py:188} INFO - [2026-09-14T17:00:39.484+0000] {dagbag.py:350} ERROR - Failed to import: /opt/airflow/dags/fraud_pipeline_dag.py
Traceback (most recent call last):
  File "/home/airflow/.local/lib/python3.12/site-packages/airflow/models/dagbag.py", line 346, in parse
    loader.exec_module(new_module)
  File "<frozen importlib._bootstrap_external>", line 991, in exec_module
  File "<frozen importlib._bootstrap_external>", line 1129, in get_code
  File "<frozen importlib._bootstrap_external>", line 1059, in source_to_code
  File "<frozen importlib._bootstrap>", line 488, in _call_with_frames_removed
  File "/opt/airflow/dags/fraud_pipeline_dag.py", line 17
    run_clean(")
              ^
SyntaxError: unterminated string literal (detected at line 17)
[2026-09-14T17:00:39.487+0000] {processor.py:842} WARNING - No viable dags retrieved from /opt/airflow/dags/fraud_pipeline_dag.py
[2026-09-14T17:00:39.507+0000] {processor.py:183} INFO - Processing /opt/airflow/dags/fraud_pipeline_dag.py took 0.038 seconds
[2026-09-14T17:00:41.506+0000] {processor.py:161} INFO - Started process (PID=764) to work on /opt/airflow/dags/fraud_pipeline_dag.py
[2026-09-14T17:00:41.507+0000] {processor.py:830} INFO - Processing file /opt/airflow/dags/fraud_pipeline_dag.py for tasks to queue
[2026-09-14T17:00:41.509+0000] {logging_mixin.py:188} INFO - [2026-09-14T17:00:41.508+0000] {dagbag.py:540} INFO - Filling up the DagBag from /opt/airflow/dags/fraud_pipeline_dag.py
[2026-09-14T17:00:41.528+0000] {processor.py:840} INFO - DAG(s) 'fraud_pipeline' retrieved from /opt/airflow/dags/fraud_pipeline_dag.py
[2026-09-14T17:00:41.553+0000] {logging_mixin.py:188} INFO - [2026-09-14T17:00:41.553+0000] {dag.py:3096} INFO - Sync 1 DAGs
[2026-09-14T17:00:41.566+0000] {logging_mixin.py:188} INFO - [2026-09-14T17:00:41.565+0000] {dag.py:3954} INFO - Setting next_dagrun for fraud_pipeline to None, run_after=None
[2026-09-14T17:00:41.607+0000] {processor.py:183} INFO - Processing /opt/airflow/dags/fraud_pipeline_dag.py took 0.106 seconds
[2026-09-14T17:01:08.697+0000] {processor.py:161} INFO - Started process (PID=769) to work on /opt/airflow/dags/fraud_pipeline_dag.py
[2026-09-14T17:01:08.698+0000] {processor.py:830} INFO - Processing file /opt/airflow/dags/fraud_pipeline_dag.py for tasks to queue
[2026-09-14T17:01:08.700+0000] {logging_mixin.py:188} INFO - [2026-09-14T17:01:08.700+0000] {dagbag.py:540} INFO - Filling up the DagBag from /opt/airflow/dags/fraud_pipeline_dag.py
[2026-09-14T17:01:08.721+0000] {processor.py:840} INFO - DAG(s) 'fraud_pipeline' retrieved from /opt/airflow/dags/fraud_pipeline_dag.py
[2026-09-14T17:01:08.748+0000] {logging_mixin.py:188} INFO - [2026-09-14T17:01:08.748+0000] {dag.py:3096} INFO - Sync 1 DAGs
[2026-09-14T17:01:08.761+0000] {logging_mixin.py:188} INFO - [2026-09-14T17:01:08.761+0000] {dag.py:3954} INFO - Setting next_dagrun for fraud_pipeline to None, run_after=None
[2026-09-14T17:01:08.798+0000] {processor.py:183} INFO - Processing /opt/airflow/dags/fraud_pipeline_dag.py took 0.106 seconds
[2026-09-14T17:01:38.982+0000] {processor.py:161} INFO - Started process (PID=774) to work on /opt/airflow/dags/fraud_pipeline_dag.py
[2026-09-14T17:01:38.983+0000] {processor.py:830} INFO - Processing file /opt/airflow/dags/fraud_pipeline_dag.py for tasks to queue
[2026-09-14T17:01:38.984+0000] {logging_mixin.py:188} INFO - [2026-09-14T17:01:38.984+0000] {dagbag.py:540} INFO - Filling up the DagBag from /opt/airflow/dags/fraud_pipeline_dag.py
[2026-09-14T17:01:38.997+0000] {processor.py:840} INFO - DAG(s) 'fraud_pipeline' retrieved from /opt/airflow/dags/fraud_pipeline_dag.py
[2026-09-14T17:01:39.020+0000] {logging_mixin.py:188} INFO - [2026-09-14T17:01:39.020+0000] {dag.py:3096} INFO - Sync 1 DAGs
[2026-09-14T17:01:39.031+0000] {logging_mixin.py:188} INFO - [2026-09-14T17:01:39.031+0000] {dag.py:3954} INFO - Setting next_dagrun for fraud_pipeline to None, run_after=None
[2026-09-14T17:01:39.045+0000] {processor.py:183} INFO - Processing /opt/airflow/dags/fraud_pipeline_dag.py took 0.068 seconds
[2026-09-14T17:02:09.185+0000] {processor.py:161} INFO - Started process (PID=779) to work on /opt/airflow/dags/fraud_pipeline_dag.py
[2026-09-14T17:02:09.186+0000] {processor.py:830} INFO - Processing file /opt/airflow/dags/fraud_pipeline_dag.py for tasks to queue
[2026-09-14T17:02:09.187+0000] {logging_mixin.py:188} INFO - [2026-09-14T17:02:09.187+0000] {dagbag.py:540} INFO - Filling up the DagBag from /opt/airflow/dags/fraud_pipeline_dag.py
[2026-09-14T17:02:09.206+0000] {processor.py:840} INFO - DAG(s) 'fraud_pipeline' retrieved from /opt/airflow/dags/fraud_pipeline_dag.py
[2026-09-14T17:02:09.236+0000] {logging_mixin.py:188} INFO - [2026-09-14T17:02:09.236+0000] {dag.py:3096} INFO - Sync 1 DAGs
[2026-09-14T17:02:09.251+0000] {logging_mixin.py:188} INFO - [2026-09-14T17:02:09.251+0000] {dag.py:3954} INFO - Setting next_dagrun for fraud_pipeline to None, run_after=None
[2026-09-14T17:02:09.269+0000] {processor.py:183} INFO - Processing /opt/airflow/dags/fraud_pipeline_dag.py took 0.090 seconds
[2026-09-14T17:03:48.930+0000] {processor.py:161} INFO - Started process (PID=185) to work on /opt/airflow/dags/fraud_pipeline_dag.py
[2026-09-14T17:03:48.931+0000] {processor.py:830} INFO - Processing file /opt/airflow/dags/fraud_pipeline_dag.py for tasks to queue
[2026-09-14T17:03:48.933+0000] {logging_mixin.py:188} INFO - [2026-09-14T17:03:48.933+0000] {dagbag.py:540} INFO - Filling up the DagBag from /opt/airflow/dags/fraud_pipeline_dag.py
[2026-09-14T17:03:48.952+0000] {processor.py:840} INFO - DAG(s) 'fraud_pipeline' retrieved from /opt/airflow/dags/fraud_pipeline_dag.py
[2026-09-14T17:03:48.978+0000] {logging_mixin.py:188} INFO - [2026-09-14T17:03:48.978+0000] {dag.py:3096} INFO - Sync 1 DAGs
[2026-09-14T17:03:48.990+0000] {logging_mixin.py:188} INFO - [2026-09-14T17:03:48.989+0000] {dag.py:3954} INFO - Setting next_dagrun for fraud_pipeline to None, run_after=None
[2026-09-14T17:03:49.005+0000] {processor.py:183} INFO - Processing /opt/airflow/dags/fraud_pipeline_dag.py took 0.081 seconds
[2026-09-14T17:04:19.125+0000] {processor.py:161} INFO - Started process (PID=190) to work on /opt/airflow/dags/fraud_pipeline_dag.py
[2026-09-14T17:04:19.125+0000] {processor.py:830} INFO - Processing file /opt/airflow/dags/fraud_pipeline_dag.py for tasks to queue
[2026-09-14T17:04:19.127+0000] {logging_mixin.py:188} INFO - [2026-09-14T17:04:19.126+0000] {dagbag.py:540} INFO - Filling up the DagBag from /opt/airflow/dags/fraud_pipeline_dag.py
[2026-09-14T17:04:19.139+0000] {processor.py:840} INFO - DAG(s) 'fraud_pipeline' retrieved from /opt/airflow/dags/fraud_pipeline_dag.py
[2026-09-14T17:04:19.304+0000] {logging_mixin.py:188} INFO - [2026-09-14T17:04:19.304+0000] {dag.py:3096} INFO - Sync 1 DAGs
[2026-09-14T17:04:19.312+0000] {logging_mixin.py:188} INFO - [2026-09-14T17:04:19.312+0000] {dag.py:3954} INFO - Setting next_dagrun for fraud_pipeline to None, run_after=None
[2026-09-14T17:04:19.330+0000] {processor.py:183} INFO - Processing /opt/airflow/dags/fraud_pipeline_dag.py took 0.210 seconds
[2026-09-14T17:04:49.561+0000] {processor.py:161} INFO - Started process (PID=195) to work on /opt/airflow/dags/fraud_pipeline_dag.py
[2026-09-14T17:04:49.563+0000] {processor.py:830} INFO - Processing file /opt/airflow/dags/fraud_pipeline_dag.py for tasks to queue
[2026-09-14T17:04:49.567+0000] {logging_mixin.py:188} INFO - [2026-09-14T17:04:49.566+0000] {dagbag.py:540} INFO - Filling up the DagBag from /opt/airflow/dags/fraud_pipeline_dag.py
[2026-09-14T17:04:49.601+0000] {processor.py:840} INFO - DAG(s) 'fraud_pipeline' retrieved from /opt/airflow/dags/fraud_pipeline_dag.py
[2026-09-14T17:04:49.645+0000] {logging_mixin.py:188} INFO - [2026-09-14T17:04:49.644+0000] {dag.py:3096} INFO - Sync 1 DAGs
[2026-09-14T17:04:49.665+0000] {logging_mixin.py:188} INFO - [2026-09-14T17:04:49.665+0000] {dag.py:3954} INFO - Setting next_dagrun for fraud_pipeline to None, run_after=None
[2026-09-14T17:04:49.691+0000] {processor.py:183} INFO - Processing /opt/airflow/dags/fraud_pipeline_dag.py took 0.146 seconds
[2026-09-14T17:05:19.868+0000] {processor.py:161} INFO - Started process (PID=213) to work on /opt/airflow/dags/fraud_pipeline_dag.py
[2026-09-14T17:05:19.870+0000] {processor.py:830} INFO - Processing file /opt/airflow/dags/fraud_pipeline_dag.py for tasks to queue
[2026-09-14T17:05:19.872+0000] {logging_mixin.py:188} INFO - [2026-09-14T17:05:19.871+0000] {dagbag.py:540} INFO - Filling up the DagBag from /opt/airflow/dags/fraud_pipeline_dag.py
[2026-09-14T17:05:19.888+0000] {processor.py:840} INFO - DAG(s) 'fraud_pipeline' retrieved from /opt/airflow/dags/fraud_pipeline_dag.py
[2026-09-14T17:05:19.921+0000] {logging_mixin.py:188} INFO - [2026-09-14T17:05:19.920+0000] {dag.py:3096} INFO - Sync 1 DAGs
[2026-09-14T17:05:19.935+0000] {logging_mixin.py:188} INFO - [2026-09-14T17:05:19.934+0000] {dag.py:3954} INFO - Setting next_dagrun for fraud_pipeline to None, run_after=None
[2026-09-14T17:05:19.951+0000] {processor.py:183} INFO - Processing /opt/airflow/dags/fraud_pipeline_dag.py took 0.090 seconds
[2026-09-14T17:05:50.030+0000] {processor.py:161} INFO - Started process (PID=218) to work on /opt/airflow/dags/fraud_pipeline_dag.py
[2026-09-14T17:05:50.031+0000] {processor.py:830} INFO - Processing file /opt/airflow/dags/fraud_pipeline_dag.py for tasks to queue
[2026-09-14T17:05:50.033+0000] {logging_mixin.py:188} INFO - [2026-09-14T17:05:50.033+0000] {dagbag.py:540} INFO - Filling up the DagBag from /opt/airflow/dags/fraud_pipeline_dag.py
[2026-09-14T17:05:50.045+0000] {processor.py:840} INFO - DAG(s) 'fraud_pipeline' retrieved from /opt/airflow/dags/fraud_pipeline_dag.py
[2026-09-14T17:05:50.073+0000] {logging_mixin.py:188} INFO - [2026-09-14T17:05:50.073+0000] {dag.py:3096} INFO - Sync 1 DAGs
[2026-09-14T17:05:50.087+0000] {logging_mixin.py:188} INFO - [2026-09-14T17:05:50.086+0000] {dag.py:3954} INFO - Setting next_dagrun for fraud_pipeline to None, run_after=None
[2026-09-14T17:05:50.108+0000] {processor.py:183} INFO - Processing /opt/airflow/dags/fraud_pipeline_dag.py took 0.083 seconds
[2026-09-14T17:06:20.282+0000] {processor.py:161} INFO - Started process (PID=223) to work on /opt/airflow/dags/fraud_pipeline_dag.py
[2026-09-14T17:06:20.283+0000] {processor.py:830} INFO - Processing file /opt/airflow/dags/fraud_pipeline_dag.py for tasks to queue
[2026-09-14T17:06:20.284+0000] {logging_mixin.py:188} INFO - [2026-09-14T17:06:20.284+0000] {dagbag.py:540} INFO - Filling up the DagBag from /opt/airflow/dags/fraud_pipeline_dag.py
[2026-09-14T17:06:20.297+0000] {processor.py:840} INFO - DAG(s) 'fraud_pipeline' retrieved from /opt/airflow/dags/fraud_pipeline_dag.py
[2026-09-14T17:06:20.322+0000] {logging_mixin.py:188} INFO - [2026-09-14T17:06:20.322+0000] {dag.py:3096} INFO - Sync 1 DAGs
[2026-09-14T17:06:20.334+0000] {logging_mixin.py:188} INFO - [2026-09-14T17:06:20.334+0000] {dag.py:3954} INFO - Setting next_dagrun for fraud_pipeline to None, run_after=None
[2026-09-14T17:06:20.350+0000] {processor.py:183} INFO - Processing /opt/airflow/dags/fraud_pipeline_dag.py took 0.074 seconds
[2026-09-14T17:06:50.472+0000] {processor.py:161} INFO - Started process (PID=228) to work on /opt/airflow/dags/fraud_pipeline_dag.py
[2026-09-14T17:06:50.472+0000] {processor.py:830} INFO - Processing file /opt/airflow/dags/fraud_pipeline_dag.py for tasks to queue
[2026-09-14T17:06:50.474+0000] {logging_mixin.py:188} INFO - [2026-09-14T17:06:50.474+0000] {dagbag.py:540} INFO - Filling up the DagBag from /opt/airflow/dags/fraud_pipeline_dag.py
[2026-09-14T17:06:50.487+0000] {processor.py:840} INFO - DAG(s) 'fraud_pipeline' retrieved from /opt/airflow/dags/fraud_pipeline_dag.py
[2026-09-14T17:06:50.515+0000] {logging_mixin.py:188} INFO - [2026-09-14T17:06:50.515+0000] {dag.py:3096} INFO - Sync 1 DAGs
[2026-09-14T17:06:50.528+0000] {logging_mixin.py:188} INFO - [2026-09-14T17:06:50.527+0000] {dag.py:3954} INFO - Setting next_dagrun for fraud_pipeline to None, run_after=None
[2026-09-14T17:06:50.548+0000] {processor.py:183} INFO - Processing /opt/airflow/dags/fraud_pipeline_dag.py took 0.080 seconds
[2026-09-14T17:07:20.699+0000] {processor.py:161} INFO - Started process (PID=233) to work on /opt/airflow/dags/fraud_pipeline_dag.py
[2026-09-14T17:07:20.700+0000] {processor.py:830} INFO - Processing file /opt/airflow/dags/fraud_pipeline_dag.py for tasks to queue
[2026-09-14T17:07:20.702+0000] {logging_mixin.py:188} INFO - [2026-09-14T17:07:20.701+0000] {dagbag.py:540} INFO - Filling up the DagBag from /opt/airflow/dags/fraud_pipeline_dag.py
[2026-09-14T17:07:20.716+0000] {processor.py:840} INFO - DAG(s) 'fraud_pipeline' retrieved from /opt/airflow/dags/fraud_pipeline_dag.py
[2026-09-14T17:07:20.751+0000] {logging_mixin.py:188} INFO - [2026-09-14T17:07:20.751+0000] {dag.py:3096} INFO - Sync 1 DAGs
[2026-09-14T17:07:20.765+0000] {logging_mixin.py:188} INFO - [2026-09-14T17:07:20.765+0000] {dag.py:3954} INFO - Setting next_dagrun for fraud_pipeline to None, run_after=None
[2026-09-14T17:07:20.806+0000] {processor.py:183} INFO - Processing /opt/airflow/dags/fraud_pipeline_dag.py took 0.114 seconds
[2026-09-14T17:07:50.902+0000] {processor.py:161} INFO - Started process (PID=238) to work on /opt/airflow/dags/fraud_pipeline_dag.py
[2026-09-14T17:07:50.903+0000] {processor.py:830} INFO - Processing file /opt/airflow/dags/fraud_pipeline_dag.py for tasks to queue
[2026-09-14T17:07:50.904+0000] {logging_mixin.py:188} INFO - [2026-09-14T17:07:50.904+0000] {dagbag.py:540} INFO - Filling up the DagBag from /opt/airflow/dags/fraud_pipeline_dag.py
[2026-09-14T17:07:50.917+0000] {processor.py:840} INFO - DAG(s) 'fraud_pipeline' retrieved from /opt/airflow/dags/fraud_pipeline_dag.py
[2026-09-14T17:07:50.944+0000] {logging_mixin.py:188} INFO - [2026-09-14T17:07:50.944+0000] {dag.py:3096} INFO - Sync 1 DAGs
[2026-09-14T17:07:50.958+0000] {logging_mixin.py:188} INFO - [2026-09-14T17:07:50.958+0000] {dag.py:3954} INFO - Setting next_dagrun for fraud_pipeline to None, run_after=None
[2026-09-14T17:07:50.981+0000] {processor.py:183} INFO - Processing /opt/airflow/dags/fraud_pipeline_dag.py took 0.085 seconds
[2026-09-14T17:08:21.138+0000] {processor.py:161} INFO - Started process (PID=243) to work on /opt/airflow/dags/fraud_pipeline_dag.py
[2026-09-14T17:08:21.138+0000] {processor.py:830} INFO - Processing file /opt/airflow/dags/fraud_pipeline_dag.py for tasks to queue
[2026-09-14T17:08:21.140+0000] {logging_mixin.py:188} INFO - [2026-09-14T17:08:21.140+0000] {dagbag.py:540} INFO - Filling up the DagBag from /opt/airflow/dags/fraud_pipeline_dag.py
[2026-09-14T17:08:21.151+0000] {processor.py:840} INFO - DAG(s) 'fraud_pipeline' retrieved from /opt/airflow/dags/fraud_pipeline_dag.py
[2026-09-14T17:08:21.178+0000] {logging_mixin.py:188} INFO - [2026-09-14T17:08:21.177+0000] {dag.py:3096} INFO - Sync 1 DAGs
[2026-09-14T17:08:21.191+0000] {logging_mixin.py:188} INFO - [2026-09-14T17:08:21.191+0000] {dag.py:3954} INFO - Setting next_dagrun for fraud_pipeline to None, run_after=None
[2026-09-14T17:08:21.230+0000] {processor.py:183} INFO - Processing /opt/airflow/dags/fraud_pipeline_dag.py took 0.096 seconds
[2026-09-14T17:08:51.325+0000] {processor.py:161} INFO - Started process (PID=248) to work on /opt/airflow/dags/fraud_pipeline_dag.py
[2026-09-14T17:08:51.326+0000] {processor.py:830} INFO - Processing file /opt/airflow/dags/fraud_pipeline_dag.py for tasks to queue
[2026-09-14T17:08:51.327+0000] {logging_mixin.py:188} INFO - [2026-09-14T17:08:51.327+0000] {dagbag.py:540} INFO - Filling up the DagBag from /opt/airflow/dags/fraud_pipeline_dag.py
[2026-09-14T17:08:51.339+0000] {processor.py:840} INFO - DAG(s) 'fraud_pipeline' retrieved from /opt/airflow/dags/fraud_pipeline_dag.py
[2026-09-14T17:08:51.365+0000] {logging_mixin.py:188} INFO - [2026-09-14T17:08:51.365+0000] {dag.py:3096} INFO - Sync 1 DAGs
[2026-09-14T17:08:51.377+0000] {logging_mixin.py:188} INFO - [2026-09-14T17:08:51.377+0000] {dag.py:3954} INFO - Setting next_dagrun for fraud_pipeline to None, run_after=None
[2026-09-14T17:08:51.396+0000] {processor.py:183} INFO - Processing /opt/airflow/dags/fraud_pipeline_dag.py took 0.075 seconds
[2026-09-14T17:10:29.947+0000] {processor.py:161} INFO - Started process (PID=185) to work on /opt/airflow/dags/fraud_pipeline_dag.py
[2026-09-14T17:10:29.948+0000] {processor.py:830} INFO - Processing file /opt/airflow/dags/fraud_pipeline_dag.py for tasks to queue
[2026-09-14T17:10:29.951+0000] {logging_mixin.py:188} INFO - [2026-09-14T17:10:29.950+0000] {dagbag.py:540} INFO - Filling up the DagBag from /opt/airflow/dags/fraud_pipeline_dag.py
[2026-09-14T17:10:29.970+0000] {processor.py:840} INFO - DAG(s) 'fraud_pipeline' retrieved from /opt/airflow/dags/fraud_pipeline_dag.py
[2026-09-14T17:10:30.001+0000] {logging_mixin.py:188} INFO - [2026-09-14T17:10:30.001+0000] {dag.py:3096} INFO - Sync 1 DAGs
[2026-09-14T17:10:30.015+0000] {logging_mixin.py:188} INFO - [2026-09-14T17:10:30.014+0000] {dag.py:3954} INFO - Setting next_dagrun for fraud_pipeline to None, run_after=None
[2026-09-14T17:10:30.035+0000] {processor.py:183} INFO - Processing /opt/airflow/dags/fraud_pipeline_dag.py took 0.093 seconds
[2026-09-14T17:11:00.151+0000] {processor.py:161} INFO - Started process (PID=193) to work on /opt/airflow/dags/fraud_pipeline_dag.py
[2026-09-14T17:11:00.152+0000] {processor.py:830} INFO - Processing file /opt/airflow/dags/fraud_pipeline_dag.py for tasks to queue
[2026-09-14T17:11:00.155+0000] {logging_mixin.py:188} INFO - [2026-09-14T17:11:00.155+0000] {dagbag.py:540} INFO - Filling up the DagBag from /opt/airflow/dags/fraud_pipeline_dag.py
[2026-09-14T17:11:00.176+0000] {processor.py:840} INFO - DAG(s) 'fraud_pipeline' retrieved from /opt/airflow/dags/fraud_pipeline_dag.py
[2026-09-14T17:11:00.465+0000] {logging_mixin.py:188} INFO - [2026-09-14T17:11:00.465+0000] {dag.py:3096} INFO - Sync 1 DAGs
[2026-09-14T17:11:00.477+0000] {logging_mixin.py:188} INFO - [2026-09-14T17:11:00.476+0000] {dag.py:3954} INFO - Setting next_dagrun for fraud_pipeline to None, run_after=None
[2026-09-14T17:11:00.498+0000] {processor.py:183} INFO - Processing /opt/airflow/dags/fraud_pipeline_dag.py took 0.358 seconds
[2026-09-14T17:11:30.677+0000] {processor.py:161} INFO - Started process (PID=207) to work on /opt/airflow/dags/fraud_pipeline_dag.py
[2026-09-14T17:11:30.678+0000] {processor.py:830} INFO - Processing file /opt/airflow/dags/fraud_pipeline_dag.py for tasks to queue
[2026-09-14T17:11:30.679+0000] {logging_mixin.py:188} INFO - [2026-09-14T17:11:30.679+0000] {dagbag.py:540} INFO - Filling up the DagBag from /opt/airflow/dags/fraud_pipeline_dag.py
[2026-09-14T17:11:30.690+0000] {processor.py:840} INFO - DAG(s) 'fraud_pipeline' retrieved from /opt/airflow/dags/fraud_pipeline_dag.py
[2026-09-14T17:11:30.714+0000] {logging_mixin.py:188} INFO - [2026-09-14T17:11:30.714+0000] {dag.py:3096} INFO - Sync 1 DAGs
[2026-09-14T17:11:30.726+0000] {logging_mixin.py:188} INFO - [2026-09-14T17:11:30.726+0000] {dag.py:3954} INFO - Setting next_dagrun for fraud_pipeline to None, run_after=None
[2026-09-14T17:11:30.785+0000] {processor.py:183} INFO - Processing /opt/airflow/dags/fraud_pipeline_dag.py took 0.113 seconds
[2026-09-14T17:12:00.837+0000] {processor.py:161} INFO - Started process (PID=212) to work on /opt/airflow/dags/fraud_pipeline_dag.py
[2026-09-14T17:12:00.839+0000] {processor.py:830} INFO - Processing file /opt/airflow/dags/fraud_pipeline_dag.py for tasks to queue
[2026-09-14T17:12:00.843+0000] {logging_mixin.py:188} INFO - [2026-09-14T17:12:00.842+0000] {dagbag.py:540} INFO - Filling up the DagBag from /opt/airflow/dags/fraud_pipeline_dag.py
[2026-09-14T17:12:00.857+0000] {processor.py:840} INFO - DAG(s) 'fraud_pipeline' retrieved from /opt/airflow/dags/fraud_pipeline_dag.py
[2026-09-14T17:12:00.884+0000] {logging_mixin.py:188} INFO - [2026-09-14T17:12:00.884+0000] {dag.py:3096} INFO - Sync 1 DAGs
[2026-09-14T17:12:00.897+0000] {logging_mixin.py:188} INFO - [2026-09-14T17:12:00.897+0000] {dag.py:3954} INFO - Setting next_dagrun for fraud_pipeline to None, run_after=None
[2026-09-14T17:12:00.923+0000] {processor.py:183} INFO - Processing /opt/airflow/dags/fraud_pipeline_dag.py took 0.095 seconds
[2026-09-14T17:12:30.982+0000] {processor.py:161} INFO - Started process (PID=217) to work on /opt/airflow/dags/fraud_pipeline_dag.py
[2026-09-14T17:12:30.983+0000] {processor.py:830} INFO - Processing file /opt/airflow/dags/fraud_pipeline_dag.py for tasks to queue
[2026-09-14T17:12:30.985+0000] {logging_mixin.py:188} INFO - [2026-09-14T17:12:30.985+0000] {dagbag.py:540} INFO - Filling up the DagBag from /opt/airflow/dags/fraud_pipeline_dag.py
[2026-09-14T17:12:31.000+0000] {processor.py:840} INFO - DAG(s) 'fraud_pipeline' retrieved from /opt/airflow/dags/fraud_pipeline_dag.py
[2026-09-14T17:12:31.027+0000] {logging_mixin.py:188} INFO - [2026-09-14T17:12:31.027+0000] {dag.py:3096} INFO - Sync 1 DAGs
[2026-09-14T17:12:31.040+0000] {logging_mixin.py:188} INFO - [2026-09-14T17:12:31.039+0000] {dag.py:3954} INFO - Setting next_dagrun for fraud_pipeline to None, run_after=None
[2026-09-14T17:12:31.057+0000] {processor.py:183} INFO - Processing /opt/airflow/dags/fraud_pipeline_dag.py took 0.080 seconds
[2026-09-14T17:13:01.211+0000] {processor.py:161} INFO - Started process (PID=222) to work on /opt/airflow/dags/fraud_pipeline_dag.py
[2026-09-14T17:13:01.212+0000] {processor.py:830} INFO - Processing file /opt/airflow/dags/fraud_pipeline_dag.py for tasks to queue
[2026-09-14T17:13:01.215+0000] {logging_mixin.py:188} INFO - [2026-09-14T17:13:01.214+0000] {dagbag.py:540} INFO - Filling up the DagBag from /opt/airflow/dags/fraud_pipeline_dag.py
[2026-09-14T17:13:01.232+0000] {processor.py:840} INFO - DAG(s) 'fraud_pipeline' retrieved from /opt/airflow/dags/fraud_pipeline_dag.py
[2026-09-14T17:13:01.264+0000] {logging_mixin.py:188} INFO - [2026-09-14T17:13:01.263+0000] {dag.py:3096} INFO - Sync 1 DAGs
[2026-09-14T17:13:01.279+0000] {logging_mixin.py:188} INFO - [2026-09-14T17:13:01.278+0000] {dag.py:3954} INFO - Setting next_dagrun for fraud_pipeline to None, run_after=None
[2026-09-14T17:13:01.301+0000] {processor.py:183} INFO - Processing /opt/airflow/dags/fraud_pipeline_dag.py took 0.097 seconds
[2026-09-14T17:13:31.366+0000] {processor.py:161} INFO - Started process (PID=227) to work on /opt/airflow/dags/fraud_pipeline_dag.py
[2026-09-14T17:13:31.366+0000] {processor.py:830} INFO - Processing file /opt/airflow/dags/fraud_pipeline_dag.py for tasks to queue
[2026-09-14T17:13:31.368+0000] {logging_mixin.py:188} INFO - [2026-09-14T17:13:31.368+0000] {dagbag.py:540} INFO - Filling up the DagBag from /opt/airflow/dags/fraud_pipeline_dag.py
[2026-09-14T17:13:31.382+0000] {processor.py:840} INFO - DAG(s) 'fraud_pipeline' retrieved from /opt/airflow/dags/fraud_pipeline_dag.py
[2026-09-14T17:13:31.413+0000] {logging_mixin.py:188} INFO - [2026-09-14T17:13:31.412+0000] {dag.py:3096} INFO - Sync 1 DAGs
[2026-09-14T17:13:31.428+0000] {logging_mixin.py:188} INFO - [2026-09-14T17:13:31.428+0000] {dag.py:3954} INFO - Setting next_dagrun for fraud_pipeline to None, run_after=None
[2026-09-14T17:13:31.445+0000] {processor.py:183} INFO - Processing /opt/airflow/dags/fraud_pipeline_dag.py took 0.085 seconds
[2026-09-14T17:14:01.591+0000] {processor.py:161} INFO - Started process (PID=232) to work on /opt/airflow/dags/fraud_pipeline_dag.py
[2026-09-14T17:14:01.592+0000] {processor.py:830} INFO - Processing file /opt/airflow/dags/fraud_pipeline_dag.py for tasks to queue
[2026-09-14T17:14:01.593+0000] {logging_mixin.py:188} INFO - [2026-09-14T17:14:01.593+0000] {dagbag.py:540} INFO - Filling up the DagBag from /opt/airflow/dags/fraud_pipeline_dag.py
[2026-09-14T17:14:01.611+0000] {processor.py:840} INFO - DAG(s) 'fraud_pipeline' retrieved from /opt/airflow/dags/fraud_pipeline_dag.py
[2026-09-14T17:14:01.646+0000] {logging_mixin.py:188} INFO - [2026-09-14T17:14:01.646+0000] {dag.py:3096} INFO - Sync 1 DAGs
[2026-09-14T17:14:01.665+0000] {logging_mixin.py:188} INFO - [2026-09-14T17:14:01.665+0000] {dag.py:3954} INFO - Setting next_dagrun for fraud_pipeline to None, run_after=None
[2026-09-14T17:14:01.685+0000] {processor.py:183} INFO - Processing /opt/airflow/dags/fraud_pipeline_dag.py took 0.099 seconds
[2026-09-14T17:14:31.744+0000] {processor.py:161} INFO - Started process (PID=237) to work on /opt/airflow/dags/fraud_pipeline_dag.py
[2026-09-14T17:14:31.745+0000] {processor.py:830} INFO - Processing file /opt/airflow/dags/fraud_pipeline_dag.py for tasks to queue
[2026-09-14T17:14:31.747+0000] {logging_mixin.py:188} INFO - [2026-09-14T17:14:31.746+0000] {dagbag.py:540} INFO - Filling up the DagBag from /opt/airflow/dags/fraud_pipeline_dag.py
[2026-09-14T17:14:31.761+0000] {processor.py:840} INFO - DAG(s) 'fraud_pipeline' retrieved from /opt/airflow/dags/fraud_pipeline_dag.py
[2026-09-14T17:14:31.800+0000] {logging_mixin.py:188} INFO - [2026-09-14T17:14:31.800+0000] {dag.py:3096} INFO - Sync 1 DAGs
[2026-09-14T17:14:31.816+0000] {logging_mixin.py:188} INFO - [2026-09-14T17:14:31.816+0000] {dag.py:3954} INFO - Setting next_dagrun for fraud_pipeline to None, run_after=None
[2026-09-14T17:14:31.840+0000] {processor.py:183} INFO - Processing /opt/airflow/dags/fraud_pipeline_dag.py took 0.101 seconds
[2026-09-14T17:15:01.948+0000] {processor.py:161} INFO - Started process (PID=242) to work on /opt/airflow/dags/fraud_pipeline_dag.py
[2026-09-14T17:15:01.949+0000] {processor.py:830} INFO - Processing file /opt/airflow/dags/fraud_pipeline_dag.py for tasks to queue
[2026-09-14T17:15:01.950+0000] {logging_mixin.py:188} INFO - [2026-09-14T17:15:01.950+0000] {dagbag.py:540} INFO - Filling up the DagBag from /opt/airflow/dags/fraud_pipeline_dag.py
[2026-09-14T17:15:01.963+0000] {processor.py:840} INFO - DAG(s) 'fraud_pipeline' retrieved from /opt/airflow/dags/fraud_pipeline_dag.py
[2026-09-14T17:15:01.992+0000] {logging_mixin.py:188} INFO - [2026-09-14T17:15:01.991+0000] {dag.py:3096} INFO - Sync 1 DAGs
[2026-09-14T17:15:02.006+0000] {logging_mixin.py:188} INFO - [2026-09-14T17:15:02.005+0000] {dag.py:3954} INFO - Setting next_dagrun for fraud_pipeline to None, run_after=None
[2026-09-14T17:15:02.022+0000] {processor.py:183} INFO - Processing /opt/airflow/dags/fraud_pipeline_dag.py took 0.079 seconds
[2026-09-14T17:15:32.157+0000] {processor.py:161} INFO - Started process (PID=247) to work on /opt/airflow/dags/fraud_pipeline_dag.py
[2026-09-14T17:15:32.158+0000] {processor.py:830} INFO - Processing file /opt/airflow/dags/fraud_pipeline_dag.py for tasks to queue
[2026-09-14T17:15:32.159+0000] {logging_mixin.py:188} INFO - [2026-09-14T17:15:32.159+0000] {dagbag.py:540} INFO - Filling up the DagBag from /opt/airflow/dags/fraud_pipeline_dag.py
[2026-09-14T17:15:32.171+0000] {processor.py:840} INFO - DAG(s) 'fraud_pipeline' retrieved from /opt/airflow/dags/fraud_pipeline_dag.py
[2026-09-14T17:15:32.195+0000] {logging_mixin.py:188} INFO - [2026-09-14T17:15:32.195+0000] {dag.py:3096} INFO - Sync 1 DAGs
[2026-09-14T17:15:32.207+0000] {logging_mixin.py:188} INFO - [2026-09-14T17:15:32.207+0000] {dag.py:3954} INFO - Setting next_dagrun for fraud_pipeline to None, run_after=None
[2026-09-14T17:15:32.223+0000] {processor.py:183} INFO - Processing /opt/airflow/dags/fraud_pipeline_dag.py took 0.071 seconds
[2026-09-14T17:17:05.762+0000] {processor.py:161} INFO - Started process (PID=192) to work on /opt/airflow/dags/fraud_pipeline_dag.py
[2026-09-14T17:17:05.763+0000] {processor.py:830} INFO - Processing file /opt/airflow/dags/fraud_pipeline_dag.py for tasks to queue
[2026-09-14T17:17:05.767+0000] {logging_mixin.py:188} INFO - [2026-09-14T17:17:05.767+0000] {dagbag.py:540} INFO - Filling up the DagBag from /opt/airflow/dags/fraud_pipeline_dag.py
[2026-09-14T17:17:05.784+0000] {processor.py:840} INFO - DAG(s) 'fraud_pipeline' retrieved from /opt/airflow/dags/fraud_pipeline_dag.py
[2026-09-14T17:17:05.809+0000] {logging_mixin.py:188} INFO - [2026-09-14T17:17:05.809+0000] {dag.py:3096} INFO - Sync 1 DAGs
[2026-09-14T17:17:05.822+0000] {logging_mixin.py:188} INFO - [2026-09-14T17:17:05.822+0000] {dag.py:3954} INFO - Setting next_dagrun for fraud_pipeline to None, run_after=None
[2026-09-14T17:17:05.840+0000] {processor.py:183} INFO - Processing /opt/airflow/dags/fraud_pipeline_dag.py took 0.083 seconds
[2026-09-14T17:17:35.962+0000] {processor.py:161} INFO - Started process (PID=200) to work on /opt/airflow/dags/fraud_pipeline_dag.py
[2026-09-14T17:17:35.963+0000] {processor.py:830} INFO - Processing file /opt/airflow/dags/fraud_pipeline_dag.py for tasks to queue
[2026-09-14T17:17:35.967+0000] {logging_mixin.py:188} INFO - [2026-09-14T17:17:35.966+0000] {dagbag.py:540} INFO - Filling up the DagBag from /opt/airflow/dags/fraud_pipeline_dag.py
[2026-09-14T17:17:35.999+0000] {processor.py:840} INFO - DAG(s) 'fraud_pipeline' retrieved from /opt/airflow/dags/fraud_pipeline_dag.py
[2026-09-14T17:17:36.212+0000] {logging_mixin.py:188} INFO - [2026-09-14T17:17:36.212+0000] {dag.py:3096} INFO - Sync 1 DAGs
[2026-09-14T17:17:36.223+0000] {logging_mixin.py:188} INFO - [2026-09-14T17:17:36.223+0000] {dag.py:3954} INFO - Setting next_dagrun for fraud_pipeline to None, run_after=None
[2026-09-14T17:17:36.243+0000] {processor.py:183} INFO - Processing /opt/airflow/dags/fraud_pipeline_dag.py took 0.289 seconds
[2026-09-14T17:18:06.415+0000] {processor.py:161} INFO - Started process (PID=216) to work on /opt/airflow/dags/fraud_pipeline_dag.py
[2026-09-14T17:18:06.416+0000] {processor.py:830} INFO - Processing file /opt/airflow/dags/fraud_pipeline_dag.py for tasks to queue
[2026-09-14T17:18:06.418+0000] {logging_mixin.py:188} INFO - [2026-09-14T17:18:06.418+0000] {dagbag.py:540} INFO - Filling up the DagBag from /opt/airflow/dags/fraud_pipeline_dag.py
[2026-09-14T17:18:06.433+0000] {processor.py:840} INFO - DAG(s) 'fraud_pipeline' retrieved from /opt/airflow/dags/fraud_pipeline_dag.py
[2026-09-14T17:18:06.468+0000] {logging_mixin.py:188} INFO - [2026-09-14T17:18:06.468+0000] {dag.py:3096} INFO - Sync 1 DAGs
[2026-09-14T17:18:06.482+0000] {logging_mixin.py:188} INFO - [2026-09-14T17:18:06.482+0000] {dag.py:3954} INFO - Setting next_dagrun for fraud_pipeline to None, run_after=None
[2026-09-14T17:18:06.504+0000] {processor.py:183} INFO - Processing /opt/airflow/dags/fraud_pipeline_dag.py took 0.096 seconds
[2026-09-14T17:18:36.592+0000] {processor.py:161} INFO - Started process (PID=221) to work on /opt/airflow/dags/fraud_pipeline_dag.py
[2026-09-14T17:18:36.593+0000] {processor.py:830} INFO - Processing file /opt/airflow/dags/fraud_pipeline_dag.py for tasks to queue
[2026-09-14T17:18:36.594+0000] {logging_mixin.py:188} INFO - [2026-09-14T17:18:36.594+0000] {dagbag.py:540} INFO - Filling up the DagBag from /opt/airflow/dags/fraud_pipeline_dag.py
[2026-09-14T17:18:36.611+0000] {processor.py:840} INFO - DAG(s) 'fraud_pipeline' retrieved from /opt/airflow/dags/fraud_pipeline_dag.py
[2026-09-14T17:18:36.637+0000] {logging_mixin.py:188} INFO - [2026-09-14T17:18:36.637+0000] {dag.py:3096} INFO - Sync 1 DAGs
[2026-09-14T17:18:36.650+0000] {logging_mixin.py:188} INFO - [2026-09-14T17:18:36.650+0000] {dag.py:3954} INFO - Setting next_dagrun for fraud_pipeline to None, run_after=None
[2026-09-14T17:18:36.666+0000] {processor.py:183} INFO - Processing /opt/airflow/dags/fraud_pipeline_dag.py took 0.079 seconds
[2026-09-14T17:19:06.852+0000] {processor.py:161} INFO - Started process (PID=226) to work on /opt/airflow/dags/fraud_pipeline_dag.py
[2026-09-14T17:19:06.853+0000] {processor.py:830} INFO - Processing file /opt/airflow/dags/fraud_pipeline_dag.py for tasks to queue
[2026-09-14T17:19:06.854+0000] {logging_mixin.py:188} INFO - [2026-09-14T17:19:06.854+0000] {dagbag.py:540} INFO - Filling up the DagBag from /opt/airflow/dags/fraud_pipeline_dag.py
[2026-09-14T17:19:06.866+0000] {processor.py:840} INFO - DAG(s) 'fraud_pipeline' retrieved from /opt/airflow/dags/fraud_pipeline_dag.py
[2026-09-14T17:19:06.891+0000] {logging_mixin.py:188} INFO - [2026-09-14T17:19:06.891+0000] {dag.py:3096} INFO - Sync 1 DAGs
[2026-09-14T17:19:06.904+0000] {logging_mixin.py:188} INFO - [2026-09-14T17:19:06.903+0000] {dag.py:3954} INFO - Setting next_dagrun for fraud_pipeline to None, run_after=None
[2026-09-14T17:19:06.919+0000] {processor.py:183} INFO - Processing /opt/airflow/dags/fraud_pipeline_dag.py took 0.072 seconds
[2026-09-14T17:19:37.045+0000] {processor.py:161} INFO - Started process (PID=231) to work on /opt/airflow/dags/fraud_pipeline_dag.py
[2026-09-14T17:19:37.045+0000] {processor.py:830} INFO - Processing file /opt/airflow/dags/fraud_pipeline_dag.py for tasks to queue
[2026-09-14T17:19:37.047+0000] {logging_mixin.py:188} INFO - [2026-09-14T17:19:37.047+0000] {dagbag.py:540} INFO - Filling up the DagBag from /opt/airflow/dags/fraud_pipeline_dag.py
[2026-09-14T17:19:37.058+0000] {processor.py:840} INFO - DAG(s) 'fraud_pipeline' retrieved from /opt/airflow/dags/fraud_pipeline_dag.py
[2026-09-14T17:19:37.085+0000] {logging_mixin.py:188} INFO - [2026-09-14T17:19:37.084+0000] {dag.py:3096} INFO - Sync 1 DAGs
[2026-09-14T17:19:37.096+0000] {logging_mixin.py:188} INFO - [2026-09-14T17:19:37.096+0000] {dag.py:3954} INFO - Setting next_dagrun for fraud_pipeline to None, run_after=None
[2026-09-14T17:19:37.111+0000] {processor.py:183} INFO - Processing /opt/airflow/dags/fraud_pipeline_dag.py took 0.071 seconds
[2026-09-14T17:20:07.265+0000] {processor.py:161} INFO - Started process (PID=236) to work on /opt/airflow/dags/fraud_pipeline_dag.py
[2026-09-14T17:20:07.266+0000] {processor.py:830} INFO - Processing file /opt/airflow/dags/fraud_pipeline_dag.py for tasks to queue
[2026-09-14T17:20:07.267+0000] {logging_mixin.py:188} INFO - [2026-09-14T17:20:07.267+0000] {dagbag.py:540} INFO - Filling up the DagBag from /opt/airflow/dags/fraud_pipeline_dag.py
[2026-09-14T17:20:07.279+0000] {processor.py:840} INFO - DAG(s) 'fraud_pipeline' retrieved from /opt/airflow/dags/fraud_pipeline_dag.py
[2026-09-14T17:20:07.304+0000] {logging_mixin.py:188} INFO - [2026-09-14T17:20:07.304+0000] {dag.py:3096} INFO - Sync 1 DAGs
[2026-09-14T17:20:07.316+0000] {logging_mixin.py:188} INFO - [2026-09-14T17:20:07.316+0000] {dag.py:3954} INFO - Setting next_dagrun for fraud_pipeline to None, run_after=None
[2026-09-14T17:20:07.333+0000] {processor.py:183} INFO - Processing /opt/airflow/dags/fraud_pipeline_dag.py took 0.072 seconds
[2026-09-14T17:20:37.453+0000] {processor.py:161} INFO - Started process (PID=241) to work on /opt/airflow/dags/fraud_pipeline_dag.py
[2026-09-14T17:20:37.454+0000] {processor.py:830} INFO - Processing file /opt/airflow/dags/fraud_pipeline_dag.py for tasks to queue
[2026-09-14T17:20:37.455+0000] {logging_mixin.py:188} INFO - [2026-09-14T17:20:37.455+0000] {dagbag.py:540} INFO - Filling up the DagBag from /opt/airflow/dags/fraud_pipeline_dag.py
[2026-09-14T17:20:37.468+0000] {processor.py:840} INFO - DAG(s) 'fraud_pipeline' retrieved from /opt/airflow/dags/fraud_pipeline_dag.py
[2026-09-14T17:20:37.497+0000] {logging_mixin.py:188} INFO - [2026-09-14T17:20:37.497+0000] {dag.py:3096} INFO - Sync 1 DAGs
[2026-09-14T17:20:37.509+0000] {logging_mixin.py:188} INFO - [2026-09-14T17:20:37.508+0000] {dag.py:3954} INFO - Setting next_dagrun for fraud_pipeline to None, run_after=None
[2026-09-14T17:20:37.523+0000] {processor.py:183} INFO - Processing /opt/airflow/dags/fraud_pipeline_dag.py took 0.075 seconds
[2026-09-14T17:21:07.689+0000] {processor.py:161} INFO - Started process (PID=246) to work on /opt/airflow/dags/fraud_pipeline_dag.py
[2026-09-14T17:21:07.690+0000] {processor.py:830} INFO - Processing file /opt/airflow/dags/fraud_pipeline_dag.py for tasks to queue
[2026-09-14T17:21:07.691+0000] {logging_mixin.py:188} INFO - [2026-09-14T17:21:07.691+0000] {dagbag.py:540} INFO - Filling up the DagBag from /opt/airflow/dags/fraud_pipeline_dag.py
[2026-09-14T17:21:07.707+0000] {processor.py:840} INFO - DAG(s) 'fraud_pipeline' retrieved from /opt/airflow/dags/fraud_pipeline_dag.py
[2026-09-14T17:21:07.737+0000] {logging_mixin.py:188} INFO - [2026-09-14T17:21:07.737+0000] {dag.py:3096} INFO - Sync 1 DAGs
[2026-09-14T17:21:07.750+0000] {logging_mixin.py:188} INFO - [2026-09-14T17:21:07.749+0000] {dag.py:3954} INFO - Setting next_dagrun for fraud_pipeline to None, run_after=None
[2026-09-14T17:21:07.795+0000] {processor.py:183} INFO - Processing /opt/airflow/dags/fraud_pipeline_dag.py took 0.111 seconds
[2026-09-14T17:21:37.863+0000] {processor.py:161} INFO - Started process (PID=251) to work on /opt/airflow/dags/fraud_pipeline_dag.py
[2026-09-14T17:21:37.864+0000] {processor.py:830} INFO - Processing file /opt/airflow/dags/fraud_pipeline_dag.py for tasks to queue
[2026-09-14T17:21:37.866+0000] {logging_mixin.py:188} INFO - [2026-09-14T17:21:37.866+0000] {dagbag.py:540} INFO - Filling up the DagBag from /opt/airflow/dags/fraud_pipeline_dag.py
[2026-09-14T17:21:37.879+0000] {processor.py:840} INFO - DAG(s) 'fraud_pipeline' retrieved from /opt/airflow/dags/fraud_pipeline_dag.py
[2026-09-14T17:21:37.908+0000] {logging_mixin.py:188} INFO - [2026-09-14T17:21:37.908+0000] {dag.py:3096} INFO - Sync 1 DAGs
[2026-09-14T17:21:37.922+0000] {logging_mixin.py:188} INFO - [2026-09-14T17:21:37.922+0000] {dag.py:3954} INFO - Setting next_dagrun for fraud_pipeline to None, run_after=None
[2026-09-14T17:21:37.940+0000] {processor.py:183} INFO - Processing /opt/airflow/dags/fraud_pipeline_dag.py took 0.082 seconds
[2026-09-14T17:23:10.907+0000] {processor.py:161} INFO - Started process (PID=192) to work on /opt/airflow/dags/fraud_pipeline_dag.py
[2026-09-14T17:23:10.908+0000] {processor.py:830} INFO - Processing file /opt/airflow/dags/fraud_pipeline_dag.py for tasks to queue
[2026-09-14T17:23:10.909+0000] {logging_mixin.py:188} INFO - [2026-09-14T17:23:10.909+0000] {dagbag.py:540} INFO - Filling up the DagBag from /opt/airflow/dags/fraud_pipeline_dag.py
[2026-09-14T17:23:10.927+0000] {processor.py:840} INFO - DAG(s) 'fraud_pipeline' retrieved from /opt/airflow/dags/fraud_pipeline_dag.py
[2026-09-14T17:23:10.954+0000] {logging_mixin.py:188} INFO - [2026-09-14T17:23:10.953+0000] {dag.py:3096} INFO - Sync 1 DAGs
[2026-09-14T17:23:10.967+0000] {logging_mixin.py:188} INFO - [2026-09-14T17:23:10.967+0000] {dag.py:3954} INFO - Setting next_dagrun for fraud_pipeline to None, run_after=None
[2026-09-14T17:23:10.987+0000] {processor.py:183} INFO - Processing /opt/airflow/dags/fraud_pipeline_dag.py took 0.085 seconds
[2026-09-14T17:23:41.115+0000] {processor.py:161} INFO - Started process (PID=197) to work on /opt/airflow/dags/fraud_pipeline_dag.py
[2026-09-14T17:23:41.115+0000] {processor.py:830} INFO - Processing file /opt/airflow/dags/fraud_pipeline_dag.py for tasks to queue
[2026-09-14T17:23:41.117+0000] {logging_mixin.py:188} INFO - [2026-09-14T17:23:41.117+0000] {dagbag.py:540} INFO - Filling up the DagBag from /opt/airflow/dags/fraud_pipeline_dag.py
[2026-09-14T17:23:41.134+0000] {processor.py:840} INFO - DAG(s) 'fraud_pipeline' retrieved from /opt/airflow/dags/fraud_pipeline_dag.py
[2026-09-14T17:23:41.331+0000] {logging_mixin.py:188} INFO - [2026-09-14T17:23:41.331+0000] {dag.py:3096} INFO - Sync 1 DAGs
[2026-09-14T17:23:41.341+0000] {logging_mixin.py:188} INFO - [2026-09-14T17:23:41.341+0000] {dag.py:3954} INFO - Setting next_dagrun for fraud_pipeline to None, run_after=None
[2026-09-14T17:23:41.360+0000] {processor.py:183} INFO - Processing /opt/airflow/dags/fraud_pipeline_dag.py took 0.250 seconds
[2026-09-14T17:24:11.566+0000] {processor.py:161} INFO - Started process (PID=202) to work on /opt/airflow/dags/fraud_pipeline_dag.py
[2026-09-14T17:24:11.567+0000] {processor.py:830} INFO - Processing file /opt/airflow/dags/fraud_pipeline_dag.py for tasks to queue
[2026-09-14T17:24:11.569+0000] {logging_mixin.py:188} INFO - [2026-09-14T17:24:11.569+0000] {dagbag.py:540} INFO - Filling up the DagBag from /opt/airflow/dags/fraud_pipeline_dag.py
[2026-09-14T17:24:11.588+0000] {processor.py:840} INFO - DAG(s) 'fraud_pipeline' retrieved from /opt/airflow/dags/fraud_pipeline_dag.py
[2026-09-14T17:24:11.616+0000] {logging_mixin.py:188} INFO - [2026-09-14T17:24:11.616+0000] {dag.py:3096} INFO - Sync 1 DAGs
[2026-09-14T17:24:11.628+0000] {logging_mixin.py:188} INFO - [2026-09-14T17:24:11.628+0000] {dag.py:3954} INFO - Setting next_dagrun for fraud_pipeline to None, run_after=None
[2026-09-14T17:24:11.645+0000] {processor.py:183} INFO - Processing /opt/airflow/dags/fraud_pipeline_dag.py took 0.085 seconds
[2026-09-14T17:24:41.707+0000] {processor.py:161} INFO - Started process (PID=221) to work on /opt/airflow/dags/fraud_pipeline_dag.py
[2026-09-14T17:24:41.708+0000] {processor.py:830} INFO - Processing file /opt/airflow/dags/fraud_pipeline_dag.py for tasks to queue
[2026-09-14T17:24:41.710+0000] {logging_mixin.py:188} INFO - [2026-09-14T17:24:41.709+0000] {dagbag.py:540} INFO - Filling up the DagBag from /opt/airflow/dags/fraud_pipeline_dag.py
[2026-09-14T17:24:41.723+0000] {processor.py:840} INFO - DAG(s) 'fraud_pipeline' retrieved from /opt/airflow/dags/fraud_pipeline_dag.py
[2026-09-14T17:24:41.750+0000] {logging_mixin.py:188} INFO - [2026-09-14T17:24:41.749+0000] {dag.py:3096} INFO - Sync 1 DAGs
[2026-09-14T17:24:41.761+0000] {logging_mixin.py:188} INFO - [2026-09-14T17:24:41.760+0000] {dag.py:3954} INFO - Setting next_dagrun for fraud_pipeline to None, run_after=None
[2026-09-14T17:24:41.785+0000] {processor.py:183} INFO - Processing /opt/airflow/dags/fraud_pipeline_dag.py took 0.084 seconds
[2026-09-14T17:25:11.980+0000] {processor.py:161} INFO - Started process (PID=226) to work on /opt/airflow/dags/fraud_pipeline_dag.py
[2026-09-14T17:25:11.980+0000] {processor.py:830} INFO - Processing file /opt/airflow/dags/fraud_pipeline_dag.py for tasks to queue
[2026-09-14T17:25:11.982+0000] {logging_mixin.py:188} INFO - [2026-09-14T17:25:11.982+0000] {dagbag.py:540} INFO - Filling up the DagBag from /opt/airflow/dags/fraud_pipeline_dag.py
[2026-09-14T17:25:11.993+0000] {processor.py:840} INFO - DAG(s) 'fraud_pipeline' retrieved from /opt/airflow/dags/fraud_pipeline_dag.py
[2026-09-14T17:25:12.016+0000] {logging_mixin.py:188} INFO - [2026-09-14T17:25:12.016+0000] {dag.py:3096} INFO - Sync 1 DAGs
[2026-09-14T17:25:12.027+0000] {logging_mixin.py:188} INFO - [2026-09-14T17:25:12.027+0000] {dag.py:3954} INFO - Setting next_dagrun for fraud_pipeline to None, run_after=None
[2026-09-14T17:25:12.056+0000] {processor.py:183} INFO - Processing /opt/airflow/dags/fraud_pipeline_dag.py took 0.080 seconds
[2026-09-14T17:25:42.150+0000] {processor.py:161} INFO - Started process (PID=231) to work on /opt/airflow/dags/fraud_pipeline_dag.py
[2026-09-14T17:25:42.151+0000] {processor.py:830} INFO - Processing file /opt/airflow/dags/fraud_pipeline_dag.py for tasks to queue
[2026-09-14T17:25:42.152+0000] {logging_mixin.py:188} INFO - [2026-09-14T17:25:42.152+0000] {dagbag.py:540} INFO - Filling up the DagBag from /opt/airflow/dags/fraud_pipeline_dag.py
[2026-09-14T17:25:42.163+0000] {processor.py:840} INFO - DAG(s) 'fraud_pipeline' retrieved from /opt/airflow/dags/fraud_pipeline_dag.py
[2026-09-14T17:25:42.188+0000] {logging_mixin.py:188} INFO - [2026-09-14T17:25:42.188+0000] {dag.py:3096} INFO - Sync 1 DAGs
[2026-09-14T17:25:42.200+0000] {logging_mixin.py:188} INFO - [2026-09-14T17:25:42.199+0000] {dag.py:3954} INFO - Setting next_dagrun for fraud_pipeline to None, run_after=None
[2026-09-14T17:25:42.215+0000] {processor.py:183} INFO - Processing /opt/airflow/dags/fraud_pipeline_dag.py took 0.070 seconds
[2026-09-14T17:26:12.368+0000] {processor.py:161} INFO - Started process (PID=236) to work on /opt/airflow/dags/fraud_pipeline_dag.py
[2026-09-14T17:26:12.369+0000] {processor.py:830} INFO - Processing file /opt/airflow/dags/fraud_pipeline_dag.py for tasks to queue
[2026-09-14T17:26:12.370+0000] {logging_mixin.py:188} INFO - [2026-09-14T17:26:12.370+0000] {dagbag.py:540} INFO - Filling up the DagBag from /opt/airflow/dags/fraud_pipeline_dag.py
[2026-09-14T17:26:12.389+0000] {processor.py:840} INFO - DAG(s) 'fraud_pipeline' retrieved from /opt/airflow/dags/fraud_pipeline_dag.py
[2026-09-14T17:26:12.419+0000] {logging_mixin.py:188} INFO - [2026-09-14T17:26:12.419+0000] {dag.py:3096} INFO - Sync 1 DAGs
[2026-09-14T17:26:12.434+0000] {logging_mixin.py:188} INFO - [2026-09-14T17:26:12.433+0000] {dag.py:3954} INFO - Setting next_dagrun for fraud_pipeline to None, run_after=None
[2026-09-14T17:26:12.463+0000] {processor.py:183} INFO - Processing /opt/airflow/dags/fraud_pipeline_dag.py took 0.101 seconds
[2026-09-14T17:26:42.519+0000] {processor.py:161} INFO - Started process (PID=241) to work on /opt/airflow/dags/fraud_pipeline_dag.py
[2026-09-14T17:26:42.520+0000] {processor.py:830} INFO - Processing file /opt/airflow/dags/fraud_pipeline_dag.py for tasks to queue
[2026-09-14T17:26:42.521+0000] {logging_mixin.py:188} INFO - [2026-09-14T17:26:42.521+0000] {dagbag.py:540} INFO - Filling up the DagBag from /opt/airflow/dags/fraud_pipeline_dag.py
[2026-09-14T17:26:42.532+0000] {processor.py:840} INFO - DAG(s) 'fraud_pipeline' retrieved from /opt/airflow/dags/fraud_pipeline_dag.py
[2026-09-14T17:26:42.557+0000] {logging_mixin.py:188} INFO - [2026-09-14T17:26:42.557+0000] {dag.py:3096} INFO - Sync 1 DAGs
[2026-09-14T17:26:42.568+0000] {logging_mixin.py:188} INFO - [2026-09-14T17:26:42.568+0000] {dag.py:3954} INFO - Setting next_dagrun for fraud_pipeline to None, run_after=None
[2026-09-14T17:26:42.584+0000] {processor.py:183} INFO - Processing /opt/airflow/dags/fraud_pipeline_dag.py took 0.071 seconds
[2026-09-14T17:27:12.703+0000] {processor.py:161} INFO - Started process (PID=246) to work on /opt/airflow/dags/fraud_pipeline_dag.py
[2026-09-14T17:27:12.703+0000] {processor.py:830} INFO - Processing file /opt/airflow/dags/fraud_pipeline_dag.py for tasks to queue
[2026-09-14T17:27:12.705+0000] {logging_mixin.py:188} INFO - [2026-09-14T17:27:12.704+0000] {dagbag.py:540} INFO - Filling up the DagBag from /opt/airflow/dags/fraud_pipeline_dag.py
[2026-09-14T17:27:12.716+0000] {processor.py:840} INFO - DAG(s) 'fraud_pipeline' retrieved from /opt/airflow/dags/fraud_pipeline_dag.py
[2026-09-14T17:27:12.739+0000] {logging_mixin.py:188} INFO - [2026-09-14T17:27:12.739+0000] {dag.py:3096} INFO - Sync 1 DAGs
[2026-09-14T17:27:12.751+0000] {logging_mixin.py:188} INFO - [2026-09-14T17:27:12.751+0000] {dag.py:3954} INFO - Setting next_dagrun for fraud_pipeline to None, run_after=None
[2026-09-14T17:27:12.767+0000] {processor.py:183} INFO - Processing /opt/airflow/dags/fraud_pipeline_dag.py took 0.068 seconds
[2026-09-14T17:27:42.939+0000] {processor.py:161} INFO - Started process (PID=251) to work on /opt/airflow/dags/fraud_pipeline_dag.py
[2026-09-14T17:27:42.939+0000] {processor.py:830} INFO - Processing file /opt/airflow/dags/fraud_pipeline_dag.py for tasks to queue
[2026-09-14T17:27:42.941+0000] {logging_mixin.py:188} INFO - [2026-09-14T17:27:42.940+0000] {dagbag.py:540} INFO - Filling up the DagBag from /opt/airflow/dags/fraud_pipeline_dag.py
[2026-09-14T17:27:42.954+0000] {processor.py:840} INFO - DAG(s) 'fraud_pipeline' retrieved from /opt/airflow/dags/fraud_pipeline_dag.py
[2026-09-14T17:27:42.978+0000] {logging_mixin.py:188} INFO - [2026-09-14T17:27:42.977+0000] {dag.py:3096} INFO - Sync 1 DAGs
[2026-09-14T17:27:42.989+0000] {logging_mixin.py:188} INFO - [2026-09-14T17:27:42.989+0000] {dag.py:3954} INFO - Setting next_dagrun for fraud_pipeline to None, run_after=None
[2026-09-14T17:27:43.004+0000] {processor.py:183} INFO - Processing /opt/airflow/dags/fraud_pipeline_dag.py took 0.069 seconds
[2026-09-14T17:28:13.144+0000] {processor.py:161} INFO - Started process (PID=256) to work on /opt/airflow/dags/fraud_pipeline_dag.py
[2026-09-14T17:28:13.145+0000] {processor.py:830} INFO - Processing file /opt/airflow/dags/fraud_pipeline_dag.py for tasks to queue
[2026-09-14T17:28:13.147+0000] {logging_mixin.py:188} INFO - [2026-09-14T17:28:13.146+0000] {dagbag.py:540} INFO - Filling up the DagBag from /opt/airflow/dags/fraud_pipeline_dag.py
[2026-09-14T17:28:13.160+0000] {processor.py:840} INFO - DAG(s) 'fraud_pipeline' retrieved from /opt/airflow/dags/fraud_pipeline_dag.py
[2026-09-14T17:28:13.185+0000] {logging_mixin.py:188} INFO - [2026-09-14T17:28:13.185+0000] {dag.py:3096} INFO - Sync 1 DAGs
[2026-09-14T17:28:13.197+0000] {logging_mixin.py:188} INFO - [2026-09-14T17:28:13.197+0000] {dag.py:3954} INFO - Setting next_dagrun for fraud_pipeline to None, run_after=None
[2026-09-14T17:28:13.213+0000] {processor.py:183} INFO - Processing /opt/airflow/dags/fraud_pipeline_dag.py took 0.076 seconds
[2026-09-14T17:28:43.343+0000] {processor.py:161} INFO - Started process (PID=261) to work on /opt/airflow/dags/fraud_pipeline_dag.py
[2026-09-14T17:28:43.344+0000] {processor.py:830} INFO - Processing file /opt/airflow/dags/fraud_pipeline_dag.py for tasks to queue
[2026-09-14T17:28:43.347+0000] {logging_mixin.py:188} INFO - [2026-09-14T17:28:43.346+0000] {dagbag.py:540} INFO - Filling up the DagBag from /opt/airflow/dags/fraud_pipeline_dag.py
[2026-09-14T17:28:43.363+0000] {processor.py:840} INFO - DAG(s) 'fraud_pipeline' retrieved from /opt/airflow/dags/fraud_pipeline_dag.py
[2026-09-14T17:28:43.392+0000] {logging_mixin.py:188} INFO - [2026-09-14T17:28:43.392+0000] {dag.py:3096} INFO - Sync 1 DAGs
[2026-09-14T17:28:43.405+0000] {logging_mixin.py:188} INFO - [2026-09-14T17:28:43.404+0000] {dag.py:3954} INFO - Setting next_dagrun for fraud_pipeline to None, run_after=None
[2026-09-14T17:28:43.422+0000] {processor.py:183} INFO - Processing /opt/airflow/dags/fraud_pipeline_dag.py took 0.084 seconds
[2026-09-14T17:29:13.569+0000] {processor.py:161} INFO - Started process (PID=266) to work on /opt/airflow/dags/fraud_pipeline_dag.py
[2026-09-14T17:29:13.569+0000] {processor.py:830} INFO - Processing file /opt/airflow/dags/fraud_pipeline_dag.py for tasks to queue
[2026-09-14T17:29:13.571+0000] {logging_mixin.py:188} INFO - [2026-09-14T17:29:13.571+0000] {dagbag.py:540} INFO - Filling up the DagBag from /opt/airflow/dags/fraud_pipeline_dag.py
[2026-09-14T17:29:13.583+0000] {processor.py:840} INFO - DAG(s) 'fraud_pipeline' retrieved from /opt/airflow/dags/fraud_pipeline_dag.py
[2026-09-14T17:29:13.608+0000] {logging_mixin.py:188} INFO - [2026-09-14T17:29:13.608+0000] {dag.py:3096} INFO - Sync 1 DAGs
[2026-09-14T17:29:13.620+0000] {logging_mixin.py:188} INFO - [2026-09-14T17:29:13.620+0000] {dag.py:3954} INFO - Setting next_dagrun for fraud_pipeline to None, run_after=None
[2026-09-14T17:29:13.638+0000] {processor.py:183} INFO - Processing /opt/airflow/dags/fraud_pipeline_dag.py took 0.074 seconds
[2026-09-14T17:29:43.775+0000] {processor.py:161} INFO - Started process (PID=271) to work on /opt/airflow/dags/fraud_pipeline_dag.py
[2026-09-14T17:29:43.775+0000] {processor.py:830} INFO - Processing file /opt/airflow/dags/fraud_pipeline_dag.py for tasks to queue
[2026-09-14T17:29:43.777+0000] {logging_mixin.py:188} INFO - [2026-09-14T17:29:43.776+0000] {dagbag.py:540} INFO - Filling up the DagBag from /opt/airflow/dags/fraud_pipeline_dag.py
[2026-09-14T17:29:43.790+0000] {processor.py:840} INFO - DAG(s) 'fraud_pipeline' retrieved from /opt/airflow/dags/fraud_pipeline_dag.py
[2026-09-14T17:29:43.816+0000] {logging_mixin.py:188} INFO - [2026-09-14T17:29:43.815+0000] {dag.py:3096} INFO - Sync 1 DAGs
[2026-09-14T17:29:43.827+0000] {logging_mixin.py:188} INFO - [2026-09-14T17:29:43.827+0000] {dag.py:3954} INFO - Setting next_dagrun for fraud_pipeline to None, run_after=None
[2026-09-14T17:29:43.842+0000] {processor.py:183} INFO - Processing /opt/airflow/dags/fraud_pipeline_dag.py took 0.072 seconds
[2026-09-14T17:30:13.976+0000] {processor.py:161} INFO - Started process (PID=276) to work on /opt/airflow/dags/fraud_pipeline_dag.py
[2026-09-14T17:30:13.977+0000] {processor.py:830} INFO - Processing file /opt/airflow/dags/fraud_pipeline_dag.py for tasks to queue
[2026-09-14T17:30:13.978+0000] {logging_mixin.py:188} INFO - [2026-09-14T17:30:13.978+0000] {dagbag.py:540} INFO - Filling up the DagBag from /opt/airflow/dags/fraud_pipeline_dag.py
[2026-09-14T17:30:13.994+0000] {processor.py:840} INFO - DAG(s) 'fraud_pipeline' retrieved from /opt/airflow/dags/fraud_pipeline_dag.py
[2026-09-14T17:30:14.020+0000] {logging_mixin.py:188} INFO - [2026-09-14T17:30:14.020+0000] {dag.py:3096} INFO - Sync 1 DAGs
[2026-09-14T17:30:14.033+0000] {logging_mixin.py:188} INFO - [2026-09-14T17:30:14.032+0000] {dag.py:3954} INFO - Setting next_dagrun for fraud_pipeline to None, run_after=None
[2026-09-14T17:30:14.049+0000] {processor.py:183} INFO - Processing /opt/airflow/dags/fraud_pipeline_dag.py took 0.077 seconds
[2026-09-14T17:31:54.205+0000] {processor.py:161} INFO - Started process (PID=192) to work on /opt/airflow/dags/fraud_pipeline_dag.py
[2026-09-14T17:31:54.207+0000] {processor.py:830} INFO - Processing file /opt/airflow/dags/fraud_pipeline_dag.py for tasks to queue
[2026-09-14T17:31:54.208+0000] {logging_mixin.py:188} INFO - [2026-09-14T17:31:54.208+0000] {dagbag.py:540} INFO - Filling up the DagBag from /opt/airflow/dags/fraud_pipeline_dag.py
[2026-09-14T17:31:54.228+0000] {processor.py:840} INFO - DAG(s) 'fraud_pipeline' retrieved from /opt/airflow/dags/fraud_pipeline_dag.py
[2026-09-14T17:31:54.252+0000] {logging_mixin.py:188} INFO - [2026-09-14T17:31:54.252+0000] {dag.py:3096} INFO - Sync 1 DAGs
[2026-09-14T17:31:54.266+0000] {logging_mixin.py:188} INFO - [2026-09-14T17:31:54.266+0000] {dag.py:3954} INFO - Setting next_dagrun for fraud_pipeline to None, run_after=None
[2026-09-14T17:31:54.284+0000] {processor.py:183} INFO - Processing /opt/airflow/dags/fraud_pipeline_dag.py took 0.084 seconds
[2026-09-14T17:32:24.382+0000] {processor.py:161} INFO - Started process (PID=197) to work on /opt/airflow/dags/fraud_pipeline_dag.py
[2026-09-14T17:32:24.382+0000] {processor.py:830} INFO - Processing file /opt/airflow/dags/fraud_pipeline_dag.py for tasks to queue
[2026-09-14T17:32:24.384+0000] {logging_mixin.py:188} INFO - [2026-09-14T17:32:24.384+0000] {dagbag.py:540} INFO - Filling up the DagBag from /opt/airflow/dags/fraud_pipeline_dag.py
[2026-09-14T17:32:24.396+0000] {processor.py:840} INFO - DAG(s) 'fraud_pipeline' retrieved from /opt/airflow/dags/fraud_pipeline_dag.py
[2026-09-14T17:32:24.585+0000] {logging_mixin.py:188} INFO - [2026-09-14T17:32:24.585+0000] {dag.py:3096} INFO - Sync 1 DAGs
[2026-09-14T17:32:24.594+0000] {logging_mixin.py:188} INFO - [2026-09-14T17:32:24.594+0000] {dag.py:3954} INFO - Setting next_dagrun for fraud_pipeline to None, run_after=None
[2026-09-14T17:32:24.609+0000] {processor.py:183} INFO - Processing /opt/airflow/dags/fraud_pipeline_dag.py took 0.232 seconds
[2026-09-14T17:32:54.775+0000] {processor.py:161} INFO - Started process (PID=239) to work on /opt/airflow/dags/fraud_pipeline_dag.py
[2026-09-14T17:32:54.776+0000] {processor.py:830} INFO - Processing file /opt/airflow/dags/fraud_pipeline_dag.py for tasks to queue
[2026-09-14T17:32:54.778+0000] {logging_mixin.py:188} INFO - [2026-09-14T17:32:54.778+0000] {dagbag.py:540} INFO - Filling up the DagBag from /opt/airflow/dags/fraud_pipeline_dag.py
[2026-09-14T17:32:54.790+0000] {processor.py:840} INFO - DAG(s) 'fraud_pipeline' retrieved from /opt/airflow/dags/fraud_pipeline_dag.py
[2026-09-14T17:32:54.815+0000] {logging_mixin.py:188} INFO - [2026-09-14T17:32:54.815+0000] {dag.py:3096} INFO - Sync 1 DAGs
[2026-09-14T17:32:54.826+0000] {logging_mixin.py:188} INFO - [2026-09-14T17:32:54.826+0000] {dag.py:3954} INFO - Setting next_dagrun for fraud_pipeline to None, run_after=None
[2026-09-14T17:32:54.845+0000] {processor.py:183} INFO - Processing /opt/airflow/dags/fraud_pipeline_dag.py took 0.074 seconds
[2026-09-14T17:33:24.948+0000] {processor.py:161} INFO - Started process (PID=244) to work on /opt/airflow/dags/fraud_pipeline_dag.py
[2026-09-14T17:33:24.949+0000] {processor.py:830} INFO - Processing file /opt/airflow/dags/fraud_pipeline_dag.py for tasks to queue
[2026-09-14T17:33:24.950+0000] {logging_mixin.py:188} INFO - [2026-09-14T17:33:24.950+0000] {dagbag.py:540} INFO - Filling up the DagBag from /opt/airflow/dags/fraud_pipeline_dag.py
[2026-09-14T17:33:24.964+0000] {processor.py:840} INFO - DAG(s) 'fraud_pipeline' retrieved from /opt/airflow/dags/fraud_pipeline_dag.py
[2026-09-14T17:33:24.991+0000] {logging_mixin.py:188} INFO - [2026-09-14T17:33:24.990+0000] {dag.py:3096} INFO - Sync 1 DAGs
[2026-09-14T17:33:25.003+0000] {logging_mixin.py:188} INFO - [2026-09-14T17:33:25.002+0000] {dag.py:3954} INFO - Setting next_dagrun for fraud_pipeline to None, run_after=None
[2026-09-14T17:33:25.020+0000] {processor.py:183} INFO - Processing /opt/airflow/dags/fraud_pipeline_dag.py took 0.078 seconds
[2026-09-14T17:33:55.201+0000] {processor.py:161} INFO - Started process (PID=249) to work on /opt/airflow/dags/fraud_pipeline_dag.py
[2026-09-14T17:33:55.202+0000] {processor.py:830} INFO - Processing file /opt/airflow/dags/fraud_pipeline_dag.py for tasks to queue
[2026-09-14T17:33:55.204+0000] {logging_mixin.py:188} INFO - [2026-09-14T17:33:55.204+0000] {dagbag.py:540} INFO - Filling up the DagBag from /opt/airflow/dags/fraud_pipeline_dag.py
[2026-09-14T17:33:55.219+0000] {processor.py:840} INFO - DAG(s) 'fraud_pipeline' retrieved from /opt/airflow/dags/fraud_pipeline_dag.py
[2026-09-14T17:33:55.243+0000] {logging_mixin.py:188} INFO - [2026-09-14T17:33:55.243+0000] {dag.py:3096} INFO - Sync 1 DAGs
[2026-09-14T17:33:55.254+0000] {logging_mixin.py:188} INFO - [2026-09-14T17:33:55.254+0000] {dag.py:3954} INFO - Setting next_dagrun for fraud_pipeline to None, run_after=None
[2026-09-14T17:33:55.271+0000] {processor.py:183} INFO - Processing /opt/airflow/dags/fraud_pipeline_dag.py took 0.078 seconds
[2026-09-14T17:34:25.359+0000] {processor.py:161} INFO - Started process (PID=254) to work on /opt/airflow/dags/fraud_pipeline_dag.py
[2026-09-14T17:34:25.360+0000] {processor.py:830} INFO - Processing file /opt/airflow/dags/fraud_pipeline_dag.py for tasks to queue
[2026-09-14T17:34:25.362+0000] {logging_mixin.py:188} INFO - [2026-09-14T17:34:25.361+0000] {dagbag.py:540} INFO - Filling up the DagBag from /opt/airflow/dags/fraud_pipeline_dag.py
[2026-09-14T17:34:25.374+0000] {processor.py:840} INFO - DAG(s) 'fraud_pipeline' retrieved from /opt/airflow/dags/fraud_pipeline_dag.py
[2026-09-14T17:34:25.397+0000] {logging_mixin.py:188} INFO - [2026-09-14T17:34:25.396+0000] {dag.py:3096} INFO - Sync 1 DAGs
[2026-09-14T17:34:25.408+0000] {logging_mixin.py:188} INFO - [2026-09-14T17:34:25.407+0000] {dag.py:3954} INFO - Setting next_dagrun for fraud_pipeline to None, run_after=None
[2026-09-14T17:34:25.424+0000] {processor.py:183} INFO - Processing /opt/airflow/dags/fraud_pipeline_dag.py took 0.070 seconds
[2026-09-14T17:34:55.624+0000] {processor.py:161} INFO - Started process (PID=259) to work on /opt/airflow/dags/fraud_pipeline_dag.py
[2026-09-14T17:34:55.624+0000] {processor.py:830} INFO - Processing file /opt/airflow/dags/fraud_pipeline_dag.py for tasks to queue
[2026-09-14T17:34:55.626+0000] {logging_mixin.py:188} INFO - [2026-09-14T17:34:55.625+0000] {dagbag.py:540} INFO - Filling up the DagBag from /opt/airflow/dags/fraud_pipeline_dag.py
[2026-09-14T17:34:55.638+0000] {processor.py:840} INFO - DAG(s) 'fraud_pipeline' retrieved from /opt/airflow/dags/fraud_pipeline_dag.py
[2026-09-14T17:34:55.661+0000] {logging_mixin.py:188} INFO - [2026-09-14T17:34:55.660+0000] {dag.py:3096} INFO - Sync 1 DAGs
[2026-09-14T17:34:55.672+0000] {logging_mixin.py:188} INFO - [2026-09-14T17:34:55.672+0000] {dag.py:3954} INFO - Setting next_dagrun for fraud_pipeline to None, run_after=None
[2026-09-14T17:34:55.690+0000] {processor.py:183} INFO - Processing /opt/airflow/dags/fraud_pipeline_dag.py took 0.070 seconds
[2026-09-14T17:35:25.808+0000] {processor.py:161} INFO - Started process (PID=264) to work on /opt/airflow/dags/fraud_pipeline_dag.py
[2026-09-14T17:35:25.809+0000] {processor.py:830} INFO - Processing file /opt/airflow/dags/fraud_pipeline_dag.py for tasks to queue
[2026-09-14T17:35:25.811+0000] {logging_mixin.py:188} INFO - [2026-09-14T17:35:25.810+0000] {dagbag.py:540} INFO - Filling up the DagBag from /opt/airflow/dags/fraud_pipeline_dag.py
[2026-09-14T17:35:25.826+0000] {processor.py:840} INFO - DAG(s) 'fraud_pipeline' retrieved from /opt/airflow/dags/fraud_pipeline_dag.py
[2026-09-14T17:35:25.853+0000] {logging_mixin.py:188} INFO - [2026-09-14T17:35:25.853+0000] {dag.py:3096} INFO - Sync 1 DAGs
[2026-09-14T17:35:25.865+0000] {logging_mixin.py:188} INFO - [2026-09-14T17:35:25.865+0000] {dag.py:3954} INFO - Setting next_dagrun for fraud_pipeline to None, run_after=None
[2026-09-14T17:35:25.881+0000] {processor.py:183} INFO - Processing /opt/airflow/dags/fraud_pipeline_dag.py took 0.080 seconds
[2026-09-14T17:35:56.031+0000] {processor.py:161} INFO - Started process (PID=269) to work on /opt/airflow/dags/fraud_pipeline_dag.py
[2026-09-14T17:35:56.031+0000] {processor.py:830} INFO - Processing file /opt/airflow/dags/fraud_pipeline_dag.py for tasks to queue
[2026-09-14T17:35:56.034+0000] {logging_mixin.py:188} INFO - [2026-09-14T17:35:56.033+0000] {dagbag.py:540} INFO - Filling up the DagBag from /opt/airflow/dags/fraud_pipeline_dag.py
[2026-09-14T17:35:56.047+0000] {processor.py:840} INFO - DAG(s) 'fraud_pipeline' retrieved from /opt/airflow/dags/fraud_pipeline_dag.py
[2026-09-14T17:35:56.075+0000] {logging_mixin.py:188} INFO - [2026-09-14T17:35:56.075+0000] {dag.py:3096} INFO - Sync 1 DAGs
[2026-09-14T17:35:56.087+0000] {logging_mixin.py:188} INFO - [2026-09-14T17:35:56.086+0000] {dag.py:3954} INFO - Setting next_dagrun for fraud_pipeline to None, run_after=None
[2026-09-14T17:35:56.103+0000] {processor.py:183} INFO - Processing /opt/airflow/dags/fraud_pipeline_dag.py took 0.077 seconds
[2026-09-14T17:37:53.106+0000] {processor.py:161} INFO - Started process (PID=192) to work on /opt/airflow/dags/fraud_pipeline_dag.py
[2026-09-14T17:37:53.106+0000] {processor.py:830} INFO - Processing file /opt/airflow/dags/fraud_pipeline_dag.py for tasks to queue
[2026-09-14T17:37:53.108+0000] {logging_mixin.py:188} INFO - [2026-09-14T17:37:53.108+0000] {dagbag.py:540} INFO - Filling up the DagBag from /opt/airflow/dags/fraud_pipeline_dag.py
[2026-09-14T17:37:53.124+0000] {processor.py:840} INFO - DAG(s) 'fraud_pipeline' retrieved from /opt/airflow/dags/fraud_pipeline_dag.py
[2026-09-14T17:37:53.149+0000] {logging_mixin.py:188} INFO - [2026-09-14T17:37:53.148+0000] {dag.py:3096} INFO - Sync 1 DAGs
[2026-09-14T17:37:53.161+0000] {logging_mixin.py:188} INFO - [2026-09-14T17:37:53.160+0000] {dag.py:3954} INFO - Setting next_dagrun for fraud_pipeline to None, run_after=None
[2026-09-14T17:37:53.176+0000] {processor.py:183} INFO - Processing /opt/airflow/dags/fraud_pipeline_dag.py took 0.075 seconds
[2026-09-14T17:38:23.325+0000] {processor.py:161} INFO - Started process (PID=197) to work on /opt/airflow/dags/fraud_pipeline_dag.py
[2026-09-14T17:38:23.327+0000] {processor.py:830} INFO - Processing file /opt/airflow/dags/fraud_pipeline_dag.py for tasks to queue
[2026-09-14T17:38:23.336+0000] {logging_mixin.py:188} INFO - [2026-09-14T17:38:23.335+0000] {dagbag.py:540} INFO - Filling up the DagBag from /opt/airflow/dags/fraud_pipeline_dag.py
[2026-09-14T17:38:23.411+0000] {processor.py:840} INFO - DAG(s) 'fraud_pipeline' retrieved from /opt/airflow/dags/fraud_pipeline_dag.py
[2026-09-14T17:38:23.728+0000] {logging_mixin.py:188} INFO - [2026-09-14T17:38:23.728+0000] {dag.py:3096} INFO - Sync 1 DAGs
[2026-09-14T17:38:23.739+0000] {logging_mixin.py:188} INFO - [2026-09-14T17:38:23.738+0000] {dag.py:3954} INFO - Setting next_dagrun for fraud_pipeline to None, run_after=None
[2026-09-14T17:38:23.760+0000] {processor.py:183} INFO - Processing /opt/airflow/dags/fraud_pipeline_dag.py took 0.446 seconds
[2026-09-14T17:38:53.949+0000] {processor.py:161} INFO - Started process (PID=279) to work on /opt/airflow/dags/fraud_pipeline_dag.py
[2026-09-14T17:38:53.949+0000] {processor.py:830} INFO - Processing file /opt/airflow/dags/fraud_pipeline_dag.py for tasks to queue
[2026-09-14T17:38:53.951+0000] {logging_mixin.py:188} INFO - [2026-09-14T17:38:53.951+0000] {dagbag.py:540} INFO - Filling up the DagBag from /opt/airflow/dags/fraud_pipeline_dag.py
[2026-09-14T17:38:53.966+0000] {processor.py:840} INFO - DAG(s) 'fraud_pipeline' retrieved from /opt/airflow/dags/fraud_pipeline_dag.py
[2026-09-14T17:38:53.998+0000] {logging_mixin.py:188} INFO - [2026-09-14T17:38:53.998+0000] {dag.py:3096} INFO - Sync 1 DAGs
[2026-09-14T17:38:54.012+0000] {logging_mixin.py:188} INFO - [2026-09-14T17:38:54.011+0000] {dag.py:3954} INFO - Setting next_dagrun for fraud_pipeline to None, run_after=None
[2026-09-14T17:38:54.049+0000] {processor.py:183} INFO - Processing /opt/airflow/dags/fraud_pipeline_dag.py took 0.107 seconds
[2026-09-14T17:39:24.112+0000] {processor.py:161} INFO - Started process (PID=284) to work on /opt/airflow/dags/fraud_pipeline_dag.py
[2026-09-14T17:39:24.113+0000] {processor.py:830} INFO - Processing file /opt/airflow/dags/fraud_pipeline_dag.py for tasks to queue
[2026-09-14T17:39:24.115+0000] {logging_mixin.py:188} INFO - [2026-09-14T17:39:24.114+0000] {dagbag.py:540} INFO - Filling up the DagBag from /opt/airflow/dags/fraud_pipeline_dag.py
[2026-09-14T17:39:24.127+0000] {processor.py:840} INFO - DAG(s) 'fraud_pipeline' retrieved from /opt/airflow/dags/fraud_pipeline_dag.py
[2026-09-14T17:39:24.153+0000] {logging_mixin.py:188} INFO - [2026-09-14T17:39:24.153+0000] {dag.py:3096} INFO - Sync 1 DAGs
[2026-09-14T17:39:24.164+0000] {logging_mixin.py:188} INFO - [2026-09-14T17:39:24.163+0000] {dag.py:3954} INFO - Setting next_dagrun for fraud_pipeline to None, run_after=None
[2026-09-14T17:39:24.181+0000] {processor.py:183} INFO - Processing /opt/airflow/dags/fraud_pipeline_dag.py took 0.073 seconds
[2026-09-14T17:39:54.275+0000] {processor.py:161} INFO - Started process (PID=289) to work on /opt/airflow/dags/fraud_pipeline_dag.py
[2026-09-14T17:39:54.276+0000] {processor.py:830} INFO - Processing file /opt/airflow/dags/fraud_pipeline_dag.py for tasks to queue
[2026-09-14T17:39:54.278+0000] {logging_mixin.py:188} INFO - [2026-09-14T17:39:54.277+0000] {dagbag.py:540} INFO - Filling up the DagBag from /opt/airflow/dags/fraud_pipeline_dag.py
[2026-09-14T17:39:54.290+0000] {processor.py:840} INFO - DAG(s) 'fraud_pipeline' retrieved from /opt/airflow/dags/fraud_pipeline_dag.py
[2026-09-14T17:39:54.316+0000] {logging_mixin.py:188} INFO - [2026-09-14T17:39:54.316+0000] {dag.py:3096} INFO - Sync 1 DAGs
[2026-09-14T17:39:54.327+0000] {logging_mixin.py:188} INFO - [2026-09-14T17:39:54.327+0000] {dag.py:3954} INFO - Setting next_dagrun for fraud_pipeline to None, run_after=None
[2026-09-14T17:39:54.342+0000] {processor.py:183} INFO - Processing /opt/airflow/dags/fraud_pipeline_dag.py took 0.072 seconds
[2026-09-14T17:40:24.521+0000] {processor.py:161} INFO - Started process (PID=294) to work on /opt/airflow/dags/fraud_pipeline_dag.py
[2026-09-14T17:40:24.522+0000] {processor.py:830} INFO - Processing file /opt/airflow/dags/fraud_pipeline_dag.py for tasks to queue
[2026-09-14T17:40:24.523+0000] {logging_mixin.py:188} INFO - [2026-09-14T17:40:24.523+0000] {dagbag.py:540} INFO - Filling up the DagBag from /opt/airflow/dags/fraud_pipeline_dag.py
[2026-09-14T17:40:24.536+0000] {processor.py:840} INFO - DAG(s) 'fraud_pipeline' retrieved from /opt/airflow/dags/fraud_pipeline_dag.py
[2026-09-14T17:40:24.565+0000] {logging_mixin.py:188} INFO - [2026-09-14T17:40:24.565+0000] {dag.py:3096} INFO - Sync 1 DAGs
[2026-09-14T17:40:24.578+0000] {logging_mixin.py:188} INFO - [2026-09-14T17:40:24.578+0000] {dag.py:3954} INFO - Setting next_dagrun for fraud_pipeline to None, run_after=None
[2026-09-14T17:40:24.596+0000] {processor.py:183} INFO - Processing /opt/airflow/dags/fraud_pipeline_dag.py took 0.079 seconds
[2026-09-14T17:40:54.712+0000] {processor.py:161} INFO - Started process (PID=299) to work on /opt/airflow/dags/fraud_pipeline_dag.py
[2026-09-14T17:40:54.712+0000] {processor.py:830} INFO - Processing file /opt/airflow/dags/fraud_pipeline_dag.py for tasks to queue
[2026-09-14T17:40:54.714+0000] {logging_mixin.py:188} INFO - [2026-09-14T17:40:54.714+0000] {dagbag.py:540} INFO - Filling up the DagBag from /opt/airflow/dags/fraud_pipeline_dag.py
[2026-09-14T17:40:54.726+0000] {processor.py:840} INFO - DAG(s) 'fraud_pipeline' retrieved from /opt/airflow/dags/fraud_pipeline_dag.py
[2026-09-14T17:40:54.752+0000] {logging_mixin.py:188} INFO - [2026-09-14T17:40:54.752+0000] {dag.py:3096} INFO - Sync 1 DAGs
[2026-09-14T17:40:54.764+0000] {logging_mixin.py:188} INFO - [2026-09-14T17:40:54.764+0000] {dag.py:3954} INFO - Setting next_dagrun for fraud_pipeline to None, run_after=None
[2026-09-14T17:40:54.783+0000] {processor.py:183} INFO - Processing /opt/airflow/dags/fraud_pipeline_dag.py took 0.076 seconds
[2026-09-14T17:41:24.935+0000] {processor.py:161} INFO - Started process (PID=304) to work on /opt/airflow/dags/fraud_pipeline_dag.py
[2026-09-14T17:41:24.935+0000] {processor.py:830} INFO - Processing file /opt/airflow/dags/fraud_pipeline_dag.py for tasks to queue
[2026-09-14T17:41:24.937+0000] {logging_mixin.py:188} INFO - [2026-09-14T17:41:24.937+0000] {dagbag.py:540} INFO - Filling up the DagBag from /opt/airflow/dags/fraud_pipeline_dag.py
[2026-09-14T17:41:24.950+0000] {processor.py:840} INFO - DAG(s) 'fraud_pipeline' retrieved from /opt/airflow/dags/fraud_pipeline_dag.py
[2026-09-14T17:41:24.975+0000] {logging_mixin.py:188} INFO - [2026-09-14T17:41:24.975+0000] {dag.py:3096} INFO - Sync 1 DAGs
[2026-09-14T17:41:24.989+0000] {logging_mixin.py:188} INFO - [2026-09-14T17:41:24.989+0000] {dag.py:3954} INFO - Setting next_dagrun for fraud_pipeline to None, run_after=None
[2026-09-14T17:41:25.005+0000] {processor.py:183} INFO - Processing /opt/airflow/dags/fraud_pipeline_dag.py took 0.076 seconds
[2026-09-14T17:41:55.129+0000] {processor.py:161} INFO - Started process (PID=309) to work on /opt/airflow/dags/fraud_pipeline_dag.py
[2026-09-14T17:41:55.130+0000] {processor.py:830} INFO - Processing file /opt/airflow/dags/fraud_pipeline_dag.py for tasks to queue
[2026-09-14T17:41:55.131+0000] {logging_mixin.py:188} INFO - [2026-09-14T17:41:55.131+0000] {dagbag.py:540} INFO - Filling up the DagBag from /opt/airflow/dags/fraud_pipeline_dag.py
[2026-09-14T17:41:55.144+0000] {processor.py:840} INFO - DAG(s) 'fraud_pipeline' retrieved from /opt/airflow/dags/fraud_pipeline_dag.py
[2026-09-14T17:41:55.175+0000] {logging_mixin.py:188} INFO - [2026-09-14T17:41:55.175+0000] {dag.py:3096} INFO - Sync 1 DAGs
[2026-09-14T17:41:55.189+0000] {logging_mixin.py:188} INFO - [2026-09-14T17:41:55.188+0000] {dag.py:3954} INFO - Setting next_dagrun for fraud_pipeline to None, run_after=None
[2026-09-14T17:41:55.205+0000] {processor.py:183} INFO - Processing /opt/airflow/dags/fraud_pipeline_dag.py took 0.081 seconds
[2026-09-14T17:42:25.352+0000] {processor.py:161} INFO - Started process (PID=314) to work on /opt/airflow/dags/fraud_pipeline_dag.py
[2026-09-14T17:42:25.353+0000] {processor.py:830} INFO - Processing file /opt/airflow/dags/fraud_pipeline_dag.py for tasks to queue
[2026-09-14T17:42:25.355+0000] {logging_mixin.py:188} INFO - [2026-09-14T17:42:25.355+0000] {dagbag.py:540} INFO - Filling up the DagBag from /opt/airflow/dags/fraud_pipeline_dag.py
[2026-09-14T17:42:25.368+0000] {processor.py:840} INFO - DAG(s) 'fraud_pipeline' retrieved from /opt/airflow/dags/fraud_pipeline_dag.py
[2026-09-14T17:42:25.392+0000] {logging_mixin.py:188} INFO - [2026-09-14T17:42:25.392+0000] {dag.py:3096} INFO - Sync 1 DAGs
[2026-09-14T17:42:25.403+0000] {logging_mixin.py:188} INFO - [2026-09-14T17:42:25.403+0000] {dag.py:3954} INFO - Setting next_dagrun for fraud_pipeline to None, run_after=None
[2026-09-14T17:42:25.419+0000] {processor.py:183} INFO - Processing /opt/airflow/dags/fraud_pipeline_dag.py took 0.072 seconds
[2026-09-14T17:42:55.578+0000] {processor.py:161} INFO - Started process (PID=319) to work on /opt/airflow/dags/fraud_pipeline_dag.py
[2026-09-14T17:42:55.579+0000] {processor.py:830} INFO - Processing file /opt/airflow/dags/fraud_pipeline_dag.py for tasks to queue
[2026-09-14T17:42:55.581+0000] {logging_mixin.py:188} INFO - [2026-09-14T17:42:55.581+0000] {dagbag.py:540} INFO - Filling up the DagBag from /opt/airflow/dags/fraud_pipeline_dag.py
[2026-09-14T17:42:55.595+0000] {processor.py:840} INFO - DAG(s) 'fraud_pipeline' retrieved from /opt/airflow/dags/fraud_pipeline_dag.py
[2026-09-14T17:42:55.625+0000] {logging_mixin.py:188} INFO - [2026-09-14T17:42:55.625+0000] {dag.py:3096} INFO - Sync 1 DAGs
[2026-09-14T17:42:55.640+0000] {logging_mixin.py:188} INFO - [2026-09-14T17:42:55.639+0000] {dag.py:3954} INFO - Setting next_dagrun for fraud_pipeline to None, run_after=None
[2026-09-14T17:42:55.661+0000] {processor.py:183} INFO - Processing /opt/airflow/dags/fraud_pipeline_dag.py took 0.089 seconds
[2026-09-14T17:43:25.784+0000] {processor.py:161} INFO - Started process (PID=324) to work on /opt/airflow/dags/fraud_pipeline_dag.py
[2026-09-14T17:43:25.785+0000] {processor.py:830} INFO - Processing file /opt/airflow/dags/fraud_pipeline_dag.py for tasks to queue
[2026-09-14T17:43:25.786+0000] {logging_mixin.py:188} INFO - [2026-09-14T17:43:25.786+0000] {dagbag.py:540} INFO - Filling up the DagBag from /opt/airflow/dags/fraud_pipeline_dag.py
[2026-09-14T17:43:25.797+0000] {processor.py:840} INFO - DAG(s) 'fraud_pipeline' retrieved from /opt/airflow/dags/fraud_pipeline_dag.py
[2026-09-14T17:43:25.822+0000] {logging_mixin.py:188} INFO - [2026-09-14T17:43:25.821+0000] {dag.py:3096} INFO - Sync 1 DAGs
[2026-09-14T17:43:25.833+0000] {logging_mixin.py:188} INFO - [2026-09-14T17:43:25.833+0000] {dag.py:3954} INFO - Setting next_dagrun for fraud_pipeline to None, run_after=None
[2026-09-14T17:43:25.849+0000] {processor.py:183} INFO - Processing /opt/airflow/dags/fraud_pipeline_dag.py took 0.071 seconds
[2026-09-14T17:43:56.044+0000] {processor.py:161} INFO - Started process (PID=329) to work on /opt/airflow/dags/fraud_pipeline_dag.py
[2026-09-14T17:43:56.044+0000] {processor.py:830} INFO - Processing file /opt/airflow/dags/fraud_pipeline_dag.py for tasks to queue
[2026-09-14T17:43:56.046+0000] {logging_mixin.py:188} INFO - [2026-09-14T17:43:56.045+0000] {dagbag.py:540} INFO - Filling up the DagBag from /opt/airflow/dags/fraud_pipeline_dag.py
[2026-09-14T17:43:56.057+0000] {processor.py:840} INFO - DAG(s) 'fraud_pipeline' retrieved from /opt/airflow/dags/fraud_pipeline_dag.py
[2026-09-14T17:43:56.080+0000] {logging_mixin.py:188} INFO - [2026-09-14T17:43:56.080+0000] {dag.py:3096} INFO - Sync 1 DAGs
[2026-09-14T17:43:56.092+0000] {logging_mixin.py:188} INFO - [2026-09-14T17:43:56.091+0000] {dag.py:3954} INFO - Setting next_dagrun for fraud_pipeline to None, run_after=None
[2026-09-14T17:43:56.109+0000] {processor.py:183} INFO - Processing /opt/airflow/dags/fraud_pipeline_dag.py took 0.070 seconds
[2026-09-14T17:44:26.244+0000] {processor.py:161} INFO - Started process (PID=334) to work on /opt/airflow/dags/fraud_pipeline_dag.py
[2026-09-14T17:44:26.245+0000] {processor.py:830} INFO - Processing file /opt/airflow/dags/fraud_pipeline_dag.py for tasks to queue
[2026-09-14T17:44:26.246+0000] {logging_mixin.py:188} INFO - [2026-09-14T17:44:26.246+0000] {dagbag.py:540} INFO - Filling up the DagBag from /opt/airflow/dags/fraud_pipeline_dag.py
[2026-09-14T17:44:26.257+0000] {processor.py:840} INFO - DAG(s) 'fraud_pipeline' retrieved from /opt/airflow/dags/fraud_pipeline_dag.py
[2026-09-14T17:44:26.283+0000] {logging_mixin.py:188} INFO - [2026-09-14T17:44:26.282+0000] {dag.py:3096} INFO - Sync 1 DAGs
[2026-09-14T17:44:26.294+0000] {logging_mixin.py:188} INFO - [2026-09-14T17:44:26.294+0000] {dag.py:3954} INFO - Setting next_dagrun for fraud_pipeline to None, run_after=None
[2026-09-14T17:44:26.309+0000] {processor.py:183} INFO - Processing /opt/airflow/dags/fraud_pipeline_dag.py took 0.069 seconds
[2026-09-14T17:44:56.485+0000] {processor.py:161} INFO - Started process (PID=339) to work on /opt/airflow/dags/fraud_pipeline_dag.py
[2026-09-14T17:44:56.486+0000] {processor.py:830} INFO - Processing file /opt/airflow/dags/fraud_pipeline_dag.py for tasks to queue
[2026-09-14T17:44:56.488+0000] {logging_mixin.py:188} INFO - [2026-09-14T17:44:56.487+0000] {dagbag.py:540} INFO - Filling up the DagBag from /opt/airflow/dags/fraud_pipeline_dag.py
[2026-09-14T17:44:56.498+0000] {processor.py:840} INFO - DAG(s) 'fraud_pipeline' retrieved from /opt/airflow/dags/fraud_pipeline_dag.py
[2026-09-14T17:44:56.522+0000] {logging_mixin.py:188} INFO - [2026-09-14T17:44:56.522+0000] {dag.py:3096} INFO - Sync 1 DAGs
[2026-09-14T17:44:56.533+0000] {logging_mixin.py:188} INFO - [2026-09-14T17:44:56.533+0000] {dag.py:3954} INFO - Setting next_dagrun for fraud_pipeline to None, run_after=None
[2026-09-14T17:44:56.549+0000] {processor.py:183} INFO - Processing /opt/airflow/dags/fraud_pipeline_dag.py took 0.068 seconds
[2026-09-14T17:45:26.682+0000] {processor.py:161} INFO - Started process (PID=344) to work on /opt/airflow/dags/fraud_pipeline_dag.py
[2026-09-14T17:45:26.682+0000] {processor.py:830} INFO - Processing file /opt/airflow/dags/fraud_pipeline_dag.py for tasks to queue
[2026-09-14T17:45:26.684+0000] {logging_mixin.py:188} INFO - [2026-09-14T17:45:26.683+0000] {dagbag.py:540} INFO - Filling up the DagBag from /opt/airflow/dags/fraud_pipeline_dag.py
[2026-09-14T17:45:26.695+0000] {processor.py:840} INFO - DAG(s) 'fraud_pipeline' retrieved from /opt/airflow/dags/fraud_pipeline_dag.py
[2026-09-14T17:45:26.722+0000] {logging_mixin.py:188} INFO - [2026-09-14T17:45:26.722+0000] {dag.py:3096} INFO - Sync 1 DAGs
[2026-09-14T17:45:26.734+0000] {logging_mixin.py:188} INFO - [2026-09-14T17:45:26.734+0000] {dag.py:3954} INFO - Setting next_dagrun for fraud_pipeline to None, run_after=None
[2026-09-14T17:45:26.752+0000] {processor.py:183} INFO - Processing /opt/airflow/dags/fraud_pipeline_dag.py took 0.075 seconds
[2026-09-14T17:46:00.963+0000] {processor.py:161} INFO - Started process (PID=349) to work on /opt/airflow/dags/fraud_pipeline_dag.py
[2026-09-14T17:46:00.964+0000] {processor.py:830} INFO - Processing file /opt/airflow/dags/fraud_pipeline_dag.py for tasks to queue
[2026-09-14T17:46:00.967+0000] {logging_mixin.py:188} INFO - [2026-09-14T17:46:00.966+0000] {dagbag.py:540} INFO - Filling up the DagBag from /opt/airflow/dags/fraud_pipeline_dag.py
[2026-09-14T17:46:00.992+0000] {processor.py:840} INFO - DAG(s) 'fraud_pipeline' retrieved from /opt/airflow/dags/fraud_pipeline_dag.py
[2026-09-14T17:45:26.248+0000] {logging_mixin.py:188} INFO - [2026-09-14T17:45:26.247+0000] {dag.py:3096} INFO - Sync 1 DAGs
[2026-09-14T17:45:26.273+0000] {logging_mixin.py:188} INFO - [2026-09-14T17:45:26.273+0000] {dag.py:3954} INFO - Setting next_dagrun for fraud_pipeline to None, run_after=None
[2026-09-14T17:45:26.309+0000] {processor.py:183} INFO - Processing /opt/airflow/dags/fraud_pipeline_dag.py took 0.145 seconds
[2026-09-14T17:46:06.002+0000] {processor.py:161} INFO - Started process (PID=354) to work on /opt/airflow/dags/fraud_pipeline_dag.py
[2026-09-14T17:46:06.003+0000] {processor.py:830} INFO - Processing file /opt/airflow/dags/fraud_pipeline_dag.py for tasks to queue
[2026-09-14T17:46:06.006+0000] {logging_mixin.py:188} INFO - [2026-09-14T17:46:06.005+0000] {dagbag.py:540} INFO - Filling up the DagBag from /opt/airflow/dags/fraud_pipeline_dag.py
[2026-09-14T17:45:31.246+0000] {processor.py:840} INFO - DAG(s) 'fraud_pipeline' retrieved from /opt/airflow/dags/fraud_pipeline_dag.py
[2026-09-14T17:45:31.319+0000] {logging_mixin.py:188} INFO - [2026-09-14T17:45:31.318+0000] {dag.py:3096} INFO - Sync 1 DAGs
[2026-09-14T17:45:31.339+0000] {logging_mixin.py:188} INFO - [2026-09-14T17:45:31.338+0000] {dag.py:3954} INFO - Setting next_dagrun for fraud_pipeline to None, run_after=None
[2026-09-14T17:45:31.368+0000] {processor.py:183} INFO - Processing /opt/airflow/dags/fraud_pipeline_dag.py took 0.165 seconds
[2026-09-14T17:46:01.652+0000] {processor.py:161} INFO - Started process (PID=359) to work on /opt/airflow/dags/fraud_pipeline_dag.py
[2026-09-14T17:46:01.654+0000] {processor.py:830} INFO - Processing file /opt/airflow/dags/fraud_pipeline_dag.py for tasks to queue
[2026-09-14T17:46:01.660+0000] {logging_mixin.py:188} INFO - [2026-09-14T17:46:01.659+0000] {dagbag.py:540} INFO - Filling up the DagBag from /opt/airflow/dags/fraud_pipeline_dag.py
[2026-09-14T17:46:01.683+0000] {processor.py:840} INFO - DAG(s) 'fraud_pipeline' retrieved from /opt/airflow/dags/fraud_pipeline_dag.py
[2026-09-14T17:46:01.738+0000] {logging_mixin.py:188} INFO - [2026-09-14T17:46:01.738+0000] {dag.py:3096} INFO - Sync 1 DAGs
[2026-09-14T17:46:01.766+0000] {logging_mixin.py:188} INFO - [2026-09-14T17:46:01.766+0000] {dag.py:3954} INFO - Setting next_dagrun for fraud_pipeline to None, run_after=None
[2026-09-14T17:46:01.819+0000] {processor.py:183} INFO - Processing /opt/airflow/dags/fraud_pipeline_dag.py took 0.176 seconds
[2026-09-14T17:46:32.041+0000] {processor.py:161} INFO - Started process (PID=364) to work on /opt/airflow/dags/fraud_pipeline_dag.py
[2026-09-14T17:46:32.042+0000] {processor.py:830} INFO - Processing file /opt/airflow/dags/fraud_pipeline_dag.py for tasks to queue
[2026-09-14T17:46:32.045+0000] {logging_mixin.py:188} INFO - [2026-09-14T17:46:32.044+0000] {dagbag.py:540} INFO - Filling up the DagBag from /opt/airflow/dags/fraud_pipeline_dag.py
[2026-09-14T17:46:32.062+0000] {processor.py:840} INFO - DAG(s) 'fraud_pipeline' retrieved from /opt/airflow/dags/fraud_pipeline_dag.py
[2026-09-14T17:46:32.099+0000] {logging_mixin.py:188} INFO - [2026-09-14T17:46:32.099+0000] {dag.py:3096} INFO - Sync 1 DAGs
[2026-09-14T17:46:32.118+0000] {logging_mixin.py:188} INFO - [2026-09-14T17:46:32.118+0000] {dag.py:3954} INFO - Setting next_dagrun for fraud_pipeline to None, run_after=None
[2026-09-14T17:46:32.149+0000] {processor.py:183} INFO - Processing /opt/airflow/dags/fraud_pipeline_dag.py took 0.115 seconds
[2026-09-14T17:47:11.018+0000] {processor.py:161} INFO - Started process (PID=369) to work on /opt/airflow/dags/fraud_pipeline_dag.py
[2026-09-14T17:47:11.019+0000] {processor.py:830} INFO - Processing file /opt/airflow/dags/fraud_pipeline_dag.py for tasks to queue
[2026-09-14T17:47:11.021+0000] {logging_mixin.py:188} INFO - [2026-09-14T17:47:11.021+0000] {dagbag.py:540} INFO - Filling up the DagBag from /opt/airflow/dags/fraud_pipeline_dag.py
[2026-09-14T17:47:11.036+0000] {processor.py:840} INFO - DAG(s) 'fraud_pipeline' retrieved from /opt/airflow/dags/fraud_pipeline_dag.py
[2026-09-14T17:47:11.073+0000] {logging_mixin.py:188} INFO - [2026-09-14T17:47:11.073+0000] {dag.py:3096} INFO - Sync 1 DAGs
[2026-09-14T17:47:11.091+0000] {logging_mixin.py:188} INFO - [2026-09-14T17:47:11.091+0000] {dag.py:3954} INFO - Setting next_dagrun for fraud_pipeline to None, run_after=None
[2026-09-14T17:46:36.361+0000] {processor.py:183} INFO - Processing /opt/airflow/dags/fraud_pipeline_dag.py took 0.139 seconds
[2026-09-14T17:47:16.094+0000] {processor.py:161} INFO - Started process (PID=374) to work on /opt/airflow/dags/fraud_pipeline_dag.py
[2026-09-14T17:47:16.100+0000] {processor.py:830} INFO - Processing file /opt/airflow/dags/fraud_pipeline_dag.py for tasks to queue
[2026-09-14T17:47:16.102+0000] {logging_mixin.py:188} INFO - [2026-09-14T17:47:16.102+0000] {dagbag.py:540} INFO - Filling up the DagBag from /opt/airflow/dags/fraud_pipeline_dag.py
[2026-09-14T17:47:16.133+0000] {processor.py:840} INFO - DAG(s) 'fraud_pipeline' retrieved from /opt/airflow/dags/fraud_pipeline_dag.py
[2026-09-14T17:46:41.391+0000] {logging_mixin.py:188} INFO - [2026-09-14T17:46:41.390+0000] {dag.py:3096} INFO - Sync 1 DAGs
[2026-09-14T17:46:41.408+0000] {logging_mixin.py:188} INFO - [2026-09-14T17:46:41.408+0000] {dag.py:3954} INFO - Setting next_dagrun for fraud_pipeline to None, run_after=None
[2026-09-14T17:46:41.438+0000] {processor.py:183} INFO - Processing /opt/airflow/dags/fraud_pipeline_dag.py took 0.141 seconds
[2026-09-14T17:47:11.638+0000] {processor.py:161} INFO - Started process (PID=381) to work on /opt/airflow/dags/fraud_pipeline_dag.py
[2026-09-14T17:47:11.645+0000] {processor.py:830} INFO - Processing file /opt/airflow/dags/fraud_pipeline_dag.py for tasks to queue
[2026-09-14T17:47:11.647+0000] {logging_mixin.py:188} INFO - [2026-09-14T17:47:11.647+0000] {dagbag.py:540} INFO - Filling up the DagBag from /opt/airflow/dags/fraud_pipeline_dag.py
[2026-09-14T17:47:11.667+0000] {processor.py:840} INFO - DAG(s) 'fraud_pipeline' retrieved from /opt/airflow/dags/fraud_pipeline_dag.py
[2026-09-14T17:47:11.705+0000] {logging_mixin.py:188} INFO - [2026-09-14T17:47:11.705+0000] {dag.py:3096} INFO - Sync 1 DAGs
[2026-09-14T17:47:11.721+0000] {logging_mixin.py:188} INFO - [2026-09-14T17:47:11.721+0000] {dag.py:3954} INFO - Setting next_dagrun for fraud_pipeline to None, run_after=None
[2026-09-14T17:47:11.751+0000] {processor.py:183} INFO - Processing /opt/airflow/dags/fraud_pipeline_dag.py took 0.121 seconds
[2026-09-14T17:48:05.685+0000] {processor.py:161} INFO - Started process (PID=386) to work on /opt/airflow/dags/fraud_pipeline_dag.py
[2026-09-14T17:48:05.686+0000] {processor.py:830} INFO - Processing file /opt/airflow/dags/fraud_pipeline_dag.py for tasks to queue
[2026-09-14T17:48:05.690+0000] {logging_mixin.py:188} INFO - [2026-09-14T17:48:05.690+0000] {dagbag.py:540} INFO - Filling up the DagBag from /opt/airflow/dags/fraud_pipeline_dag.py
[2026-09-14T17:48:05.708+0000] {processor.py:840} INFO - DAG(s) 'fraud_pipeline' retrieved from /opt/airflow/dags/fraud_pipeline_dag.py
[2026-09-14T17:48:05.744+0000] {logging_mixin.py:188} INFO - [2026-09-14T17:48:05.744+0000] {dag.py:3096} INFO - Sync 1 DAGs
[2026-09-14T17:48:05.761+0000] {logging_mixin.py:188} INFO - [2026-09-14T17:48:05.761+0000] {dag.py:3954} INFO - Setting next_dagrun for fraud_pipeline to None, run_after=None
[2026-09-14T17:48:05.781+0000] {processor.py:183} INFO - Processing /opt/airflow/dags/fraud_pipeline_dag.py took 0.104 seconds
[2026-09-14T17:48:36.288+0000] {processor.py:161} INFO - Started process (PID=391) to work on /opt/airflow/dags/fraud_pipeline_dag.py
[2026-09-14T17:48:36.289+0000] {processor.py:830} INFO - Processing file /opt/airflow/dags/fraud_pipeline_dag.py for tasks to queue
[2026-09-14T17:48:36.291+0000] {logging_mixin.py:188} INFO - [2026-09-14T17:48:36.290+0000] {dagbag.py:540} INFO - Filling up the DagBag from /opt/airflow/dags/fraud_pipeline_dag.py
[2026-09-14T17:48:36.307+0000] {processor.py:840} INFO - DAG(s) 'fraud_pipeline' retrieved from /opt/airflow/dags/fraud_pipeline_dag.py
[2026-09-14T17:49:11.217+0000] {logging_mixin.py:188} INFO - [2026-09-14T17:49:11.217+0000] {dag.py:3096} INFO - Sync 1 DAGs
[2026-09-14T17:49:11.264+0000] {logging_mixin.py:188} INFO - [2026-09-14T17:49:11.263+0000] {dag.py:3954} INFO - Setting next_dagrun for fraud_pipeline to None, run_after=None
[2026-09-14T17:49:11.309+0000] {processor.py:183} INFO - Processing /opt/airflow/dags/fraud_pipeline_dag.py took 0.251 seconds
[2026-09-14T17:49:46.370+0000] {processor.py:161} INFO - Started process (PID=396) to work on /opt/airflow/dags/fraud_pipeline_dag.py
[2026-09-14T17:49:46.373+0000] {processor.py:830} INFO - Processing file /opt/airflow/dags/fraud_pipeline_dag.py for tasks to queue
[2026-09-14T17:49:46.375+0000] {logging_mixin.py:188} INFO - [2026-09-14T17:49:46.375+0000] {dagbag.py:540} INFO - Filling up the DagBag from /opt/airflow/dags/fraud_pipeline_dag.py
[2026-09-14T17:49:11.620+0000] {processor.py:840} INFO - DAG(s) 'fraud_pipeline' retrieved from /opt/airflow/dags/fraud_pipeline_dag.py
[2026-09-14T17:49:11.699+0000] {logging_mixin.py:188} INFO - [2026-09-14T17:49:11.699+0000] {dag.py:3096} INFO - Sync 1 DAGs
[2026-09-14T17:49:11.721+0000] {logging_mixin.py:188} INFO - [2026-09-14T17:49:11.720+0000] {dag.py:3954} INFO - Setting next_dagrun for fraud_pipeline to None, run_after=None
[2026-09-14T17:49:11.776+0000] {processor.py:183} INFO - Processing /opt/airflow/dags/fraud_pipeline_dag.py took 0.202 seconds
[2026-09-14T17:50:05.672+0000] {processor.py:161} INFO - Started process (PID=401) to work on /opt/airflow/dags/fraud_pipeline_dag.py
[2026-09-14T17:50:05.674+0000] {processor.py:830} INFO - Processing file /opt/airflow/dags/fraud_pipeline_dag.py for tasks to queue
[2026-09-14T17:50:05.677+0000] {logging_mixin.py:188} INFO - [2026-09-14T17:50:05.676+0000] {dagbag.py:540} INFO - Filling up the DagBag from /opt/airflow/dags/fraud_pipeline_dag.py
[2026-09-14T17:50:05.697+0000] {processor.py:840} INFO - DAG(s) 'fraud_pipeline' retrieved from /opt/airflow/dags/fraud_pipeline_dag.py
[2026-09-14T17:50:05.760+0000] {logging_mixin.py:188} INFO - [2026-09-14T17:50:05.760+0000] {dag.py:3096} INFO - Sync 1 DAGs
[2026-09-14T17:49:31.026+0000] {logging_mixin.py:188} INFO - [2026-09-14T17:49:31.026+0000] {dag.py:3954} INFO - Setting next_dagrun for fraud_pipeline to None, run_after=None
[2026-09-14T17:49:31.060+0000] {processor.py:183} INFO - Processing /opt/airflow/dags/fraud_pipeline_dag.py took 0.178 seconds
[2026-09-14T17:50:01.268+0000] {processor.py:161} INFO - Started process (PID=406) to work on /opt/airflow/dags/fraud_pipeline_dag.py
[2026-09-14T17:50:01.272+0000] {processor.py:830} INFO - Processing file /opt/airflow/dags/fraud_pipeline_dag.py for tasks to queue
[2026-09-14T17:50:01.278+0000] {logging_mixin.py:188} INFO - [2026-09-14T17:50:01.278+0000] {dagbag.py:540} INFO - Filling up the DagBag from /opt/airflow/dags/fraud_pipeline_dag.py
[2026-09-14T17:50:01.317+0000] {processor.py:840} INFO - DAG(s) 'fraud_pipeline' retrieved from /opt/airflow/dags/fraud_pipeline_dag.py
[2026-09-14T17:50:01.430+0000] {logging_mixin.py:188} INFO - [2026-09-14T17:50:01.430+0000] {dag.py:3096} INFO - Sync 1 DAGs
[2026-09-14T17:50:01.459+0000] {logging_mixin.py:188} INFO - [2026-09-14T17:50:01.458+0000] {dag.py:3954} INFO - Setting next_dagrun for fraud_pipeline to None, run_after=None
[2026-09-14T17:50:36.291+0000] {processor.py:183} INFO - Processing /opt/airflow/dags/fraud_pipeline_dag.py took 0.260 seconds
[2026-09-14T17:51:06.504+0000] {processor.py:161} INFO - Started process (PID=411) to work on /opt/airflow/dags/fraud_pipeline_dag.py
[2026-09-14T17:51:06.512+0000] {processor.py:830} INFO - Processing file /opt/airflow/dags/fraud_pipeline_dag.py for tasks to queue
[2026-09-14T17:51:06.530+0000] {logging_mixin.py:188} INFO - [2026-09-14T17:51:06.528+0000] {dagbag.py:540} INFO - Filling up the DagBag from /opt/airflow/dags/fraud_pipeline_dag.py
[2026-09-14T17:50:31.823+0000] {processor.py:840} INFO - DAG(s) 'fraud_pipeline' retrieved from /opt/airflow/dags/fraud_pipeline_dag.py
[2026-09-14T17:50:31.869+0000] {logging_mixin.py:188} INFO - [2026-09-14T17:50:31.869+0000] {dag.py:3096} INFO - Sync 1 DAGs
[2026-09-14T17:50:31.947+0000] {logging_mixin.py:188} INFO - [2026-09-14T17:50:31.947+0000] {dag.py:3954} INFO - Setting next_dagrun for fraud_pipeline to None, run_after=None
[2026-09-14T17:50:31.979+0000] {processor.py:183} INFO - Processing /opt/airflow/dags/fraud_pipeline_dag.py took 0.264 seconds
[2026-09-14T17:51:11.530+0000] {processor.py:161} INFO - Started process (PID=416) to work on /opt/airflow/dags/fraud_pipeline_dag.py
[2026-09-14T17:51:11.531+0000] {processor.py:830} INFO - Processing file /opt/airflow/dags/fraud_pipeline_dag.py for tasks to queue
[2026-09-14T17:51:11.534+0000] {logging_mixin.py:188} INFO - [2026-09-14T17:51:11.534+0000] {dagbag.py:540} INFO - Filling up the DagBag from /opt/airflow/dags/fraud_pipeline_dag.py
[2026-09-14T17:50:36.809+0000] {processor.py:840} INFO - DAG(s) 'fraud_pipeline' retrieved from /opt/airflow/dags/fraud_pipeline_dag.py
[2026-09-14T17:50:36.866+0000] {logging_mixin.py:188} INFO - [2026-09-14T17:50:36.866+0000] {dag.py:3096} INFO - Sync 1 DAGs
[2026-09-14T17:50:36.883+0000] {logging_mixin.py:188} INFO - [2026-09-14T17:50:36.883+0000] {dag.py:3954} INFO - Setting next_dagrun for fraud_pipeline to None, run_after=None
[2026-09-14T17:50:36.905+0000] {processor.py:183} INFO - Processing /opt/airflow/dags/fraud_pipeline_dag.py took 0.160 seconds
[2026-09-14T17:50:41.786+0000] {processor.py:161} INFO - Started process (PID=421) to work on /opt/airflow/dags/fraud_pipeline_dag.py
[2026-09-14T17:50:41.788+0000] {processor.py:830} INFO - Processing file /opt/airflow/dags/fraud_pipeline_dag.py for tasks to queue
[2026-09-14T17:50:41.790+0000] {logging_mixin.py:188} INFO - [2026-09-14T17:50:41.790+0000] {dagbag.py:540} INFO - Filling up the DagBag from /opt/airflow/dags/fraud_pipeline_dag.py
[2026-09-14T17:50:41.830+0000] {processor.py:840} INFO - DAG(s) 'fraud_pipeline' retrieved from /opt/airflow/dags/fraud_pipeline_dag.py
[2026-09-14T17:50:41.894+0000] {logging_mixin.py:188} INFO - [2026-09-14T17:50:41.894+0000] {dag.py:3096} INFO - Sync 1 DAGs
[2026-09-14T17:50:41.911+0000] {logging_mixin.py:188} INFO - [2026-09-14T17:50:41.911+0000] {dag.py:3954} INFO - Setting next_dagrun for fraud_pipeline to None, run_after=None
[2026-09-14T17:50:41.934+0000] {processor.py:183} INFO - Processing /opt/airflow/dags/fraud_pipeline_dag.py took 0.156 seconds
[2026-09-14T17:51:12.168+0000] {processor.py:161} INFO - Started process (PID=426) to work on /opt/airflow/dags/fraud_pipeline_dag.py
[2026-09-14T17:51:12.170+0000] {processor.py:830} INFO - Processing file /opt/airflow/dags/fraud_pipeline_dag.py for tasks to queue
[2026-09-14T17:51:12.175+0000] {logging_mixin.py:188} INFO - [2026-09-14T17:51:12.174+0000] {dagbag.py:540} INFO - Filling up the DagBag from /opt/airflow/dags/fraud_pipeline_dag.py
[2026-09-14T17:51:12.206+0000] {processor.py:840} INFO - DAG(s) 'fraud_pipeline' retrieved from /opt/airflow/dags/fraud_pipeline_dag.py
[2026-09-14T17:51:12.259+0000] {logging_mixin.py:188} INFO - [2026-09-14T17:51:12.259+0000] {dag.py:3096} INFO - Sync 1 DAGs
[2026-09-14T17:51:12.290+0000] {logging_mixin.py:188} INFO - [2026-09-14T17:51:12.290+0000] {dag.py:3954} INFO - Setting next_dagrun for fraud_pipeline to None, run_after=None
[2026-09-14T17:51:12.324+0000] {processor.py:183} INFO - Processing /opt/airflow/dags/fraud_pipeline_dag.py took 0.174 seconds
[2026-09-14T17:51:42.514+0000] {processor.py:161} INFO - Started process (PID=431) to work on /opt/airflow/dags/fraud_pipeline_dag.py
[2026-09-14T17:51:42.523+0000] {processor.py:830} INFO - Processing file /opt/airflow/dags/fraud_pipeline_dag.py for tasks to queue
[2026-09-14T17:51:42.533+0000] {logging_mixin.py:188} INFO - [2026-09-14T17:51:42.532+0000] {dagbag.py:540} INFO - Filling up the DagBag from /opt/airflow/dags/fraud_pipeline_dag.py
[2026-09-14T17:51:42.571+0000] {processor.py:840} INFO - DAG(s) 'fraud_pipeline' retrieved from /opt/airflow/dags/fraud_pipeline_dag.py
[2026-09-14T17:51:42.617+0000] {logging_mixin.py:188} INFO - [2026-09-14T17:51:42.617+0000] {dag.py:3096} INFO - Sync 1 DAGs
[2026-09-14T17:51:42.633+0000] {logging_mixin.py:188} INFO - [2026-09-14T17:51:42.633+0000] {dag.py:3954} INFO - Setting next_dagrun for fraud_pipeline to None, run_after=None
[2026-09-14T17:51:42.654+0000] {processor.py:183} INFO - Processing /opt/airflow/dags/fraud_pipeline_dag.py took 0.146 seconds
[2026-09-14T17:52:31.550+0000] {processor.py:161} INFO - Started process (PID=436) to work on /opt/airflow/dags/fraud_pipeline_dag.py
[2026-09-14T17:52:31.552+0000] {processor.py:830} INFO - Processing file /opt/airflow/dags/fraud_pipeline_dag.py for tasks to queue
[2026-09-14T17:52:31.556+0000] {logging_mixin.py:188} INFO - [2026-09-14T17:52:31.555+0000] {dagbag.py:540} INFO - Filling up the DagBag from /opt/airflow/dags/fraud_pipeline_dag.py
[2026-09-14T17:52:31.578+0000] {processor.py:840} INFO - DAG(s) 'fraud_pipeline' retrieved from /opt/airflow/dags/fraud_pipeline_dag.py
[2026-09-14T17:52:31.641+0000] {logging_mixin.py:188} INFO - [2026-09-14T17:52:31.640+0000] {dag.py:3096} INFO - Sync 1 DAGs
[2026-09-14T17:52:31.660+0000] {logging_mixin.py:188} INFO - [2026-09-14T17:52:31.659+0000] {dag.py:3954} INFO - Setting next_dagrun for fraud_pipeline to None, run_after=None
[2026-09-14T17:51:56.925+0000] {processor.py:183} INFO - Processing /opt/airflow/dags/fraud_pipeline_dag.py took 0.166 seconds
[2026-09-14T17:52:35.768+0000] {processor.py:161} INFO - Started process (PID=441) to work on /opt/airflow/dags/fraud_pipeline_dag.py
[2026-09-14T17:52:35.773+0000] {processor.py:830} INFO - Processing file /opt/airflow/dags/fraud_pipeline_dag.py for tasks to queue
[2026-09-14T17:52:35.775+0000] {logging_mixin.py:188} INFO - [2026-09-14T17:52:35.775+0000] {dagbag.py:540} INFO - Filling up the DagBag from /opt/airflow/dags/fraud_pipeline_dag.py
[2026-09-14T17:52:35.812+0000] {processor.py:840} INFO - DAG(s) 'fraud_pipeline' retrieved from /opt/airflow/dags/fraud_pipeline_dag.py
[2026-09-14T17:52:35.873+0000] {logging_mixin.py:188} INFO - [2026-09-14T17:52:35.873+0000] {dag.py:3096} INFO - Sync 1 DAGs
[2026-09-14T17:52:35.898+0000] {logging_mixin.py:188} INFO - [2026-09-14T17:52:35.898+0000] {dag.py:3954} INFO - Setting next_dagrun for fraud_pipeline to None, run_after=None
[2026-09-14T17:52:35.933+0000] {processor.py:183} INFO - Processing /opt/airflow/dags/fraud_pipeline_dag.py took 0.174 seconds
[2026-09-14T17:53:35.740+0000] {processor.py:161} INFO - Started process (PID=446) to work on /opt/airflow/dags/fraud_pipeline_dag.py
[2026-09-14T17:53:35.741+0000] {processor.py:830} INFO - Processing file /opt/airflow/dags/fraud_pipeline_dag.py for tasks to queue
[2026-09-14T17:53:35.743+0000] {logging_mixin.py:188} INFO - [2026-09-14T17:53:35.743+0000] {dagbag.py:540} INFO - Filling up the DagBag from /opt/airflow/dags/fraud_pipeline_dag.py
[2026-09-14T17:53:35.755+0000] {processor.py:840} INFO - DAG(s) 'fraud_pipeline' retrieved from /opt/airflow/dags/fraud_pipeline_dag.py
[2026-09-14T17:53:35.782+0000] {logging_mixin.py:188} INFO - [2026-09-14T17:53:35.782+0000] {dag.py:3096} INFO - Sync 1 DAGs
[2026-09-14T17:53:35.795+0000] {logging_mixin.py:188} INFO - [2026-09-14T17:53:35.795+0000] {dag.py:3954} INFO - Setting next_dagrun for fraud_pipeline to None, run_after=None
[2026-09-14T17:53:35.813+0000] {processor.py:183} INFO - Processing /opt/airflow/dags/fraud_pipeline_dag.py took 0.078 seconds
[2026-09-14T17:54:05.947+0000] {processor.py:161} INFO - Started process (PID=451) to work on /opt/airflow/dags/fraud_pipeline_dag.py
[2026-09-14T17:54:05.951+0000] {processor.py:830} INFO - Processing file /opt/airflow/dags/fraud_pipeline_dag.py for tasks to queue
[2026-09-14T17:54:05.955+0000] {logging_mixin.py:188} INFO - [2026-09-14T17:54:05.954+0000] {dagbag.py:540} INFO - Filling up the DagBag from /opt/airflow/dags/fraud_pipeline_dag.py
[2026-09-14T17:54:05.982+0000] {processor.py:840} INFO - DAG(s) 'fraud_pipeline' retrieved from /opt/airflow/dags/fraud_pipeline_dag.py
[2026-09-14T17:54:06.044+0000] {logging_mixin.py:188} INFO - [2026-09-14T17:54:06.044+0000] {dag.py:3096} INFO - Sync 1 DAGs
[2026-09-14T17:54:06.071+0000] {logging_mixin.py:188} INFO - [2026-09-14T17:54:06.071+0000] {dag.py:3954} INFO - Setting next_dagrun for fraud_pipeline to None, run_after=None
[2026-09-14T17:54:06.107+0000] {processor.py:183} INFO - Processing /opt/airflow/dags/fraud_pipeline_dag.py took 0.176 seconds
[2026-09-14T17:54:36.293+0000] {processor.py:161} INFO - Started process (PID=456) to work on /opt/airflow/dags/fraud_pipeline_dag.py
[2026-09-14T17:54:36.294+0000] {processor.py:830} INFO - Processing file /opt/airflow/dags/fraud_pipeline_dag.py for tasks to queue
[2026-09-14T17:54:36.296+0000] {logging_mixin.py:188} INFO - [2026-09-14T17:54:36.296+0000] {dagbag.py:540} INFO - Filling up the DagBag from /opt/airflow/dags/fraud_pipeline_dag.py
[2026-09-14T17:54:36.310+0000] {processor.py:840} INFO - DAG(s) 'fraud_pipeline' retrieved from /opt/airflow/dags/fraud_pipeline_dag.py
[2026-09-14T17:54:36.339+0000] {logging_mixin.py:188} INFO - [2026-09-14T17:54:36.339+0000] {dag.py:3096} INFO - Sync 1 DAGs
[2026-09-14T17:54:36.351+0000] {logging_mixin.py:188} INFO - [2026-09-14T17:54:36.351+0000] {dag.py:3954} INFO - Setting next_dagrun for fraud_pipeline to None, run_after=None
[2026-09-14T17:54:36.386+0000] {processor.py:183} INFO - Processing /opt/airflow/dags/fraud_pipeline_dag.py took 0.101 seconds
[2026-09-14T17:55:06.498+0000] {processor.py:161} INFO - Started process (PID=461) to work on /opt/airflow/dags/fraud_pipeline_dag.py
[2026-09-14T17:55:06.499+0000] {processor.py:830} INFO - Processing file /opt/airflow/dags/fraud_pipeline_dag.py for tasks to queue
[2026-09-14T17:55:06.501+0000] {logging_mixin.py:188} INFO - [2026-09-14T17:55:06.500+0000] {dagbag.py:540} INFO - Filling up the DagBag from /opt/airflow/dags/fraud_pipeline_dag.py
[2026-09-14T17:55:06.511+0000] {processor.py:840} INFO - DAG(s) 'fraud_pipeline' retrieved from /opt/airflow/dags/fraud_pipeline_dag.py
[2026-09-14T17:55:06.538+0000] {logging_mixin.py:188} INFO - [2026-09-14T17:55:06.538+0000] {dag.py:3096} INFO - Sync 1 DAGs
[2026-09-14T17:55:06.549+0000] {logging_mixin.py:188} INFO - [2026-09-14T17:55:06.549+0000] {dag.py:3954} INFO - Setting next_dagrun for fraud_pipeline to None, run_after=None
[2026-09-14T17:55:06.565+0000] {processor.py:183} INFO - Processing /opt/airflow/dags/fraud_pipeline_dag.py took 0.071 seconds
[2026-09-14T17:55:36.709+0000] {processor.py:161} INFO - Started process (PID=466) to work on /opt/airflow/dags/fraud_pipeline_dag.py
[2026-09-14T17:55:36.710+0000] {processor.py:830} INFO - Processing file /opt/airflow/dags/fraud_pipeline_dag.py for tasks to queue
[2026-09-14T17:55:36.712+0000] {logging_mixin.py:188} INFO - [2026-09-14T17:55:36.712+0000] {dagbag.py:540} INFO - Filling up the DagBag from /opt/airflow/dags/fraud_pipeline_dag.py
[2026-09-14T17:55:36.724+0000] {processor.py:840} INFO - DAG(s) 'fraud_pipeline' retrieved from /opt/airflow/dags/fraud_pipeline_dag.py
[2026-09-14T17:55:36.750+0000] {logging_mixin.py:188} INFO - [2026-09-14T17:55:36.750+0000] {dag.py:3096} INFO - Sync 1 DAGs
[2026-09-14T17:55:36.762+0000] {logging_mixin.py:188} INFO - [2026-09-14T17:55:36.762+0000] {dag.py:3954} INFO - Setting next_dagrun for fraud_pipeline to None, run_after=None
[2026-09-14T17:55:36.793+0000] {processor.py:183} INFO - Processing /opt/airflow/dags/fraud_pipeline_dag.py took 0.088 seconds
[2026-09-14T17:56:06.947+0000] {processor.py:161} INFO - Started process (PID=471) to work on /opt/airflow/dags/fraud_pipeline_dag.py
[2026-09-14T17:56:06.948+0000] {processor.py:830} INFO - Processing file /opt/airflow/dags/fraud_pipeline_dag.py for tasks to queue
[2026-09-14T17:56:06.950+0000] {logging_mixin.py:188} INFO - [2026-09-14T17:56:06.950+0000] {dagbag.py:540} INFO - Filling up the DagBag from /opt/airflow/dags/fraud_pipeline_dag.py
[2026-09-14T17:56:06.963+0000] {processor.py:840} INFO - DAG(s) 'fraud_pipeline' retrieved from /opt/airflow/dags/fraud_pipeline_dag.py
[2026-09-14T17:56:06.989+0000] {logging_mixin.py:188} INFO - [2026-09-14T17:56:06.988+0000] {dag.py:3096} INFO - Sync 1 DAGs
[2026-09-14T17:56:07.000+0000] {logging_mixin.py:188} INFO - [2026-09-14T17:56:07.000+0000] {dag.py:3954} INFO - Setting next_dagrun for fraud_pipeline to None, run_after=None
[2026-09-14T17:56:07.015+0000] {processor.py:183} INFO - Processing /opt/airflow/dags/fraud_pipeline_dag.py took 0.073 seconds
[2026-09-14T17:56:37.159+0000] {processor.py:161} INFO - Started process (PID=476) to work on /opt/airflow/dags/fraud_pipeline_dag.py
[2026-09-14T17:56:37.160+0000] {processor.py:830} INFO - Processing file /opt/airflow/dags/fraud_pipeline_dag.py for tasks to queue
[2026-09-14T17:56:37.161+0000] {logging_mixin.py:188} INFO - [2026-09-14T17:56:37.161+0000] {dagbag.py:540} INFO - Filling up the DagBag from /opt/airflow/dags/fraud_pipeline_dag.py
[2026-09-14T17:56:37.173+0000] {processor.py:840} INFO - DAG(s) 'fraud_pipeline' retrieved from /opt/airflow/dags/fraud_pipeline_dag.py
[2026-09-14T17:56:37.199+0000] {logging_mixin.py:188} INFO - [2026-09-14T17:56:37.198+0000] {dag.py:3096} INFO - Sync 1 DAGs
[2026-09-14T17:56:37.210+0000] {logging_mixin.py:188} INFO - [2026-09-14T17:56:37.210+0000] {dag.py:3954} INFO - Setting next_dagrun for fraud_pipeline to None, run_after=None
[2026-09-14T17:56:37.227+0000] {processor.py:183} INFO - Processing /opt/airflow/dags/fraud_pipeline_dag.py took 0.072 seconds
[2026-09-14T17:57:07.387+0000] {processor.py:161} INFO - Started process (PID=481) to work on /opt/airflow/dags/fraud_pipeline_dag.py
[2026-09-14T17:57:07.388+0000] {processor.py:830} INFO - Processing file /opt/airflow/dags/fraud_pipeline_dag.py for tasks to queue
[2026-09-14T17:57:07.389+0000] {logging_mixin.py:188} INFO - [2026-09-14T17:57:07.389+0000] {dagbag.py:540} INFO - Filling up the DagBag from /opt/airflow/dags/fraud_pipeline_dag.py
[2026-09-14T17:57:07.401+0000] {processor.py:840} INFO - DAG(s) 'fraud_pipeline' retrieved from /opt/airflow/dags/fraud_pipeline_dag.py
[2026-09-14T17:57:07.425+0000] {logging_mixin.py:188} INFO - [2026-09-14T17:57:07.425+0000] {dag.py:3096} INFO - Sync 1 DAGs
[2026-09-14T17:57:07.436+0000] {logging_mixin.py:188} INFO - [2026-09-14T17:57:07.436+0000] {dag.py:3954} INFO - Setting next_dagrun for fraud_pipeline to None, run_after=None
[2026-09-14T17:57:07.454+0000] {processor.py:183} INFO - Processing /opt/airflow/dags/fraud_pipeline_dag.py took 0.071 seconds
[2026-09-14T17:57:37.600+0000] {processor.py:161} INFO - Started process (PID=486) to work on /opt/airflow/dags/fraud_pipeline_dag.py
[2026-09-14T17:57:37.601+0000] {processor.py:830} INFO - Processing file /opt/airflow/dags/fraud_pipeline_dag.py for tasks to queue
[2026-09-14T17:57:37.602+0000] {logging_mixin.py:188} INFO - [2026-09-14T17:57:37.602+0000] {dagbag.py:540} INFO - Filling up the DagBag from /opt/airflow/dags/fraud_pipeline_dag.py
[2026-09-14T17:57:37.613+0000] {processor.py:840} INFO - DAG(s) 'fraud_pipeline' retrieved from /opt/airflow/dags/fraud_pipeline_dag.py
[2026-09-14T17:57:37.638+0000] {logging_mixin.py:188} INFO - [2026-09-14T17:57:37.638+0000] {dag.py:3096} INFO - Sync 1 DAGs
[2026-09-14T17:57:37.652+0000] {logging_mixin.py:188} INFO - [2026-09-14T17:57:37.652+0000] {dag.py:3954} INFO - Setting next_dagrun for fraud_pipeline to None, run_after=None
[2026-09-14T17:57:37.668+0000] {processor.py:183} INFO - Processing /opt/airflow/dags/fraud_pipeline_dag.py took 0.072 seconds
[2026-09-14T17:58:07.893+0000] {processor.py:161} INFO - Started process (PID=491) to work on /opt/airflow/dags/fraud_pipeline_dag.py
[2026-09-14T17:58:07.895+0000] {processor.py:830} INFO - Processing file /opt/airflow/dags/fraud_pipeline_dag.py for tasks to queue
[2026-09-14T17:58:07.897+0000] {logging_mixin.py:188} INFO - [2026-09-14T17:58:07.896+0000] {dagbag.py:540} INFO - Filling up the DagBag from /opt/airflow/dags/fraud_pipeline_dag.py
[2026-09-14T17:58:07.915+0000] {processor.py:840} INFO - DAG(s) 'fraud_pipeline' retrieved from /opt/airflow/dags/fraud_pipeline_dag.py
[2026-09-14T17:58:07.944+0000] {logging_mixin.py:188} INFO - [2026-09-14T17:58:07.944+0000] {dag.py:3096} INFO - Sync 1 DAGs
[2026-09-14T17:58:07.957+0000] {logging_mixin.py:188} INFO - [2026-09-14T17:58:07.956+0000] {dag.py:3954} INFO - Setting next_dagrun for fraud_pipeline to None, run_after=None
[2026-09-14T17:58:07.974+0000] {processor.py:183} INFO - Processing /opt/airflow/dags/fraud_pipeline_dag.py took 0.088 seconds
[2026-09-14T17:58:38.047+0000] {processor.py:161} INFO - Started process (PID=496) to work on /opt/airflow/dags/fraud_pipeline_dag.py
[2026-09-14T17:58:38.048+0000] {processor.py:830} INFO - Processing file /opt/airflow/dags/fraud_pipeline_dag.py for tasks to queue
[2026-09-14T17:58:38.049+0000] {logging_mixin.py:188} INFO - [2026-09-14T17:58:38.049+0000] {dagbag.py:540} INFO - Filling up the DagBag from /opt/airflow/dags/fraud_pipeline_dag.py
[2026-09-14T17:58:38.061+0000] {processor.py:840} INFO - DAG(s) 'fraud_pipeline' retrieved from /opt/airflow/dags/fraud_pipeline_dag.py
[2026-09-14T17:58:38.090+0000] {logging_mixin.py:188} INFO - [2026-09-14T17:58:38.090+0000] {dag.py:3096} INFO - Sync 1 DAGs
[2026-09-14T17:58:38.106+0000] {logging_mixin.py:188} INFO - [2026-09-14T17:58:38.105+0000] {dag.py:3954} INFO - Setting next_dagrun for fraud_pipeline to None, run_after=None
[2026-09-14T17:58:38.125+0000] {processor.py:183} INFO - Processing /opt/airflow/dags/fraud_pipeline_dag.py took 0.083 seconds
[2026-09-14T17:59:08.258+0000] {processor.py:161} INFO - Started process (PID=501) to work on /opt/airflow/dags/fraud_pipeline_dag.py
[2026-09-14T17:59:08.259+0000] {processor.py:830} INFO - Processing file /opt/airflow/dags/fraud_pipeline_dag.py for tasks to queue
[2026-09-14T17:59:08.261+0000] {logging_mixin.py:188} INFO - [2026-09-14T17:59:08.260+0000] {dagbag.py:540} INFO - Filling up the DagBag from /opt/airflow/dags/fraud_pipeline_dag.py
[2026-09-14T17:59:08.272+0000] {processor.py:840} INFO - DAG(s) 'fraud_pipeline' retrieved from /opt/airflow/dags/fraud_pipeline_dag.py
[2026-09-14T17:59:08.296+0000] {logging_mixin.py:188} INFO - [2026-09-14T17:59:08.296+0000] {dag.py:3096} INFO - Sync 1 DAGs
[2026-09-14T17:59:08.312+0000] {logging_mixin.py:188} INFO - [2026-09-14T17:59:08.312+0000] {dag.py:3954} INFO - Setting next_dagrun for fraud_pipeline to None, run_after=None
[2026-09-14T17:59:08.331+0000] {processor.py:183} INFO - Processing /opt/airflow/dags/fraud_pipeline_dag.py took 0.078 seconds
[2026-09-14T17:59:38.450+0000] {processor.py:161} INFO - Started process (PID=506) to work on /opt/airflow/dags/fraud_pipeline_dag.py
[2026-09-14T17:59:38.451+0000] {processor.py:830} INFO - Processing file /opt/airflow/dags/fraud_pipeline_dag.py for tasks to queue
[2026-09-14T17:59:38.452+0000] {logging_mixin.py:188} INFO - [2026-09-14T17:59:38.452+0000] {dagbag.py:540} INFO - Filling up the DagBag from /opt/airflow/dags/fraud_pipeline_dag.py
[2026-09-14T17:59:38.464+0000] {processor.py:840} INFO - DAG(s) 'fraud_pipeline' retrieved from /opt/airflow/dags/fraud_pipeline_dag.py
[2026-09-14T17:59:38.491+0000] {logging_mixin.py:188} INFO - [2026-09-14T17:59:38.490+0000] {dag.py:3096} INFO - Sync 1 DAGs
[2026-09-14T17:59:38.504+0000] {logging_mixin.py:188} INFO - [2026-09-14T17:59:38.504+0000] {dag.py:3954} INFO - Setting next_dagrun for fraud_pipeline to None, run_after=None
[2026-09-14T17:59:38.518+0000] {processor.py:183} INFO - Processing /opt/airflow/dags/fraud_pipeline_dag.py took 0.074 seconds
[2026-09-14T18:00:08.703+0000] {processor.py:161} INFO - Started process (PID=511) to work on /opt/airflow/dags/fraud_pipeline_dag.py
[2026-09-14T18:00:08.704+0000] {processor.py:830} INFO - Processing file /opt/airflow/dags/fraud_pipeline_dag.py for tasks to queue
[2026-09-14T18:00:08.706+0000] {logging_mixin.py:188} INFO - [2026-09-14T18:00:08.705+0000] {dagbag.py:540} INFO - Filling up the DagBag from /opt/airflow/dags/fraud_pipeline_dag.py
[2026-09-14T18:00:08.717+0000] {processor.py:840} INFO - DAG(s) 'fraud_pipeline' retrieved from /opt/airflow/dags/fraud_pipeline_dag.py
[2026-09-14T18:00:08.740+0000] {logging_mixin.py:188} INFO - [2026-09-14T18:00:08.740+0000] {dag.py:3096} INFO - Sync 1 DAGs
[2026-09-14T18:00:08.752+0000] {logging_mixin.py:188} INFO - [2026-09-14T18:00:08.752+0000] {dag.py:3954} INFO - Setting next_dagrun for fraud_pipeline to None, run_after=None
[2026-09-14T18:00:08.767+0000] {processor.py:183} INFO - Processing /opt/airflow/dags/fraud_pipeline_dag.py took 0.069 seconds
[2026-09-14T18:00:38.929+0000] {processor.py:161} INFO - Started process (PID=516) to work on /opt/airflow/dags/fraud_pipeline_dag.py
[2026-09-14T18:00:38.929+0000] {processor.py:830} INFO - Processing file /opt/airflow/dags/fraud_pipeline_dag.py for tasks to queue
[2026-09-14T18:00:38.931+0000] {logging_mixin.py:188} INFO - [2026-09-14T18:00:38.931+0000] {dagbag.py:540} INFO - Filling up the DagBag from /opt/airflow/dags/fraud_pipeline_dag.py
[2026-09-14T18:00:38.942+0000] {processor.py:840} INFO - DAG(s) 'fraud_pipeline' retrieved from /opt/airflow/dags/fraud_pipeline_dag.py
[2026-09-14T18:00:38.967+0000] {logging_mixin.py:188} INFO - [2026-09-14T18:00:38.966+0000] {dag.py:3096} INFO - Sync 1 DAGs
[2026-09-14T18:00:38.978+0000] {logging_mixin.py:188} INFO - [2026-09-14T18:00:38.978+0000] {dag.py:3954} INFO - Setting next_dagrun for fraud_pipeline to None, run_after=None
[2026-09-14T18:00:38.995+0000] {processor.py:183} INFO - Processing /opt/airflow/dags/fraud_pipeline_dag.py took 0.071 seconds
[2026-09-14T18:01:09.153+0000] {processor.py:161} INFO - Started process (PID=521) to work on /opt/airflow/dags/fraud_pipeline_dag.py
[2026-09-14T18:01:09.153+0000] {processor.py:830} INFO - Processing file /opt/airflow/dags/fraud_pipeline_dag.py for tasks to queue
[2026-09-14T18:01:09.155+0000] {logging_mixin.py:188} INFO - [2026-09-14T18:01:09.154+0000] {dagbag.py:540} INFO - Filling up the DagBag from /opt/airflow/dags/fraud_pipeline_dag.py
[2026-09-14T18:01:09.167+0000] {processor.py:840} INFO - DAG(s) 'fraud_pipeline' retrieved from /opt/airflow/dags/fraud_pipeline_dag.py
[2026-09-14T18:01:09.192+0000] {logging_mixin.py:188} INFO - [2026-09-14T18:01:09.192+0000] {dag.py:3096} INFO - Sync 1 DAGs
[2026-09-14T18:01:09.206+0000] {logging_mixin.py:188} INFO - [2026-09-14T18:01:09.206+0000] {dag.py:3954} INFO - Setting next_dagrun for fraud_pipeline to None, run_after=None
[2026-09-14T18:01:09.224+0000] {processor.py:183} INFO - Processing /opt/airflow/dags/fraud_pipeline_dag.py took 0.075 seconds
[2026-09-14T18:01:39.362+0000] {processor.py:161} INFO - Started process (PID=526) to work on /opt/airflow/dags/fraud_pipeline_dag.py
[2026-09-14T18:01:39.362+0000] {processor.py:830} INFO - Processing file /opt/airflow/dags/fraud_pipeline_dag.py for tasks to queue
[2026-09-14T18:01:39.364+0000] {logging_mixin.py:188} INFO - [2026-09-14T18:01:39.364+0000] {dagbag.py:540} INFO - Filling up the DagBag from /opt/airflow/dags/fraud_pipeline_dag.py
[2026-09-14T18:01:39.376+0000] {processor.py:840} INFO - DAG(s) 'fraud_pipeline' retrieved from /opt/airflow/dags/fraud_pipeline_dag.py
[2026-09-14T18:01:39.400+0000] {logging_mixin.py:188} INFO - [2026-09-14T18:01:39.400+0000] {dag.py:3096} INFO - Sync 1 DAGs
[2026-09-14T18:01:39.413+0000] {logging_mixin.py:188} INFO - [2026-09-14T18:01:39.412+0000] {dag.py:3954} INFO - Setting next_dagrun for fraud_pipeline to None, run_after=None
[2026-09-14T18:01:39.430+0000] {processor.py:183} INFO - Processing /opt/airflow/dags/fraud_pipeline_dag.py took 0.073 seconds
[2026-09-14T18:02:09.583+0000] {processor.py:161} INFO - Started process (PID=531) to work on /opt/airflow/dags/fraud_pipeline_dag.py
[2026-09-14T18:02:09.584+0000] {processor.py:830} INFO - Processing file /opt/airflow/dags/fraud_pipeline_dag.py for tasks to queue
[2026-09-14T18:02:09.585+0000] {logging_mixin.py:188} INFO - [2026-09-14T18:02:09.585+0000] {dagbag.py:540} INFO - Filling up the DagBag from /opt/airflow/dags/fraud_pipeline_dag.py
[2026-09-14T18:02:09.598+0000] {processor.py:840} INFO - DAG(s) 'fraud_pipeline' retrieved from /opt/airflow/dags/fraud_pipeline_dag.py
[2026-09-14T18:02:09.634+0000] {logging_mixin.py:188} INFO - [2026-09-14T18:02:09.634+0000] {dag.py:3096} INFO - Sync 1 DAGs
[2026-09-14T18:02:09.648+0000] {logging_mixin.py:188} INFO - [2026-09-14T18:02:09.648+0000] {dag.py:3954} INFO - Setting next_dagrun for fraud_pipeline to None, run_after=None
[2026-09-14T18:02:09.665+0000] {processor.py:183} INFO - Processing /opt/airflow/dags/fraud_pipeline_dag.py took 0.087 seconds
[2026-09-14T18:02:39.814+0000] {processor.py:161} INFO - Started process (PID=536) to work on /opt/airflow/dags/fraud_pipeline_dag.py
[2026-09-14T18:02:39.815+0000] {processor.py:830} INFO - Processing file /opt/airflow/dags/fraud_pipeline_dag.py for tasks to queue
[2026-09-14T18:02:39.816+0000] {logging_mixin.py:188} INFO - [2026-09-14T18:02:39.816+0000] {dagbag.py:540} INFO - Filling up the DagBag from /opt/airflow/dags/fraud_pipeline_dag.py
[2026-09-14T18:02:39.828+0000] {processor.py:840} INFO - DAG(s) 'fraud_pipeline' retrieved from /opt/airflow/dags/fraud_pipeline_dag.py
[2026-09-14T18:02:39.855+0000] {logging_mixin.py:188} INFO - [2026-09-14T18:02:39.855+0000] {dag.py:3096} INFO - Sync 1 DAGs
[2026-09-14T18:02:39.866+0000] {logging_mixin.py:188} INFO - [2026-09-14T18:02:39.866+0000] {dag.py:3954} INFO - Setting next_dagrun for fraud_pipeline to None, run_after=None
[2026-09-14T18:02:39.883+0000] {processor.py:183} INFO - Processing /opt/airflow/dags/fraud_pipeline_dag.py took 0.076 seconds
[2026-09-14T18:03:10.041+0000] {processor.py:161} INFO - Started process (PID=541) to work on /opt/airflow/dags/fraud_pipeline_dag.py
[2026-09-14T18:03:10.041+0000] {processor.py:830} INFO - Processing file /opt/airflow/dags/fraud_pipeline_dag.py for tasks to queue
[2026-09-14T18:03:10.043+0000] {logging_mixin.py:188} INFO - [2026-09-14T18:03:10.043+0000] {dagbag.py:540} INFO - Filling up the DagBag from /opt/airflow/dags/fraud_pipeline_dag.py
[2026-09-14T18:03:10.055+0000] {processor.py:840} INFO - DAG(s) 'fraud_pipeline' retrieved from /opt/airflow/dags/fraud_pipeline_dag.py
[2026-09-14T18:03:10.079+0000] {logging_mixin.py:188} INFO - [2026-09-14T18:03:10.079+0000] {dag.py:3096} INFO - Sync 1 DAGs
[2026-09-14T18:03:10.090+0000] {logging_mixin.py:188} INFO - [2026-09-14T18:03:10.090+0000] {dag.py:3954} INFO - Setting next_dagrun for fraud_pipeline to None, run_after=None
[2026-09-14T18:03:10.107+0000] {processor.py:183} INFO - Processing /opt/airflow/dags/fraud_pipeline_dag.py took 0.071 seconds
[2026-09-14T18:03:40.291+0000] {processor.py:161} INFO - Started process (PID=546) to work on /opt/airflow/dags/fraud_pipeline_dag.py
[2026-09-14T18:03:40.292+0000] {processor.py:830} INFO - Processing file /opt/airflow/dags/fraud_pipeline_dag.py for tasks to queue
[2026-09-14T18:03:40.294+0000] {logging_mixin.py:188} INFO - [2026-09-14T18:03:40.293+0000] {dagbag.py:540} INFO - Filling up the DagBag from /opt/airflow/dags/fraud_pipeline_dag.py
[2026-09-14T18:03:40.312+0000] {processor.py:840} INFO - DAG(s) 'fraud_pipeline' retrieved from /opt/airflow/dags/fraud_pipeline_dag.py
[2026-09-14T18:03:40.343+0000] {logging_mixin.py:188} INFO - [2026-09-14T18:03:40.342+0000] {dag.py:3096} INFO - Sync 1 DAGs
[2026-09-14T18:03:40.356+0000] {logging_mixin.py:188} INFO - [2026-09-14T18:03:40.356+0000] {dag.py:3954} INFO - Setting next_dagrun for fraud_pipeline to None, run_after=None
[2026-09-14T18:03:40.372+0000] {processor.py:183} INFO - Processing /opt/airflow/dags/fraud_pipeline_dag.py took 0.085 seconds
[2026-09-14T18:04:10.501+0000] {processor.py:161} INFO - Started process (PID=551) to work on /opt/airflow/dags/fraud_pipeline_dag.py
[2026-09-14T18:04:10.502+0000] {processor.py:830} INFO - Processing file /opt/airflow/dags/fraud_pipeline_dag.py for tasks to queue
[2026-09-14T18:04:10.503+0000] {logging_mixin.py:188} INFO - [2026-09-14T18:04:10.503+0000] {dagbag.py:540} INFO - Filling up the DagBag from /opt/airflow/dags/fraud_pipeline_dag.py
[2026-09-14T18:04:10.516+0000] {processor.py:840} INFO - DAG(s) 'fraud_pipeline' retrieved from /opt/airflow/dags/fraud_pipeline_dag.py
[2026-09-14T18:04:10.545+0000] {logging_mixin.py:188} INFO - [2026-09-14T18:04:10.545+0000] {dag.py:3096} INFO - Sync 1 DAGs
[2026-09-14T18:04:10.558+0000] {logging_mixin.py:188} INFO - [2026-09-14T18:04:10.557+0000] {dag.py:3954} INFO - Setting next_dagrun for fraud_pipeline to None, run_after=None
[2026-09-14T18:04:10.573+0000] {processor.py:183} INFO - Processing /opt/airflow/dags/fraud_pipeline_dag.py took 0.078 seconds
[2026-09-14T18:04:40.746+0000] {processor.py:161} INFO - Started process (PID=556) to work on /opt/airflow/dags/fraud_pipeline_dag.py
[2026-09-14T18:04:40.746+0000] {processor.py:830} INFO - Processing file /opt/airflow/dags/fraud_pipeline_dag.py for tasks to queue
[2026-09-14T18:04:40.748+0000] {logging_mixin.py:188} INFO - [2026-09-14T18:04:40.748+0000] {dagbag.py:540} INFO - Filling up the DagBag from /opt/airflow/dags/fraud_pipeline_dag.py
[2026-09-14T18:04:40.759+0000] {processor.py:840} INFO - DAG(s) 'fraud_pipeline' retrieved from /opt/airflow/dags/fraud_pipeline_dag.py
[2026-09-14T18:04:40.787+0000] {logging_mixin.py:188} INFO - [2026-09-14T18:04:40.787+0000] {dag.py:3096} INFO - Sync 1 DAGs
[2026-09-14T18:04:40.817+0000] {logging_mixin.py:188} INFO - [2026-09-14T18:04:40.817+0000] {dag.py:3954} INFO - Setting next_dagrun for fraud_pipeline to None, run_after=None
[2026-09-14T18:04:40.837+0000] {processor.py:183} INFO - Processing /opt/airflow/dags/fraud_pipeline_dag.py took 0.096 seconds
[2026-09-14T18:05:10.958+0000] {processor.py:161} INFO - Started process (PID=561) to work on /opt/airflow/dags/fraud_pipeline_dag.py
[2026-09-14T18:05:10.958+0000] {processor.py:830} INFO - Processing file /opt/airflow/dags/fraud_pipeline_dag.py for tasks to queue
[2026-09-14T18:05:10.960+0000] {logging_mixin.py:188} INFO - [2026-09-14T18:05:10.960+0000] {dagbag.py:540} INFO - Filling up the DagBag from /opt/airflow/dags/fraud_pipeline_dag.py
[2026-09-14T18:05:10.971+0000] {processor.py:840} INFO - DAG(s) 'fraud_pipeline' retrieved from /opt/airflow/dags/fraud_pipeline_dag.py
[2026-09-14T18:05:11.000+0000] {logging_mixin.py:188} INFO - [2026-09-14T18:05:11.000+0000] {dag.py:3096} INFO - Sync 1 DAGs
[2026-09-14T18:05:11.012+0000] {logging_mixin.py:188} INFO - [2026-09-14T18:05:11.012+0000] {dag.py:3954} INFO - Setting next_dagrun for fraud_pipeline to None, run_after=None
[2026-09-14T18:05:11.027+0000] {processor.py:183} INFO - Processing /opt/airflow/dags/fraud_pipeline_dag.py took 0.074 seconds
[2026-09-14T18:05:41.230+0000] {processor.py:161} INFO - Started process (PID=566) to work on /opt/airflow/dags/fraud_pipeline_dag.py
[2026-09-14T18:05:41.231+0000] {processor.py:830} INFO - Processing file /opt/airflow/dags/fraud_pipeline_dag.py for tasks to queue
[2026-09-14T18:05:41.232+0000] {logging_mixin.py:188} INFO - [2026-09-14T18:05:41.232+0000] {dagbag.py:540} INFO - Filling up the DagBag from /opt/airflow/dags/fraud_pipeline_dag.py
[2026-09-14T18:05:41.243+0000] {processor.py:840} INFO - DAG(s) 'fraud_pipeline' retrieved from /opt/airflow/dags/fraud_pipeline_dag.py
[2026-09-14T18:05:41.268+0000] {logging_mixin.py:188} INFO - [2026-09-14T18:05:41.268+0000] {dag.py:3096} INFO - Sync 1 DAGs
[2026-09-14T18:05:41.280+0000] {logging_mixin.py:188} INFO - [2026-09-14T18:05:41.280+0000] {dag.py:3954} INFO - Setting next_dagrun for fraud_pipeline to None, run_after=None
[2026-09-14T18:05:41.298+0000] {processor.py:183} INFO - Processing /opt/airflow/dags/fraud_pipeline_dag.py took 0.072 seconds
[2026-09-14T18:06:11.444+0000] {processor.py:161} INFO - Started process (PID=571) to work on /opt/airflow/dags/fraud_pipeline_dag.py
[2026-09-14T18:06:11.445+0000] {processor.py:830} INFO - Processing file /opt/airflow/dags/fraud_pipeline_dag.py for tasks to queue
[2026-09-14T18:06:11.446+0000] {logging_mixin.py:188} INFO - [2026-09-14T18:06:11.446+0000] {dagbag.py:540} INFO - Filling up the DagBag from /opt/airflow/dags/fraud_pipeline_dag.py
[2026-09-14T18:06:11.457+0000] {processor.py:840} INFO - DAG(s) 'fraud_pipeline' retrieved from /opt/airflow/dags/fraud_pipeline_dag.py
[2026-09-14T18:06:11.482+0000] {logging_mixin.py:188} INFO - [2026-09-14T18:06:11.482+0000] {dag.py:3096} INFO - Sync 1 DAGs
[2026-09-14T18:06:11.495+0000] {logging_mixin.py:188} INFO - [2026-09-14T18:06:11.495+0000] {dag.py:3954} INFO - Setting next_dagrun for fraud_pipeline to None, run_after=None
[2026-09-14T18:06:11.510+0000] {processor.py:183} INFO - Processing /opt/airflow/dags/fraud_pipeline_dag.py took 0.070 seconds
[2026-09-14T18:06:41.655+0000] {processor.py:161} INFO - Started process (PID=576) to work on /opt/airflow/dags/fraud_pipeline_dag.py
[2026-09-14T18:06:41.656+0000] {processor.py:830} INFO - Processing file /opt/airflow/dags/fraud_pipeline_dag.py for tasks to queue
[2026-09-14T18:06:41.657+0000] {logging_mixin.py:188} INFO - [2026-09-14T18:06:41.657+0000] {dagbag.py:540} INFO - Filling up the DagBag from /opt/airflow/dags/fraud_pipeline_dag.py
[2026-09-14T18:06:41.668+0000] {processor.py:840} INFO - DAG(s) 'fraud_pipeline' retrieved from /opt/airflow/dags/fraud_pipeline_dag.py
[2026-09-14T18:06:41.692+0000] {logging_mixin.py:188} INFO - [2026-09-14T18:06:41.692+0000] {dag.py:3096} INFO - Sync 1 DAGs
[2026-09-14T18:06:41.703+0000] {logging_mixin.py:188} INFO - [2026-09-14T18:06:41.703+0000] {dag.py:3954} INFO - Setting next_dagrun for fraud_pipeline to None, run_after=None
[2026-09-14T18:06:41.719+0000] {processor.py:183} INFO - Processing /opt/airflow/dags/fraud_pipeline_dag.py took 0.069 seconds
[2026-09-14T18:07:11.853+0000] {processor.py:161} INFO - Started process (PID=581) to work on /opt/airflow/dags/fraud_pipeline_dag.py
[2026-09-14T18:07:11.853+0000] {processor.py:830} INFO - Processing file /opt/airflow/dags/fraud_pipeline_dag.py for tasks to queue
[2026-09-14T18:07:11.855+0000] {logging_mixin.py:188} INFO - [2026-09-14T18:07:11.855+0000] {dagbag.py:540} INFO - Filling up the DagBag from /opt/airflow/dags/fraud_pipeline_dag.py
[2026-09-14T18:07:11.866+0000] {processor.py:840} INFO - DAG(s) 'fraud_pipeline' retrieved from /opt/airflow/dags/fraud_pipeline_dag.py
[2026-09-14T18:07:11.892+0000] {logging_mixin.py:188} INFO - [2026-09-14T18:07:11.892+0000] {dag.py:3096} INFO - Sync 1 DAGs
[2026-09-14T18:07:11.904+0000] {logging_mixin.py:188} INFO - [2026-09-14T18:07:11.904+0000] {dag.py:3954} INFO - Setting next_dagrun for fraud_pipeline to None, run_after=None
[2026-09-14T18:07:11.920+0000] {processor.py:183} INFO - Processing /opt/airflow/dags/fraud_pipeline_dag.py took 0.073 seconds
[2026-09-14T18:07:42.126+0000] {processor.py:161} INFO - Started process (PID=586) to work on /opt/airflow/dags/fraud_pipeline_dag.py
[2026-09-14T18:07:42.127+0000] {processor.py:830} INFO - Processing file /opt/airflow/dags/fraud_pipeline_dag.py for tasks to queue
[2026-09-14T18:07:42.128+0000] {logging_mixin.py:188} INFO - [2026-09-14T18:07:42.128+0000] {dagbag.py:540} INFO - Filling up the DagBag from /opt/airflow/dags/fraud_pipeline_dag.py
[2026-09-14T18:07:42.140+0000] {processor.py:840} INFO - DAG(s) 'fraud_pipeline' retrieved from /opt/airflow/dags/fraud_pipeline_dag.py
[2026-09-14T18:07:42.164+0000] {logging_mixin.py:188} INFO - [2026-09-14T18:07:42.164+0000] {dag.py:3096} INFO - Sync 1 DAGs
[2026-09-14T18:07:42.176+0000] {logging_mixin.py:188} INFO - [2026-09-14T18:07:42.176+0000] {dag.py:3954} INFO - Setting next_dagrun for fraud_pipeline to None, run_after=None
[2026-09-14T18:07:42.193+0000] {processor.py:183} INFO - Processing /opt/airflow/dags/fraud_pipeline_dag.py took 0.071 seconds
[2026-09-14T18:08:12.333+0000] {processor.py:161} INFO - Started process (PID=591) to work on /opt/airflow/dags/fraud_pipeline_dag.py
[2026-09-14T18:08:12.334+0000] {processor.py:830} INFO - Processing file /opt/airflow/dags/fraud_pipeline_dag.py for tasks to queue
[2026-09-14T18:08:12.335+0000] {logging_mixin.py:188} INFO - [2026-09-14T18:08:12.335+0000] {dagbag.py:540} INFO - Filling up the DagBag from /opt/airflow/dags/fraud_pipeline_dag.py
[2026-09-14T18:08:12.348+0000] {processor.py:840} INFO - DAG(s) 'fraud_pipeline' retrieved from /opt/airflow/dags/fraud_pipeline_dag.py
[2026-09-14T18:08:12.374+0000] {logging_mixin.py:188} INFO - [2026-09-14T18:08:12.374+0000] {dag.py:3096} INFO - Sync 1 DAGs
[2026-09-14T18:08:12.387+0000] {logging_mixin.py:188} INFO - [2026-09-14T18:08:12.387+0000] {dag.py:3954} INFO - Setting next_dagrun for fraud_pipeline to None, run_after=None
[2026-09-14T18:08:12.405+0000] {processor.py:183} INFO - Processing /opt/airflow/dags/fraud_pipeline_dag.py took 0.077 seconds
[2026-09-14T18:08:42.582+0000] {processor.py:161} INFO - Started process (PID=596) to work on /opt/airflow/dags/fraud_pipeline_dag.py
[2026-09-14T18:08:42.583+0000] {processor.py:830} INFO - Processing file /opt/airflow/dags/fraud_pipeline_dag.py for tasks to queue
[2026-09-14T18:08:42.584+0000] {logging_mixin.py:188} INFO - [2026-09-14T18:08:42.584+0000] {dagbag.py:540} INFO - Filling up the DagBag from /opt/airflow/dags/fraud_pipeline_dag.py
[2026-09-14T18:08:42.595+0000] {processor.py:840} INFO - DAG(s) 'fraud_pipeline' retrieved from /opt/airflow/dags/fraud_pipeline_dag.py
[2026-09-14T18:08:42.619+0000] {logging_mixin.py:188} INFO - [2026-09-14T18:08:42.619+0000] {dag.py:3096} INFO - Sync 1 DAGs
[2026-09-14T18:08:42.630+0000] {logging_mixin.py:188} INFO - [2026-09-14T18:08:42.630+0000] {dag.py:3954} INFO - Setting next_dagrun for fraud_pipeline to None, run_after=None
[2026-09-14T18:08:42.648+0000] {processor.py:183} INFO - Processing /opt/airflow/dags/fraud_pipeline_dag.py took 0.070 seconds
[2026-09-14T18:09:12.780+0000] {processor.py:161} INFO - Started process (PID=601) to work on /opt/airflow/dags/fraud_pipeline_dag.py
[2026-09-14T18:09:12.781+0000] {processor.py:830} INFO - Processing file /opt/airflow/dags/fraud_pipeline_dag.py for tasks to queue
[2026-09-14T18:09:12.782+0000] {logging_mixin.py:188} INFO - [2026-09-14T18:09:12.782+0000] {dagbag.py:540} INFO - Filling up the DagBag from /opt/airflow/dags/fraud_pipeline_dag.py
[2026-09-14T18:09:12.793+0000] {processor.py:840} INFO - DAG(s) 'fraud_pipeline' retrieved from /opt/airflow/dags/fraud_pipeline_dag.py
[2026-09-14T18:09:12.822+0000] {logging_mixin.py:188} INFO - [2026-09-14T18:09:12.821+0000] {dag.py:3096} INFO - Sync 1 DAGs
[2026-09-14T18:09:12.833+0000] {logging_mixin.py:188} INFO - [2026-09-14T18:09:12.833+0000] {dag.py:3954} INFO - Setting next_dagrun for fraud_pipeline to None, run_after=None
[2026-09-14T18:09:12.852+0000] {processor.py:183} INFO - Processing /opt/airflow/dags/fraud_pipeline_dag.py took 0.076 seconds
[2026-09-14T18:09:43.037+0000] {processor.py:161} INFO - Started process (PID=606) to work on /opt/airflow/dags/fraud_pipeline_dag.py
[2026-09-14T18:09:43.038+0000] {processor.py:830} INFO - Processing file /opt/airflow/dags/fraud_pipeline_dag.py for tasks to queue
[2026-09-14T18:09:43.040+0000] {logging_mixin.py:188} INFO - [2026-09-14T18:09:43.039+0000] {dagbag.py:540} INFO - Filling up the DagBag from /opt/airflow/dags/fraud_pipeline_dag.py
[2026-09-14T18:09:43.051+0000] {processor.py:840} INFO - DAG(s) 'fraud_pipeline' retrieved from /opt/airflow/dags/fraud_pipeline_dag.py
[2026-09-14T18:09:43.075+0000] {logging_mixin.py:188} INFO - [2026-09-14T18:09:43.075+0000] {dag.py:3096} INFO - Sync 1 DAGs
[2026-09-14T18:09:43.086+0000] {logging_mixin.py:188} INFO - [2026-09-14T18:09:43.086+0000] {dag.py:3954} INFO - Setting next_dagrun for fraud_pipeline to None, run_after=None
[2026-09-14T18:09:43.102+0000] {processor.py:183} INFO - Processing /opt/airflow/dags/fraud_pipeline_dag.py took 0.069 seconds
[2026-09-14T18:10:13.250+0000] {processor.py:161} INFO - Started process (PID=611) to work on /opt/airflow/dags/fraud_pipeline_dag.py
[2026-09-14T18:10:13.251+0000] {processor.py:830} INFO - Processing file /opt/airflow/dags/fraud_pipeline_dag.py for tasks to queue
[2026-09-14T18:10:13.253+0000] {logging_mixin.py:188} INFO - [2026-09-14T18:10:13.252+0000] {dagbag.py:540} INFO - Filling up the DagBag from /opt/airflow/dags/fraud_pipeline_dag.py
[2026-09-14T18:10:13.266+0000] {processor.py:840} INFO - DAG(s) 'fraud_pipeline' retrieved from /opt/airflow/dags/fraud_pipeline_dag.py
[2026-09-14T18:10:13.292+0000] {logging_mixin.py:188} INFO - [2026-09-14T18:10:13.291+0000] {dag.py:3096} INFO - Sync 1 DAGs
[2026-09-14T18:10:13.303+0000] {logging_mixin.py:188} INFO - [2026-09-14T18:10:13.303+0000] {dag.py:3954} INFO - Setting next_dagrun for fraud_pipeline to None, run_after=None
[2026-09-14T18:10:13.320+0000] {processor.py:183} INFO - Processing /opt/airflow/dags/fraud_pipeline_dag.py took 0.074 seconds
[2026-09-14T18:10:43.500+0000] {processor.py:161} INFO - Started process (PID=616) to work on /opt/airflow/dags/fraud_pipeline_dag.py
[2026-09-14T18:10:43.501+0000] {processor.py:830} INFO - Processing file /opt/airflow/dags/fraud_pipeline_dag.py for tasks to queue
[2026-09-14T18:10:43.503+0000] {logging_mixin.py:188} INFO - [2026-09-14T18:10:43.502+0000] {dagbag.py:540} INFO - Filling up the DagBag from /opt/airflow/dags/fraud_pipeline_dag.py
[2026-09-14T18:10:43.514+0000] {processor.py:840} INFO - DAG(s) 'fraud_pipeline' retrieved from /opt/airflow/dags/fraud_pipeline_dag.py
[2026-09-14T18:10:43.538+0000] {logging_mixin.py:188} INFO - [2026-09-14T18:10:43.538+0000] {dag.py:3096} INFO - Sync 1 DAGs
[2026-09-14T18:10:43.549+0000] {logging_mixin.py:188} INFO - [2026-09-14T18:10:43.549+0000] {dag.py:3954} INFO - Setting next_dagrun for fraud_pipeline to None, run_after=None
[2026-09-14T18:10:43.563+0000] {processor.py:183} INFO - Processing /opt/airflow/dags/fraud_pipeline_dag.py took 0.068 seconds
[2026-09-14T18:11:13.731+0000] {processor.py:161} INFO - Started process (PID=621) to work on /opt/airflow/dags/fraud_pipeline_dag.py
[2026-09-14T18:11:13.732+0000] {processor.py:830} INFO - Processing file /opt/airflow/dags/fraud_pipeline_dag.py for tasks to queue
[2026-09-14T18:11:13.734+0000] {logging_mixin.py:188} INFO - [2026-09-14T18:11:13.733+0000] {dagbag.py:540} INFO - Filling up the DagBag from /opt/airflow/dags/fraud_pipeline_dag.py
[2026-09-14T18:11:13.748+0000] {processor.py:840} INFO - DAG(s) 'fraud_pipeline' retrieved from /opt/airflow/dags/fraud_pipeline_dag.py
[2026-09-14T18:11:13.783+0000] {logging_mixin.py:188} INFO - [2026-09-14T18:11:13.782+0000] {dag.py:3096} INFO - Sync 1 DAGs
[2026-09-14T18:11:13.797+0000] {logging_mixin.py:188} INFO - [2026-09-14T18:11:13.797+0000] {dag.py:3954} INFO - Setting next_dagrun for fraud_pipeline to None, run_after=None
[2026-09-14T18:11:13.818+0000] {processor.py:183} INFO - Processing /opt/airflow/dags/fraud_pipeline_dag.py took 0.092 seconds
[2026-09-14T18:11:43.927+0000] {processor.py:161} INFO - Started process (PID=626) to work on /opt/airflow/dags/fraud_pipeline_dag.py
[2026-09-14T18:11:43.927+0000] {processor.py:830} INFO - Processing file /opt/airflow/dags/fraud_pipeline_dag.py for tasks to queue
[2026-09-14T18:11:43.929+0000] {logging_mixin.py:188} INFO - [2026-09-14T18:11:43.929+0000] {dagbag.py:540} INFO - Filling up the DagBag from /opt/airflow/dags/fraud_pipeline_dag.py
[2026-09-14T18:11:43.940+0000] {processor.py:840} INFO - DAG(s) 'fraud_pipeline' retrieved from /opt/airflow/dags/fraud_pipeline_dag.py
[2026-09-14T18:11:43.967+0000] {logging_mixin.py:188} INFO - [2026-09-14T18:11:43.967+0000] {dag.py:3096} INFO - Sync 1 DAGs
[2026-09-14T18:11:43.980+0000] {logging_mixin.py:188} INFO - [2026-09-14T18:11:43.980+0000] {dag.py:3954} INFO - Setting next_dagrun for fraud_pipeline to None, run_after=None
[2026-09-14T18:11:43.998+0000] {processor.py:183} INFO - Processing /opt/airflow/dags/fraud_pipeline_dag.py took 0.076 seconds
[2026-09-14T18:12:14.150+0000] {processor.py:161} INFO - Started process (PID=631) to work on /opt/airflow/dags/fraud_pipeline_dag.py
[2026-09-14T18:12:14.151+0000] {processor.py:830} INFO - Processing file /opt/airflow/dags/fraud_pipeline_dag.py for tasks to queue
[2026-09-14T18:12:14.152+0000] {logging_mixin.py:188} INFO - [2026-09-14T18:12:14.152+0000] {dagbag.py:540} INFO - Filling up the DagBag from /opt/airflow/dags/fraud_pipeline_dag.py
[2026-09-14T18:12:14.164+0000] {processor.py:840} INFO - DAG(s) 'fraud_pipeline' retrieved from /opt/airflow/dags/fraud_pipeline_dag.py
[2026-09-14T18:12:14.188+0000] {logging_mixin.py:188} INFO - [2026-09-14T18:12:14.188+0000] {dag.py:3096} INFO - Sync 1 DAGs
[2026-09-14T18:12:14.199+0000] {logging_mixin.py:188} INFO - [2026-09-14T18:12:14.199+0000] {dag.py:3954} INFO - Setting next_dagrun for fraud_pipeline to None, run_after=None
[2026-09-14T18:12:14.215+0000] {processor.py:183} INFO - Processing /opt/airflow/dags/fraud_pipeline_dag.py took 0.069 seconds
[2026-09-14T18:12:44.355+0000] {processor.py:161} INFO - Started process (PID=636) to work on /opt/airflow/dags/fraud_pipeline_dag.py
[2026-09-14T18:12:44.356+0000] {processor.py:830} INFO - Processing file /opt/airflow/dags/fraud_pipeline_dag.py for tasks to queue
[2026-09-14T18:12:44.357+0000] {logging_mixin.py:188} INFO - [2026-09-14T18:12:44.357+0000] {dagbag.py:540} INFO - Filling up the DagBag from /opt/airflow/dags/fraud_pipeline_dag.py
[2026-09-14T18:12:44.369+0000] {processor.py:840} INFO - DAG(s) 'fraud_pipeline' retrieved from /opt/airflow/dags/fraud_pipeline_dag.py
[2026-09-14T18:12:44.394+0000] {logging_mixin.py:188} INFO - [2026-09-14T18:12:44.393+0000] {dag.py:3096} INFO - Sync 1 DAGs
[2026-09-14T18:12:44.405+0000] {logging_mixin.py:188} INFO - [2026-09-14T18:12:44.405+0000] {dag.py:3954} INFO - Setting next_dagrun for fraud_pipeline to None, run_after=None
[2026-09-14T18:12:44.420+0000] {processor.py:183} INFO - Processing /opt/airflow/dags/fraud_pipeline_dag.py took 0.069 seconds
[2026-09-14T18:13:14.588+0000] {processor.py:161} INFO - Started process (PID=641) to work on /opt/airflow/dags/fraud_pipeline_dag.py
[2026-09-14T18:13:14.588+0000] {processor.py:830} INFO - Processing file /opt/airflow/dags/fraud_pipeline_dag.py for tasks to queue
[2026-09-14T18:13:14.590+0000] {logging_mixin.py:188} INFO - [2026-09-14T18:13:14.590+0000] {dagbag.py:540} INFO - Filling up the DagBag from /opt/airflow/dags/fraud_pipeline_dag.py
[2026-09-14T18:13:14.602+0000] {processor.py:840} INFO - DAG(s) 'fraud_pipeline' retrieved from /opt/airflow/dags/fraud_pipeline_dag.py
[2026-09-14T18:13:14.627+0000] {logging_mixin.py:188} INFO - [2026-09-14T18:13:14.626+0000] {dag.py:3096} INFO - Sync 1 DAGs
[2026-09-14T18:13:14.638+0000] {logging_mixin.py:188} INFO - [2026-09-14T18:13:14.638+0000] {dag.py:3954} INFO - Setting next_dagrun for fraud_pipeline to None, run_after=None
[2026-09-14T18:13:14.655+0000] {processor.py:183} INFO - Processing /opt/airflow/dags/fraud_pipeline_dag.py took 0.072 seconds
[2026-09-14T18:13:44.807+0000] {processor.py:161} INFO - Started process (PID=646) to work on /opt/airflow/dags/fraud_pipeline_dag.py
[2026-09-14T18:13:44.808+0000] {processor.py:830} INFO - Processing file /opt/airflow/dags/fraud_pipeline_dag.py for tasks to queue
[2026-09-14T18:13:44.810+0000] {logging_mixin.py:188} INFO - [2026-09-14T18:13:44.810+0000] {dagbag.py:540} INFO - Filling up the DagBag from /opt/airflow/dags/fraud_pipeline_dag.py
[2026-09-14T18:13:44.822+0000] {processor.py:840} INFO - DAG(s) 'fraud_pipeline' retrieved from /opt/airflow/dags/fraud_pipeline_dag.py
[2026-09-14T18:13:44.847+0000] {logging_mixin.py:188} INFO - [2026-09-14T18:13:44.847+0000] {dag.py:3096} INFO - Sync 1 DAGs
[2026-09-14T18:13:44.858+0000] {logging_mixin.py:188} INFO - [2026-09-14T18:13:44.858+0000] {dag.py:3954} INFO - Setting next_dagrun for fraud_pipeline to None, run_after=None
[2026-09-14T18:13:44.874+0000] {processor.py:183} INFO - Processing /opt/airflow/dags/fraud_pipeline_dag.py took 0.071 seconds
[2026-09-14T18:14:15.064+0000] {processor.py:161} INFO - Started process (PID=651) to work on /opt/airflow/dags/fraud_pipeline_dag.py
[2026-09-14T18:14:15.065+0000] {processor.py:830} INFO - Processing file /opt/airflow/dags/fraud_pipeline_dag.py for tasks to queue
[2026-09-14T18:14:15.068+0000] {logging_mixin.py:188} INFO - [2026-09-14T18:14:15.067+0000] {dagbag.py:540} INFO - Filling up the DagBag from /opt/airflow/dags/fraud_pipeline_dag.py
[2026-09-14T18:14:15.093+0000] {processor.py:840} INFO - DAG(s) 'fraud_pipeline' retrieved from /opt/airflow/dags/fraud_pipeline_dag.py
[2026-09-14T18:14:15.127+0000] {logging_mixin.py:188} INFO - [2026-09-14T18:14:15.127+0000] {dag.py:3096} INFO - Sync 1 DAGs
[2026-09-14T18:14:15.141+0000] {logging_mixin.py:188} INFO - [2026-09-14T18:14:15.141+0000] {dag.py:3954} INFO - Setting next_dagrun for fraud_pipeline to None, run_after=None
[2026-09-14T18:14:15.161+0000] {processor.py:183} INFO - Processing /opt/airflow/dags/fraud_pipeline_dag.py took 0.105 seconds
[2026-09-14T18:14:45.246+0000] {processor.py:161} INFO - Started process (PID=656) to work on /opt/airflow/dags/fraud_pipeline_dag.py
[2026-09-14T18:14:45.247+0000] {processor.py:830} INFO - Processing file /opt/airflow/dags/fraud_pipeline_dag.py for tasks to queue
[2026-09-14T18:14:45.248+0000] {logging_mixin.py:188} INFO - [2026-09-14T18:14:45.248+0000] {dagbag.py:540} INFO - Filling up the DagBag from /opt/airflow/dags/fraud_pipeline_dag.py
[2026-09-14T18:14:45.260+0000] {processor.py:840} INFO - DAG(s) 'fraud_pipeline' retrieved from /opt/airflow/dags/fraud_pipeline_dag.py
[2026-09-14T18:14:45.284+0000] {logging_mixin.py:188} INFO - [2026-09-14T18:14:45.284+0000] {dag.py:3096} INFO - Sync 1 DAGs
[2026-09-14T18:14:45.296+0000] {logging_mixin.py:188} INFO - [2026-09-14T18:14:45.296+0000] {dag.py:3954} INFO - Setting next_dagrun for fraud_pipeline to None, run_after=None
[2026-09-14T18:14:45.312+0000] {processor.py:183} INFO - Processing /opt/airflow/dags/fraud_pipeline_dag.py took 0.070 seconds
[2026-09-14T18:15:15.454+0000] {processor.py:161} INFO - Started process (PID=661) to work on /opt/airflow/dags/fraud_pipeline_dag.py
[2026-09-14T18:15:15.455+0000] {processor.py:830} INFO - Processing file /opt/airflow/dags/fraud_pipeline_dag.py for tasks to queue
[2026-09-14T18:15:15.457+0000] {logging_mixin.py:188} INFO - [2026-09-14T18:15:15.456+0000] {dagbag.py:540} INFO - Filling up the DagBag from /opt/airflow/dags/fraud_pipeline_dag.py
[2026-09-14T18:15:15.468+0000] {processor.py:840} INFO - DAG(s) 'fraud_pipeline' retrieved from /opt/airflow/dags/fraud_pipeline_dag.py
[2026-09-14T18:15:15.494+0000] {logging_mixin.py:188} INFO - [2026-09-14T18:15:15.494+0000] {dag.py:3096} INFO - Sync 1 DAGs
[2026-09-14T18:15:15.506+0000] {logging_mixin.py:188} INFO - [2026-09-14T18:15:15.506+0000] {dag.py:3954} INFO - Setting next_dagrun for fraud_pipeline to None, run_after=None
[2026-09-14T18:15:15.521+0000] {processor.py:183} INFO - Processing /opt/airflow/dags/fraud_pipeline_dag.py took 0.071 seconds
[2026-09-14T18:15:45.696+0000] {processor.py:161} INFO - Started process (PID=666) to work on /opt/airflow/dags/fraud_pipeline_dag.py
[2026-09-14T18:15:45.697+0000] {processor.py:830} INFO - Processing file /opt/airflow/dags/fraud_pipeline_dag.py for tasks to queue
[2026-09-14T18:15:45.698+0000] {logging_mixin.py:188} INFO - [2026-09-14T18:15:45.698+0000] {dagbag.py:540} INFO - Filling up the DagBag from /opt/airflow/dags/fraud_pipeline_dag.py
[2026-09-14T18:15:45.712+0000] {processor.py:840} INFO - DAG(s) 'fraud_pipeline' retrieved from /opt/airflow/dags/fraud_pipeline_dag.py
[2026-09-14T18:15:45.736+0000] {logging_mixin.py:188} INFO - [2026-09-14T18:15:45.736+0000] {dag.py:3096} INFO - Sync 1 DAGs
[2026-09-14T18:15:45.748+0000] {logging_mixin.py:188} INFO - [2026-09-14T18:15:45.748+0000] {dag.py:3954} INFO - Setting next_dagrun for fraud_pipeline to None, run_after=None
[2026-09-14T18:15:45.765+0000] {processor.py:183} INFO - Processing /opt/airflow/dags/fraud_pipeline_dag.py took 0.073 seconds
[2026-09-14T18:16:15.910+0000] {processor.py:161} INFO - Started process (PID=671) to work on /opt/airflow/dags/fraud_pipeline_dag.py
[2026-09-14T18:16:15.911+0000] {processor.py:830} INFO - Processing file /opt/airflow/dags/fraud_pipeline_dag.py for tasks to queue
[2026-09-14T18:16:15.913+0000] {logging_mixin.py:188} INFO - [2026-09-14T18:16:15.912+0000] {dagbag.py:540} INFO - Filling up the DagBag from /opt/airflow/dags/fraud_pipeline_dag.py
[2026-09-14T18:16:15.925+0000] {processor.py:840} INFO - DAG(s) 'fraud_pipeline' retrieved from /opt/airflow/dags/fraud_pipeline_dag.py
[2026-09-14T18:16:15.951+0000] {logging_mixin.py:188} INFO - [2026-09-14T18:16:15.951+0000] {dag.py:3096} INFO - Sync 1 DAGs
[2026-09-14T18:16:15.962+0000] {logging_mixin.py:188} INFO - [2026-09-14T18:16:15.962+0000] {dag.py:3954} INFO - Setting next_dagrun for fraud_pipeline to None, run_after=None
[2026-09-14T18:16:15.979+0000] {processor.py:183} INFO - Processing /opt/airflow/dags/fraud_pipeline_dag.py took 0.073 seconds
[2026-09-14T18:16:46.195+0000] {processor.py:161} INFO - Started process (PID=676) to work on /opt/airflow/dags/fraud_pipeline_dag.py
[2026-09-14T18:16:46.196+0000] {processor.py:830} INFO - Processing file /opt/airflow/dags/fraud_pipeline_dag.py for tasks to queue
[2026-09-14T18:16:46.198+0000] {logging_mixin.py:188} INFO - [2026-09-14T18:16:46.197+0000] {dagbag.py:540} INFO - Filling up the DagBag from /opt/airflow/dags/fraud_pipeline_dag.py
[2026-09-14T18:16:46.209+0000] {processor.py:840} INFO - DAG(s) 'fraud_pipeline' retrieved from /opt/airflow/dags/fraud_pipeline_dag.py
[2026-09-14T18:16:46.233+0000] {logging_mixin.py:188} INFO - [2026-09-14T18:16:46.233+0000] {dag.py:3096} INFO - Sync 1 DAGs
[2026-09-14T18:16:46.245+0000] {logging_mixin.py:188} INFO - [2026-09-14T18:16:46.244+0000] {dag.py:3954} INFO - Setting next_dagrun for fraud_pipeline to None, run_after=None
[2026-09-14T18:16:46.262+0000] {processor.py:183} INFO - Processing /opt/airflow/dags/fraud_pipeline_dag.py took 0.071 seconds
[2026-09-14T18:17:16.408+0000] {processor.py:161} INFO - Started process (PID=681) to work on /opt/airflow/dags/fraud_pipeline_dag.py
[2026-09-14T18:17:16.409+0000] {processor.py:830} INFO - Processing file /opt/airflow/dags/fraud_pipeline_dag.py for tasks to queue
[2026-09-14T18:17:16.411+0000] {logging_mixin.py:188} INFO - [2026-09-14T18:17:16.410+0000] {dagbag.py:540} INFO - Filling up the DagBag from /opt/airflow/dags/fraud_pipeline_dag.py
[2026-09-14T18:17:16.425+0000] {processor.py:840} INFO - DAG(s) 'fraud_pipeline' retrieved from /opt/airflow/dags/fraud_pipeline_dag.py
[2026-09-14T18:17:16.460+0000] {logging_mixin.py:188} INFO - [2026-09-14T18:17:16.459+0000] {dag.py:3096} INFO - Sync 1 DAGs
[2026-09-14T18:17:16.474+0000] {logging_mixin.py:188} INFO - [2026-09-14T18:17:16.474+0000] {dag.py:3954} INFO - Setting next_dagrun for fraud_pipeline to None, run_after=None
[2026-09-14T18:17:16.495+0000] {processor.py:183} INFO - Processing /opt/airflow/dags/fraud_pipeline_dag.py took 0.092 seconds
[2026-09-14T18:17:46.701+0000] {processor.py:161} INFO - Started process (PID=686) to work on /opt/airflow/dags/fraud_pipeline_dag.py
[2026-09-14T18:17:46.702+0000] {processor.py:830} INFO - Processing file /opt/airflow/dags/fraud_pipeline_dag.py for tasks to queue
[2026-09-14T18:17:46.703+0000] {logging_mixin.py:188} INFO - [2026-09-14T18:17:46.703+0000] {dagbag.py:540} INFO - Filling up the DagBag from /opt/airflow/dags/fraud_pipeline_dag.py
[2026-09-14T18:17:46.715+0000] {processor.py:840} INFO - DAG(s) 'fraud_pipeline' retrieved from /opt/airflow/dags/fraud_pipeline_dag.py
[2026-09-14T18:17:46.740+0000] {logging_mixin.py:188} INFO - [2026-09-14T18:17:46.740+0000] {dag.py:3096} INFO - Sync 1 DAGs
[2026-09-14T18:17:46.752+0000] {logging_mixin.py:188} INFO - [2026-09-14T18:17:46.752+0000] {dag.py:3954} INFO - Setting next_dagrun for fraud_pipeline to None, run_after=None
[2026-09-14T18:17:46.771+0000] {processor.py:183} INFO - Processing /opt/airflow/dags/fraud_pipeline_dag.py took 0.074 seconds
[2026-09-14T18:18:16.907+0000] {processor.py:161} INFO - Started process (PID=691) to work on /opt/airflow/dags/fraud_pipeline_dag.py
[2026-09-14T18:18:16.908+0000] {processor.py:830} INFO - Processing file /opt/airflow/dags/fraud_pipeline_dag.py for tasks to queue
[2026-09-14T18:18:16.909+0000] {logging_mixin.py:188} INFO - [2026-09-14T18:18:16.909+0000] {dagbag.py:540} INFO - Filling up the DagBag from /opt/airflow/dags/fraud_pipeline_dag.py
[2026-09-14T18:18:16.921+0000] {processor.py:840} INFO - DAG(s) 'fraud_pipeline' retrieved from /opt/airflow/dags/fraud_pipeline_dag.py
[2026-09-14T18:18:16.948+0000] {logging_mixin.py:188} INFO - [2026-09-14T18:18:16.948+0000] {dag.py:3096} INFO - Sync 1 DAGs
[2026-09-14T18:18:16.960+0000] {logging_mixin.py:188} INFO - [2026-09-14T18:18:16.960+0000] {dag.py:3954} INFO - Setting next_dagrun for fraud_pipeline to None, run_after=None
[2026-09-14T18:18:16.975+0000] {processor.py:183} INFO - Processing /opt/airflow/dags/fraud_pipeline_dag.py took 0.072 seconds
[2026-09-14T18:18:47.155+0000] {processor.py:161} INFO - Started process (PID=696) to work on /opt/airflow/dags/fraud_pipeline_dag.py
[2026-09-14T18:18:47.155+0000] {processor.py:830} INFO - Processing file /opt/airflow/dags/fraud_pipeline_dag.py for tasks to queue
[2026-09-14T18:18:47.157+0000] {logging_mixin.py:188} INFO - [2026-09-14T18:18:47.156+0000] {dagbag.py:540} INFO - Filling up the DagBag from /opt/airflow/dags/fraud_pipeline_dag.py
[2026-09-14T18:18:47.169+0000] {processor.py:840} INFO - DAG(s) 'fraud_pipeline' retrieved from /opt/airflow/dags/fraud_pipeline_dag.py
[2026-09-14T18:18:47.193+0000] {logging_mixin.py:188} INFO - [2026-09-14T18:18:47.193+0000] {dag.py:3096} INFO - Sync 1 DAGs
[2026-09-14T18:18:47.205+0000] {logging_mixin.py:188} INFO - [2026-09-14T18:18:47.204+0000] {dag.py:3954} INFO - Setting next_dagrun for fraud_pipeline to None, run_after=None
[2026-09-14T18:18:47.222+0000] {processor.py:183} INFO - Processing /opt/airflow/dags/fraud_pipeline_dag.py took 0.071 seconds
[2026-09-14T18:19:17.343+0000] {processor.py:161} INFO - Started process (PID=701) to work on /opt/airflow/dags/fraud_pipeline_dag.py
[2026-09-14T18:19:17.344+0000] {processor.py:830} INFO - Processing file /opt/airflow/dags/fraud_pipeline_dag.py for tasks to queue
[2026-09-14T18:19:17.346+0000] {logging_mixin.py:188} INFO - [2026-09-14T18:19:17.345+0000] {dagbag.py:540} INFO - Filling up the DagBag from /opt/airflow/dags/fraud_pipeline_dag.py
[2026-09-14T18:19:17.358+0000] {processor.py:840} INFO - DAG(s) 'fraud_pipeline' retrieved from /opt/airflow/dags/fraud_pipeline_dag.py
[2026-09-14T18:19:17.385+0000] {logging_mixin.py:188} INFO - [2026-09-14T18:19:17.385+0000] {dag.py:3096} INFO - Sync 1 DAGs
[2026-09-14T18:19:17.398+0000] {logging_mixin.py:188} INFO - [2026-09-14T18:19:17.398+0000] {dag.py:3954} INFO - Setting next_dagrun for fraud_pipeline to None, run_after=None
[2026-09-14T18:19:17.417+0000] {processor.py:183} INFO - Processing /opt/airflow/dags/fraud_pipeline_dag.py took 0.079 seconds
[2026-09-14T18:19:47.624+0000] {processor.py:161} INFO - Started process (PID=706) to work on /opt/airflow/dags/fraud_pipeline_dag.py
[2026-09-14T18:19:47.624+0000] {processor.py:830} INFO - Processing file /opt/airflow/dags/fraud_pipeline_dag.py for tasks to queue
[2026-09-14T18:19:47.626+0000] {logging_mixin.py:188} INFO - [2026-09-14T18:19:47.626+0000] {dagbag.py:540} INFO - Filling up the DagBag from /opt/airflow/dags/fraud_pipeline_dag.py
[2026-09-14T18:19:47.637+0000] {processor.py:840} INFO - DAG(s) 'fraud_pipeline' retrieved from /opt/airflow/dags/fraud_pipeline_dag.py
[2026-09-14T18:19:47.662+0000] {logging_mixin.py:188} INFO - [2026-09-14T18:19:47.662+0000] {dag.py:3096} INFO - Sync 1 DAGs
[2026-09-14T18:19:47.674+0000] {logging_mixin.py:188} INFO - [2026-09-14T18:19:47.673+0000] {dag.py:3954} INFO - Setting next_dagrun for fraud_pipeline to None, run_after=None
[2026-09-14T18:19:47.690+0000] {processor.py:183} INFO - Processing /opt/airflow/dags/fraud_pipeline_dag.py took 0.071 seconds
[2026-09-14T18:20:17.836+0000] {processor.py:161} INFO - Started process (PID=711) to work on /opt/airflow/dags/fraud_pipeline_dag.py
[2026-09-14T18:20:17.837+0000] {processor.py:830} INFO - Processing file /opt/airflow/dags/fraud_pipeline_dag.py for tasks to queue
[2026-09-14T18:20:17.838+0000] {logging_mixin.py:188} INFO - [2026-09-14T18:20:17.838+0000] {dagbag.py:540} INFO - Filling up the DagBag from /opt/airflow/dags/fraud_pipeline_dag.py
[2026-09-14T18:20:17.850+0000] {processor.py:840} INFO - DAG(s) 'fraud_pipeline' retrieved from /opt/airflow/dags/fraud_pipeline_dag.py
[2026-09-14T18:20:17.875+0000] {logging_mixin.py:188} INFO - [2026-09-14T18:20:17.874+0000] {dag.py:3096} INFO - Sync 1 DAGs
[2026-09-14T18:20:17.886+0000] {logging_mixin.py:188} INFO - [2026-09-14T18:20:17.886+0000] {dag.py:3954} INFO - Setting next_dagrun for fraud_pipeline to None, run_after=None
[2026-09-14T18:20:17.904+0000] {processor.py:183} INFO - Processing /opt/airflow/dags/fraud_pipeline_dag.py took 0.072 seconds
[2026-09-14T18:20:48.076+0000] {processor.py:161} INFO - Started process (PID=716) to work on /opt/airflow/dags/fraud_pipeline_dag.py
[2026-09-14T18:20:48.076+0000] {processor.py:830} INFO - Processing file /opt/airflow/dags/fraud_pipeline_dag.py for tasks to queue
[2026-09-14T18:20:48.078+0000] {logging_mixin.py:188} INFO - [2026-09-14T18:20:48.078+0000] {dagbag.py:540} INFO - Filling up the DagBag from /opt/airflow/dags/fraud_pipeline_dag.py
[2026-09-14T18:20:48.089+0000] {processor.py:840} INFO - DAG(s) 'fraud_pipeline' retrieved from /opt/airflow/dags/fraud_pipeline_dag.py
[2026-09-14T18:20:48.113+0000] {logging_mixin.py:188} INFO - [2026-09-14T18:20:48.113+0000] {dag.py:3096} INFO - Sync 1 DAGs
[2026-09-14T18:20:48.125+0000] {logging_mixin.py:188} INFO - [2026-09-14T18:20:48.124+0000] {dag.py:3954} INFO - Setting next_dagrun for fraud_pipeline to None, run_after=None
[2026-09-14T18:20:48.140+0000] {processor.py:183} INFO - Processing /opt/airflow/dags/fraud_pipeline_dag.py took 0.068 seconds
[2026-09-14T18:21:18.289+0000] {processor.py:161} INFO - Started process (PID=721) to work on /opt/airflow/dags/fraud_pipeline_dag.py
[2026-09-14T18:21:18.290+0000] {processor.py:830} INFO - Processing file /opt/airflow/dags/fraud_pipeline_dag.py for tasks to queue
[2026-09-14T18:21:18.291+0000] {logging_mixin.py:188} INFO - [2026-09-14T18:21:18.291+0000] {dagbag.py:540} INFO - Filling up the DagBag from /opt/airflow/dags/fraud_pipeline_dag.py
[2026-09-14T18:21:18.302+0000] {processor.py:840} INFO - DAG(s) 'fraud_pipeline' retrieved from /opt/airflow/dags/fraud_pipeline_dag.py
[2026-09-14T18:21:18.326+0000] {logging_mixin.py:188} INFO - [2026-09-14T18:21:18.326+0000] {dag.py:3096} INFO - Sync 1 DAGs
[2026-09-14T18:21:18.338+0000] {logging_mixin.py:188} INFO - [2026-09-14T18:21:18.338+0000] {dag.py:3954} INFO - Setting next_dagrun for fraud_pipeline to None, run_after=None
[2026-09-14T18:21:18.353+0000] {processor.py:183} INFO - Processing /opt/airflow/dags/fraud_pipeline_dag.py took 0.069 seconds
[2026-09-14T18:21:48.551+0000] {processor.py:161} INFO - Started process (PID=726) to work on /opt/airflow/dags/fraud_pipeline_dag.py
[2026-09-14T18:21:48.552+0000] {processor.py:830} INFO - Processing file /opt/airflow/dags/fraud_pipeline_dag.py for tasks to queue
[2026-09-14T18:21:48.553+0000] {logging_mixin.py:188} INFO - [2026-09-14T18:21:48.553+0000] {dagbag.py:540} INFO - Filling up the DagBag from /opt/airflow/dags/fraud_pipeline_dag.py
[2026-09-14T18:21:48.565+0000] {processor.py:840} INFO - DAG(s) 'fraud_pipeline' retrieved from /opt/airflow/dags/fraud_pipeline_dag.py
[2026-09-14T18:21:48.591+0000] {logging_mixin.py:188} INFO - [2026-09-14T18:21:48.591+0000] {dag.py:3096} INFO - Sync 1 DAGs
[2026-09-14T18:21:48.604+0000] {logging_mixin.py:188} INFO - [2026-09-14T18:21:48.603+0000] {dag.py:3954} INFO - Setting next_dagrun for fraud_pipeline to None, run_after=None
[2026-09-14T18:21:48.630+0000] {processor.py:183} INFO - Processing /opt/airflow/dags/fraud_pipeline_dag.py took 0.083 seconds
[2026-09-14T18:22:18.767+0000] {processor.py:161} INFO - Started process (PID=731) to work on /opt/airflow/dags/fraud_pipeline_dag.py
[2026-09-14T18:22:18.768+0000] {processor.py:830} INFO - Processing file /opt/airflow/dags/fraud_pipeline_dag.py for tasks to queue
[2026-09-14T18:22:18.770+0000] {logging_mixin.py:188} INFO - [2026-09-14T18:22:18.769+0000] {dagbag.py:540} INFO - Filling up the DagBag from /opt/airflow/dags/fraud_pipeline_dag.py
[2026-09-14T18:22:18.780+0000] {processor.py:840} INFO - DAG(s) 'fraud_pipeline' retrieved from /opt/airflow/dags/fraud_pipeline_dag.py
[2026-09-14T18:22:18.808+0000] {logging_mixin.py:188} INFO - [2026-09-14T18:22:18.808+0000] {dag.py:3096} INFO - Sync 1 DAGs
[2026-09-14T18:22:18.820+0000] {logging_mixin.py:188} INFO - [2026-09-14T18:22:18.820+0000] {dag.py:3954} INFO - Setting next_dagrun for fraud_pipeline to None, run_after=None
[2026-09-14T18:22:18.837+0000] {processor.py:183} INFO - Processing /opt/airflow/dags/fraud_pipeline_dag.py took 0.075 seconds
[2026-09-14T18:22:49.021+0000] {processor.py:161} INFO - Started process (PID=736) to work on /opt/airflow/dags/fraud_pipeline_dag.py
[2026-09-14T18:22:49.022+0000] {processor.py:830} INFO - Processing file /opt/airflow/dags/fraud_pipeline_dag.py for tasks to queue
[2026-09-14T18:22:49.025+0000] {logging_mixin.py:188} INFO - [2026-09-14T18:22:49.024+0000] {dagbag.py:540} INFO - Filling up the DagBag from /opt/airflow/dags/fraud_pipeline_dag.py
[2026-09-14T18:22:49.044+0000] {processor.py:840} INFO - DAG(s) 'fraud_pipeline' retrieved from /opt/airflow/dags/fraud_pipeline_dag.py
[2026-09-14T18:22:49.076+0000] {logging_mixin.py:188} INFO - [2026-09-14T18:22:49.076+0000] {dag.py:3096} INFO - Sync 1 DAGs
[2026-09-14T18:22:49.090+0000] {logging_mixin.py:188} INFO - [2026-09-14T18:22:49.090+0000] {dag.py:3954} INFO - Setting next_dagrun for fraud_pipeline to None, run_after=None
[2026-09-14T18:22:49.108+0000] {processor.py:183} INFO - Processing /opt/airflow/dags/fraud_pipeline_dag.py took 0.095 seconds
[2026-09-14T18:23:19.222+0000] {processor.py:161} INFO - Started process (PID=741) to work on /opt/airflow/dags/fraud_pipeline_dag.py
[2026-09-14T18:23:19.223+0000] {processor.py:830} INFO - Processing file /opt/airflow/dags/fraud_pipeline_dag.py for tasks to queue
[2026-09-14T18:23:19.225+0000] {logging_mixin.py:188} INFO - [2026-09-14T18:23:19.224+0000] {dagbag.py:540} INFO - Filling up the DagBag from /opt/airflow/dags/fraud_pipeline_dag.py
[2026-09-14T18:23:19.238+0000] {processor.py:840} INFO - DAG(s) 'fraud_pipeline' retrieved from /opt/airflow/dags/fraud_pipeline_dag.py
[2026-09-14T18:23:19.263+0000] {logging_mixin.py:188} INFO - [2026-09-14T18:23:19.263+0000] {dag.py:3096} INFO - Sync 1 DAGs
[2026-09-14T18:23:19.278+0000] {logging_mixin.py:188} INFO - [2026-09-14T18:23:19.278+0000] {dag.py:3954} INFO - Setting next_dagrun for fraud_pipeline to None, run_after=None
[2026-09-14T18:23:19.297+0000] {processor.py:183} INFO - Processing /opt/airflow/dags/fraud_pipeline_dag.py took 0.080 seconds
[2026-09-14T18:23:49.540+0000] {processor.py:161} INFO - Started process (PID=746) to work on /opt/airflow/dags/fraud_pipeline_dag.py
[2026-09-14T18:23:49.541+0000] {processor.py:830} INFO - Processing file /opt/airflow/dags/fraud_pipeline_dag.py for tasks to queue
[2026-09-14T18:23:49.543+0000] {logging_mixin.py:188} INFO - [2026-09-14T18:23:49.542+0000] {dagbag.py:540} INFO - Filling up the DagBag from /opt/airflow/dags/fraud_pipeline_dag.py
[2026-09-14T18:23:49.554+0000] {processor.py:840} INFO - DAG(s) 'fraud_pipeline' retrieved from /opt/airflow/dags/fraud_pipeline_dag.py
[2026-09-14T18:23:49.578+0000] {logging_mixin.py:188} INFO - [2026-09-14T18:23:49.577+0000] {dag.py:3096} INFO - Sync 1 DAGs
[2026-09-14T18:23:49.588+0000] {logging_mixin.py:188} INFO - [2026-09-14T18:23:49.588+0000] {dag.py:3954} INFO - Setting next_dagrun for fraud_pipeline to None, run_after=None
[2026-09-14T18:23:49.605+0000] {processor.py:183} INFO - Processing /opt/airflow/dags/fraud_pipeline_dag.py took 0.069 seconds
[2026-09-14T18:24:19.724+0000] {processor.py:161} INFO - Started process (PID=751) to work on /opt/airflow/dags/fraud_pipeline_dag.py
[2026-09-14T18:24:19.725+0000] {processor.py:830} INFO - Processing file /opt/airflow/dags/fraud_pipeline_dag.py for tasks to queue
[2026-09-14T18:24:19.727+0000] {logging_mixin.py:188} INFO - [2026-09-14T18:24:19.727+0000] {dagbag.py:540} INFO - Filling up the DagBag from /opt/airflow/dags/fraud_pipeline_dag.py
[2026-09-14T18:24:19.739+0000] {processor.py:840} INFO - DAG(s) 'fraud_pipeline' retrieved from /opt/airflow/dags/fraud_pipeline_dag.py
[2026-09-14T18:24:19.765+0000] {logging_mixin.py:188} INFO - [2026-09-14T18:24:19.764+0000] {dag.py:3096} INFO - Sync 1 DAGs
[2026-09-14T18:24:19.775+0000] {logging_mixin.py:188} INFO - [2026-09-14T18:24:19.775+0000] {dag.py:3954} INFO - Setting next_dagrun for fraud_pipeline to None, run_after=None
[2026-09-14T18:24:19.792+0000] {processor.py:183} INFO - Processing /opt/airflow/dags/fraud_pipeline_dag.py took 0.073 seconds
[2026-09-14T18:24:49.965+0000] {processor.py:161} INFO - Started process (PID=756) to work on /opt/airflow/dags/fraud_pipeline_dag.py
[2026-09-14T18:24:49.966+0000] {processor.py:830} INFO - Processing file /opt/airflow/dags/fraud_pipeline_dag.py for tasks to queue
[2026-09-14T18:24:49.967+0000] {logging_mixin.py:188} INFO - [2026-09-14T18:24:49.967+0000] {dagbag.py:540} INFO - Filling up the DagBag from /opt/airflow/dags/fraud_pipeline_dag.py
[2026-09-14T18:24:49.980+0000] {processor.py:840} INFO - DAG(s) 'fraud_pipeline' retrieved from /opt/airflow/dags/fraud_pipeline_dag.py
[2026-09-14T18:24:50.004+0000] {logging_mixin.py:188} INFO - [2026-09-14T18:24:50.003+0000] {dag.py:3096} INFO - Sync 1 DAGs
[2026-09-14T18:24:50.014+0000] {logging_mixin.py:188} INFO - [2026-09-14T18:24:50.014+0000] {dag.py:3954} INFO - Setting next_dagrun for fraud_pipeline to None, run_after=None
[2026-09-14T18:24:50.030+0000] {processor.py:183} INFO - Processing /opt/airflow/dags/fraud_pipeline_dag.py took 0.069 seconds
[2026-09-14T18:25:20.164+0000] {processor.py:161} INFO - Started process (PID=761) to work on /opt/airflow/dags/fraud_pipeline_dag.py
[2026-09-14T18:25:20.165+0000] {processor.py:830} INFO - Processing file /opt/airflow/dags/fraud_pipeline_dag.py for tasks to queue
[2026-09-14T18:25:20.168+0000] {logging_mixin.py:188} INFO - [2026-09-14T18:25:20.167+0000] {dagbag.py:540} INFO - Filling up the DagBag from /opt/airflow/dags/fraud_pipeline_dag.py
[2026-09-14T18:25:20.180+0000] {processor.py:840} INFO - DAG(s) 'fraud_pipeline' retrieved from /opt/airflow/dags/fraud_pipeline_dag.py
[2026-09-14T18:25:20.203+0000] {logging_mixin.py:188} INFO - [2026-09-14T18:25:20.203+0000] {dag.py:3096} INFO - Sync 1 DAGs
[2026-09-14T18:25:20.214+0000] {logging_mixin.py:188} INFO - [2026-09-14T18:25:20.214+0000] {dag.py:3954} INFO - Setting next_dagrun for fraud_pipeline to None, run_after=None
[2026-09-14T18:25:20.228+0000] {processor.py:183} INFO - Processing /opt/airflow/dags/fraud_pipeline_dag.py took 0.070 seconds
[2026-09-14T18:25:50.425+0000] {processor.py:161} INFO - Started process (PID=766) to work on /opt/airflow/dags/fraud_pipeline_dag.py
[2026-09-14T18:25:50.426+0000] {processor.py:830} INFO - Processing file /opt/airflow/dags/fraud_pipeline_dag.py for tasks to queue
[2026-09-14T18:25:50.428+0000] {logging_mixin.py:188} INFO - [2026-09-14T18:25:50.427+0000] {dagbag.py:540} INFO - Filling up the DagBag from /opt/airflow/dags/fraud_pipeline_dag.py
[2026-09-14T18:25:50.439+0000] {processor.py:840} INFO - DAG(s) 'fraud_pipeline' retrieved from /opt/airflow/dags/fraud_pipeline_dag.py
[2026-09-14T18:25:50.463+0000] {logging_mixin.py:188} INFO - [2026-09-14T18:25:50.463+0000] {dag.py:3096} INFO - Sync 1 DAGs
[2026-09-14T18:25:50.475+0000] {logging_mixin.py:188} INFO - [2026-09-14T18:25:50.475+0000] {dag.py:3954} INFO - Setting next_dagrun for fraud_pipeline to None, run_after=None
[2026-09-14T18:25:50.492+0000] {processor.py:183} INFO - Processing /opt/airflow/dags/fraud_pipeline_dag.py took 0.071 seconds
[2026-09-14T18:26:20.630+0000] {processor.py:161} INFO - Started process (PID=771) to work on /opt/airflow/dags/fraud_pipeline_dag.py
[2026-09-14T18:26:20.631+0000] {processor.py:830} INFO - Processing file /opt/airflow/dags/fraud_pipeline_dag.py for tasks to queue
[2026-09-14T18:26:20.632+0000] {logging_mixin.py:188} INFO - [2026-09-14T18:26:20.632+0000] {dagbag.py:540} INFO - Filling up the DagBag from /opt/airflow/dags/fraud_pipeline_dag.py
[2026-09-14T18:26:20.643+0000] {processor.py:840} INFO - DAG(s) 'fraud_pipeline' retrieved from /opt/airflow/dags/fraud_pipeline_dag.py
[2026-09-14T18:26:20.665+0000] {logging_mixin.py:188} INFO - [2026-09-14T18:26:20.665+0000] {dag.py:3096} INFO - Sync 1 DAGs
[2026-09-14T18:26:20.680+0000] {logging_mixin.py:188} INFO - [2026-09-14T18:26:20.679+0000] {dag.py:3954} INFO - Setting next_dagrun for fraud_pipeline to None, run_after=None
[2026-09-14T18:26:20.701+0000] {processor.py:183} INFO - Processing /opt/airflow/dags/fraud_pipeline_dag.py took 0.075 seconds
[2026-09-14T18:26:50.901+0000] {processor.py:161} INFO - Started process (PID=776) to work on /opt/airflow/dags/fraud_pipeline_dag.py
[2026-09-14T18:26:50.903+0000] {processor.py:830} INFO - Processing file /opt/airflow/dags/fraud_pipeline_dag.py for tasks to queue
[2026-09-14T18:26:50.905+0000] {logging_mixin.py:188} INFO - [2026-09-14T18:26:50.905+0000] {dagbag.py:540} INFO - Filling up the DagBag from /opt/airflow/dags/fraud_pipeline_dag.py
[2026-09-14T18:26:50.920+0000] {processor.py:840} INFO - DAG(s) 'fraud_pipeline' retrieved from /opt/airflow/dags/fraud_pipeline_dag.py
[2026-09-14T18:26:50.945+0000] {logging_mixin.py:188} INFO - [2026-09-14T18:26:50.945+0000] {dag.py:3096} INFO - Sync 1 DAGs
[2026-09-14T18:26:50.958+0000] {logging_mixin.py:188} INFO - [2026-09-14T18:26:50.958+0000] {dag.py:3954} INFO - Setting next_dagrun for fraud_pipeline to None, run_after=None
[2026-09-14T18:26:50.974+0000] {processor.py:183} INFO - Processing /opt/airflow/dags/fraud_pipeline_dag.py took 0.079 seconds
[2026-09-14T18:27:21.118+0000] {processor.py:161} INFO - Started process (PID=781) to work on /opt/airflow/dags/fraud_pipeline_dag.py
[2026-09-14T18:27:21.119+0000] {processor.py:830} INFO - Processing file /opt/airflow/dags/fraud_pipeline_dag.py for tasks to queue
[2026-09-14T18:27:21.121+0000] {logging_mixin.py:188} INFO - [2026-09-14T18:27:21.120+0000] {dagbag.py:540} INFO - Filling up the DagBag from /opt/airflow/dags/fraud_pipeline_dag.py
[2026-09-14T18:27:21.131+0000] {processor.py:840} INFO - DAG(s) 'fraud_pipeline' retrieved from /opt/airflow/dags/fraud_pipeline_dag.py
[2026-09-14T18:27:21.156+0000] {logging_mixin.py:188} INFO - [2026-09-14T18:27:21.156+0000] {dag.py:3096} INFO - Sync 1 DAGs
[2026-09-14T18:27:21.167+0000] {logging_mixin.py:188} INFO - [2026-09-14T18:27:21.167+0000] {dag.py:3954} INFO - Setting next_dagrun for fraud_pipeline to None, run_after=None
[2026-09-14T18:27:21.189+0000] {processor.py:183} INFO - Processing /opt/airflow/dags/fraud_pipeline_dag.py took 0.077 seconds
[2026-09-14T18:27:51.339+0000] {processor.py:161} INFO - Started process (PID=786) to work on /opt/airflow/dags/fraud_pipeline_dag.py
[2026-09-14T18:27:51.340+0000] {processor.py:830} INFO - Processing file /opt/airflow/dags/fraud_pipeline_dag.py for tasks to queue
[2026-09-14T18:27:51.342+0000] {logging_mixin.py:188} INFO - [2026-09-14T18:27:51.341+0000] {dagbag.py:540} INFO - Filling up the DagBag from /opt/airflow/dags/fraud_pipeline_dag.py
[2026-09-14T18:27:51.355+0000] {processor.py:840} INFO - DAG(s) 'fraud_pipeline' retrieved from /opt/airflow/dags/fraud_pipeline_dag.py
[2026-09-14T18:27:51.380+0000] {logging_mixin.py:188} INFO - [2026-09-14T18:27:51.379+0000] {dag.py:3096} INFO - Sync 1 DAGs
[2026-09-14T18:27:51.391+0000] {logging_mixin.py:188} INFO - [2026-09-14T18:27:51.391+0000] {dag.py:3954} INFO - Setting next_dagrun for fraud_pipeline to None, run_after=None
[2026-09-14T18:27:51.405+0000] {processor.py:183} INFO - Processing /opt/airflow/dags/fraud_pipeline_dag.py took 0.071 seconds
[2026-09-14T18:28:21.582+0000] {processor.py:161} INFO - Started process (PID=791) to work on /opt/airflow/dags/fraud_pipeline_dag.py
[2026-09-14T18:28:21.583+0000] {processor.py:830} INFO - Processing file /opt/airflow/dags/fraud_pipeline_dag.py for tasks to queue
[2026-09-14T18:28:21.584+0000] {logging_mixin.py:188} INFO - [2026-09-14T18:28:21.584+0000] {dagbag.py:540} INFO - Filling up the DagBag from /opt/airflow/dags/fraud_pipeline_dag.py
[2026-09-14T18:28:21.596+0000] {processor.py:840} INFO - DAG(s) 'fraud_pipeline' retrieved from /opt/airflow/dags/fraud_pipeline_dag.py
[2026-09-14T18:28:21.622+0000] {logging_mixin.py:188} INFO - [2026-09-14T18:28:21.621+0000] {dag.py:3096} INFO - Sync 1 DAGs
[2026-09-14T18:28:21.633+0000] {logging_mixin.py:188} INFO - [2026-09-14T18:28:21.633+0000] {dag.py:3954} INFO - Setting next_dagrun for fraud_pipeline to None, run_after=None
[2026-09-14T18:28:21.649+0000] {processor.py:183} INFO - Processing /opt/airflow/dags/fraud_pipeline_dag.py took 0.071 seconds
[2026-09-14T18:28:51.810+0000] {processor.py:161} INFO - Started process (PID=796) to work on /opt/airflow/dags/fraud_pipeline_dag.py
[2026-09-14T18:28:51.811+0000] {processor.py:830} INFO - Processing file /opt/airflow/dags/fraud_pipeline_dag.py for tasks to queue
[2026-09-14T18:28:51.812+0000] {logging_mixin.py:188} INFO - [2026-09-14T18:28:51.812+0000] {dagbag.py:540} INFO - Filling up the DagBag from /opt/airflow/dags/fraud_pipeline_dag.py
[2026-09-14T18:28:51.825+0000] {processor.py:840} INFO - DAG(s) 'fraud_pipeline' retrieved from /opt/airflow/dags/fraud_pipeline_dag.py
[2026-09-14T18:28:51.850+0000] {logging_mixin.py:188} INFO - [2026-09-14T18:28:51.850+0000] {dag.py:3096} INFO - Sync 1 DAGs
[2026-09-14T18:28:51.861+0000] {logging_mixin.py:188} INFO - [2026-09-14T18:28:51.861+0000] {dag.py:3954} INFO - Setting next_dagrun for fraud_pipeline to None, run_after=None
[2026-09-14T18:28:51.877+0000] {processor.py:183} INFO - Processing /opt/airflow/dags/fraud_pipeline_dag.py took 0.073 seconds
[2026-09-14T18:29:22.024+0000] {processor.py:161} INFO - Started process (PID=801) to work on /opt/airflow/dags/fraud_pipeline_dag.py
[2026-09-14T18:29:22.024+0000] {processor.py:830} INFO - Processing file /opt/airflow/dags/fraud_pipeline_dag.py for tasks to queue
[2026-09-14T18:29:22.026+0000] {logging_mixin.py:188} INFO - [2026-09-14T18:29:22.026+0000] {dagbag.py:540} INFO - Filling up the DagBag from /opt/airflow/dags/fraud_pipeline_dag.py
[2026-09-14T18:29:22.037+0000] {processor.py:840} INFO - DAG(s) 'fraud_pipeline' retrieved from /opt/airflow/dags/fraud_pipeline_dag.py
[2026-09-14T18:29:22.060+0000] {logging_mixin.py:188} INFO - [2026-09-14T18:29:22.060+0000] {dag.py:3096} INFO - Sync 1 DAGs
[2026-09-14T18:29:22.072+0000] {logging_mixin.py:188} INFO - [2026-09-14T18:29:22.072+0000] {dag.py:3954} INFO - Setting next_dagrun for fraud_pipeline to None, run_after=None
[2026-09-14T18:29:22.087+0000] {processor.py:183} INFO - Processing /opt/airflow/dags/fraud_pipeline_dag.py took 0.068 seconds
[2026-09-14T18:29:52.263+0000] {processor.py:161} INFO - Started process (PID=806) to work on /opt/airflow/dags/fraud_pipeline_dag.py
[2026-09-14T18:29:52.264+0000] {processor.py:830} INFO - Processing file /opt/airflow/dags/fraud_pipeline_dag.py for tasks to queue
[2026-09-14T18:29:52.265+0000] {logging_mixin.py:188} INFO - [2026-09-14T18:29:52.265+0000] {dagbag.py:540} INFO - Filling up the DagBag from /opt/airflow/dags/fraud_pipeline_dag.py
[2026-09-14T18:29:52.277+0000] {processor.py:840} INFO - DAG(s) 'fraud_pipeline' retrieved from /opt/airflow/dags/fraud_pipeline_dag.py
[2026-09-14T18:29:52.301+0000] {logging_mixin.py:188} INFO - [2026-09-14T18:29:52.300+0000] {dag.py:3096} INFO - Sync 1 DAGs
[2026-09-14T18:29:52.313+0000] {logging_mixin.py:188} INFO - [2026-09-14T18:29:52.312+0000] {dag.py:3954} INFO - Setting next_dagrun for fraud_pipeline to None, run_after=None
[2026-09-14T18:29:52.330+0000] {processor.py:183} INFO - Processing /opt/airflow/dags/fraud_pipeline_dag.py took 0.071 seconds
[2026-09-14T18:30:22.482+0000] {processor.py:161} INFO - Started process (PID=811) to work on /opt/airflow/dags/fraud_pipeline_dag.py
[2026-09-14T18:30:22.483+0000] {processor.py:830} INFO - Processing file /opt/airflow/dags/fraud_pipeline_dag.py for tasks to queue
[2026-09-14T18:30:22.485+0000] {logging_mixin.py:188} INFO - [2026-09-14T18:30:22.484+0000] {dagbag.py:540} INFO - Filling up the DagBag from /opt/airflow/dags/fraud_pipeline_dag.py
[2026-09-14T18:30:22.498+0000] {processor.py:840} INFO - DAG(s) 'fraud_pipeline' retrieved from /opt/airflow/dags/fraud_pipeline_dag.py
[2026-09-14T18:30:22.523+0000] {logging_mixin.py:188} INFO - [2026-09-14T18:30:22.523+0000] {dag.py:3096} INFO - Sync 1 DAGs
[2026-09-14T18:30:22.535+0000] {logging_mixin.py:188} INFO - [2026-09-14T18:30:22.535+0000] {dag.py:3954} INFO - Setting next_dagrun for fraud_pipeline to None, run_after=None
[2026-09-14T18:30:22.549+0000] {processor.py:183} INFO - Processing /opt/airflow/dags/fraud_pipeline_dag.py took 0.072 seconds
[2026-09-14T18:30:52.702+0000] {processor.py:161} INFO - Started process (PID=816) to work on /opt/airflow/dags/fraud_pipeline_dag.py
[2026-09-14T18:30:52.703+0000] {processor.py:830} INFO - Processing file /opt/airflow/dags/fraud_pipeline_dag.py for tasks to queue
[2026-09-14T18:30:52.704+0000] {logging_mixin.py:188} INFO - [2026-09-14T18:30:52.704+0000] {dagbag.py:540} INFO - Filling up the DagBag from /opt/airflow/dags/fraud_pipeline_dag.py
[2026-09-14T18:30:52.716+0000] {processor.py:840} INFO - DAG(s) 'fraud_pipeline' retrieved from /opt/airflow/dags/fraud_pipeline_dag.py
[2026-09-14T18:30:52.738+0000] {logging_mixin.py:188} INFO - [2026-09-14T18:30:52.738+0000] {dag.py:3096} INFO - Sync 1 DAGs
[2026-09-14T18:30:52.748+0000] {logging_mixin.py:188} INFO - [2026-09-14T18:30:52.748+0000] {dag.py:3954} INFO - Setting next_dagrun for fraud_pipeline to None, run_after=None
[2026-09-14T18:30:52.765+0000] {processor.py:183} INFO - Processing /opt/airflow/dags/fraud_pipeline_dag.py took 0.068 seconds
[2026-09-14T18:31:22.925+0000] {processor.py:161} INFO - Started process (PID=821) to work on /opt/airflow/dags/fraud_pipeline_dag.py
[2026-09-14T18:31:22.926+0000] {processor.py:830} INFO - Processing file /opt/airflow/dags/fraud_pipeline_dag.py for tasks to queue
[2026-09-14T18:31:22.928+0000] {logging_mixin.py:188} INFO - [2026-09-14T18:31:22.928+0000] {dagbag.py:540} INFO - Filling up the DagBag from /opt/airflow/dags/fraud_pipeline_dag.py
[2026-09-14T18:31:22.940+0000] {processor.py:840} INFO - DAG(s) 'fraud_pipeline' retrieved from /opt/airflow/dags/fraud_pipeline_dag.py
[2026-09-14T18:31:22.964+0000] {logging_mixin.py:188} INFO - [2026-09-14T18:31:22.964+0000] {dag.py:3096} INFO - Sync 1 DAGs
[2026-09-14T18:31:22.976+0000] {logging_mixin.py:188} INFO - [2026-09-14T18:31:22.976+0000] {dag.py:3954} INFO - Setting next_dagrun for fraud_pipeline to None, run_after=None
[2026-09-14T18:31:22.993+0000] {processor.py:183} INFO - Processing /opt/airflow/dags/fraud_pipeline_dag.py took 0.073 seconds
[2026-09-14T18:31:53.119+0000] {processor.py:161} INFO - Started process (PID=826) to work on /opt/airflow/dags/fraud_pipeline_dag.py
[2026-09-14T18:31:53.120+0000] {processor.py:830} INFO - Processing file /opt/airflow/dags/fraud_pipeline_dag.py for tasks to queue
[2026-09-14T18:31:53.122+0000] {logging_mixin.py:188} INFO - [2026-09-14T18:31:53.122+0000] {dagbag.py:540} INFO - Filling up the DagBag from /opt/airflow/dags/fraud_pipeline_dag.py
[2026-09-14T18:31:53.135+0000] {processor.py:840} INFO - DAG(s) 'fraud_pipeline' retrieved from /opt/airflow/dags/fraud_pipeline_dag.py
[2026-09-14T18:31:53.162+0000] {logging_mixin.py:188} INFO - [2026-09-14T18:31:53.162+0000] {dag.py:3096} INFO - Sync 1 DAGs
[2026-09-14T18:31:53.175+0000] {logging_mixin.py:188} INFO - [2026-09-14T18:31:53.175+0000] {dag.py:3954} INFO - Setting next_dagrun for fraud_pipeline to None, run_after=None
[2026-09-14T18:31:53.195+0000] {processor.py:183} INFO - Processing /opt/airflow/dags/fraud_pipeline_dag.py took 0.081 seconds
[2026-09-14T18:32:23.360+0000] {processor.py:161} INFO - Started process (PID=831) to work on /opt/airflow/dags/fraud_pipeline_dag.py
[2026-09-14T18:32:23.361+0000] {processor.py:830} INFO - Processing file /opt/airflow/dags/fraud_pipeline_dag.py for tasks to queue
[2026-09-14T18:32:23.362+0000] {logging_mixin.py:188} INFO - [2026-09-14T18:32:23.362+0000] {dagbag.py:540} INFO - Filling up the DagBag from /opt/airflow/dags/fraud_pipeline_dag.py
[2026-09-14T18:32:23.374+0000] {processor.py:840} INFO - DAG(s) 'fraud_pipeline' retrieved from /opt/airflow/dags/fraud_pipeline_dag.py
[2026-09-14T18:32:23.398+0000] {logging_mixin.py:188} INFO - [2026-09-14T18:32:23.398+0000] {dag.py:3096} INFO - Sync 1 DAGs
[2026-09-14T18:32:23.409+0000] {logging_mixin.py:188} INFO - [2026-09-14T18:32:23.409+0000] {dag.py:3954} INFO - Setting next_dagrun for fraud_pipeline to None, run_after=None
[2026-09-14T18:32:23.428+0000] {processor.py:183} INFO - Processing /opt/airflow/dags/fraud_pipeline_dag.py took 0.073 seconds
[2026-09-14T18:32:53.608+0000] {processor.py:161} INFO - Started process (PID=836) to work on /opt/airflow/dags/fraud_pipeline_dag.py
[2026-09-14T18:32:53.609+0000] {processor.py:830} INFO - Processing file /opt/airflow/dags/fraud_pipeline_dag.py for tasks to queue
[2026-09-14T18:32:53.610+0000] {logging_mixin.py:188} INFO - [2026-09-14T18:32:53.610+0000] {dagbag.py:540} INFO - Filling up the DagBag from /opt/airflow/dags/fraud_pipeline_dag.py
[2026-09-14T18:32:53.621+0000] {processor.py:840} INFO - DAG(s) 'fraud_pipeline' retrieved from /opt/airflow/dags/fraud_pipeline_dag.py
[2026-09-14T18:32:53.643+0000] {logging_mixin.py:188} INFO - [2026-09-14T18:32:53.643+0000] {dag.py:3096} INFO - Sync 1 DAGs
[2026-09-14T18:32:53.657+0000] {logging_mixin.py:188} INFO - [2026-09-14T18:32:53.657+0000] {dag.py:3954} INFO - Setting next_dagrun for fraud_pipeline to None, run_after=None
[2026-09-14T18:32:53.674+0000] {processor.py:183} INFO - Processing /opt/airflow/dags/fraud_pipeline_dag.py took 0.070 seconds
[2026-09-14T18:33:23.824+0000] {processor.py:161} INFO - Started process (PID=841) to work on /opt/airflow/dags/fraud_pipeline_dag.py
[2026-09-14T18:33:23.824+0000] {processor.py:830} INFO - Processing file /opt/airflow/dags/fraud_pipeline_dag.py for tasks to queue
[2026-09-14T18:33:23.826+0000] {logging_mixin.py:188} INFO - [2026-09-14T18:33:23.825+0000] {dagbag.py:540} INFO - Filling up the DagBag from /opt/airflow/dags/fraud_pipeline_dag.py
[2026-09-14T18:33:23.836+0000] {processor.py:840} INFO - DAG(s) 'fraud_pipeline' retrieved from /opt/airflow/dags/fraud_pipeline_dag.py
[2026-09-14T18:33:23.860+0000] {logging_mixin.py:188} INFO - [2026-09-14T18:33:23.860+0000] {dag.py:3096} INFO - Sync 1 DAGs
[2026-09-14T18:33:23.871+0000] {logging_mixin.py:188} INFO - [2026-09-14T18:33:23.871+0000] {dag.py:3954} INFO - Setting next_dagrun for fraud_pipeline to None, run_after=None
[2026-09-14T18:33:23.906+0000] {processor.py:183} INFO - Processing /opt/airflow/dags/fraud_pipeline_dag.py took 0.087 seconds
[2026-09-14T18:33:54.066+0000] {processor.py:161} INFO - Started process (PID=846) to work on /opt/airflow/dags/fraud_pipeline_dag.py
[2026-09-14T18:33:54.067+0000] {processor.py:830} INFO - Processing file /opt/airflow/dags/fraud_pipeline_dag.py for tasks to queue
[2026-09-14T18:33:54.069+0000] {logging_mixin.py:188} INFO - [2026-09-14T18:33:54.069+0000] {dagbag.py:540} INFO - Filling up the DagBag from /opt/airflow/dags/fraud_pipeline_dag.py
[2026-09-14T18:33:54.081+0000] {processor.py:840} INFO - DAG(s) 'fraud_pipeline' retrieved from /opt/airflow/dags/fraud_pipeline_dag.py
[2026-09-14T18:33:54.104+0000] {logging_mixin.py:188} INFO - [2026-09-14T18:33:54.104+0000] {dag.py:3096} INFO - Sync 1 DAGs
[2026-09-14T18:33:54.115+0000] {logging_mixin.py:188} INFO - [2026-09-14T18:33:54.115+0000] {dag.py:3954} INFO - Setting next_dagrun for fraud_pipeline to None, run_after=None
[2026-09-14T18:33:54.133+0000] {processor.py:183} INFO - Processing /opt/airflow/dags/fraud_pipeline_dag.py took 0.072 seconds
[2026-09-14T18:34:24.277+0000] {processor.py:161} INFO - Started process (PID=851) to work on /opt/airflow/dags/fraud_pipeline_dag.py
[2026-09-14T18:34:24.278+0000] {processor.py:830} INFO - Processing file /opt/airflow/dags/fraud_pipeline_dag.py for tasks to queue
[2026-09-14T18:34:24.279+0000] {logging_mixin.py:188} INFO - [2026-09-14T18:34:24.279+0000] {dagbag.py:540} INFO - Filling up the DagBag from /opt/airflow/dags/fraud_pipeline_dag.py
[2026-09-14T18:34:24.290+0000] {processor.py:840} INFO - DAG(s) 'fraud_pipeline' retrieved from /opt/airflow/dags/fraud_pipeline_dag.py
[2026-09-14T18:34:24.313+0000] {logging_mixin.py:188} INFO - [2026-09-14T18:34:24.312+0000] {dag.py:3096} INFO - Sync 1 DAGs
[2026-09-14T18:34:24.324+0000] {logging_mixin.py:188} INFO - [2026-09-14T18:34:24.324+0000] {dag.py:3954} INFO - Setting next_dagrun for fraud_pipeline to None, run_after=None
[2026-09-14T18:34:24.340+0000] {processor.py:183} INFO - Processing /opt/airflow/dags/fraud_pipeline_dag.py took 0.068 seconds
[2026-09-14T18:34:54.512+0000] {processor.py:161} INFO - Started process (PID=856) to work on /opt/airflow/dags/fraud_pipeline_dag.py
[2026-09-14T18:34:54.513+0000] {processor.py:830} INFO - Processing file /opt/airflow/dags/fraud_pipeline_dag.py for tasks to queue
[2026-09-14T18:34:54.514+0000] {logging_mixin.py:188} INFO - [2026-09-14T18:34:54.514+0000] {dagbag.py:540} INFO - Filling up the DagBag from /opt/airflow/dags/fraud_pipeline_dag.py
[2026-09-14T18:34:54.525+0000] {processor.py:840} INFO - DAG(s) 'fraud_pipeline' retrieved from /opt/airflow/dags/fraud_pipeline_dag.py
[2026-09-14T18:34:54.546+0000] {logging_mixin.py:188} INFO - [2026-09-14T18:34:54.545+0000] {dag.py:3096} INFO - Sync 1 DAGs
[2026-09-14T18:34:54.557+0000] {logging_mixin.py:188} INFO - [2026-09-14T18:34:54.557+0000] {dag.py:3954} INFO - Setting next_dagrun for fraud_pipeline to None, run_after=None
[2026-09-14T18:34:54.574+0000] {processor.py:183} INFO - Processing /opt/airflow/dags/fraud_pipeline_dag.py took 0.067 seconds
[2026-09-14T18:35:24.758+0000] {processor.py:161} INFO - Started process (PID=861) to work on /opt/airflow/dags/fraud_pipeline_dag.py
[2026-09-14T18:35:24.759+0000] {processor.py:830} INFO - Processing file /opt/airflow/dags/fraud_pipeline_dag.py for tasks to queue
[2026-09-14T18:35:24.761+0000] {logging_mixin.py:188} INFO - [2026-09-14T18:35:24.761+0000] {dagbag.py:540} INFO - Filling up the DagBag from /opt/airflow/dags/fraud_pipeline_dag.py
[2026-09-14T18:35:24.774+0000] {processor.py:840} INFO - DAG(s) 'fraud_pipeline' retrieved from /opt/airflow/dags/fraud_pipeline_dag.py
[2026-09-14T18:35:24.798+0000] {logging_mixin.py:188} INFO - [2026-09-14T18:35:24.798+0000] {dag.py:3096} INFO - Sync 1 DAGs
[2026-09-14T18:35:24.810+0000] {logging_mixin.py:188} INFO - [2026-09-14T18:35:24.810+0000] {dag.py:3954} INFO - Setting next_dagrun for fraud_pipeline to None, run_after=None
[2026-09-14T18:35:24.833+0000] {processor.py:183} INFO - Processing /opt/airflow/dags/fraud_pipeline_dag.py took 0.080 seconds
[2026-09-14T18:35:54.978+0000] {processor.py:161} INFO - Started process (PID=866) to work on /opt/airflow/dags/fraud_pipeline_dag.py
[2026-09-14T18:35:54.979+0000] {processor.py:830} INFO - Processing file /opt/airflow/dags/fraud_pipeline_dag.py for tasks to queue
[2026-09-14T18:35:54.981+0000] {logging_mixin.py:188} INFO - [2026-09-14T18:35:54.980+0000] {dagbag.py:540} INFO - Filling up the DagBag from /opt/airflow/dags/fraud_pipeline_dag.py
[2026-09-14T18:35:54.993+0000] {processor.py:840} INFO - DAG(s) 'fraud_pipeline' retrieved from /opt/airflow/dags/fraud_pipeline_dag.py
[2026-09-14T18:35:55.019+0000] {logging_mixin.py:188} INFO - [2026-09-14T18:35:55.019+0000] {dag.py:3096} INFO - Sync 1 DAGs
[2026-09-14T18:35:55.030+0000] {logging_mixin.py:188} INFO - [2026-09-14T18:35:55.030+0000] {dag.py:3954} INFO - Setting next_dagrun for fraud_pipeline to None, run_after=None
[2026-09-14T18:35:55.047+0000] {processor.py:183} INFO - Processing /opt/airflow/dags/fraud_pipeline_dag.py took 0.073 seconds
[2026-09-14T18:36:25.225+0000] {processor.py:161} INFO - Started process (PID=871) to work on /opt/airflow/dags/fraud_pipeline_dag.py
[2026-09-14T18:36:25.226+0000] {processor.py:830} INFO - Processing file /opt/airflow/dags/fraud_pipeline_dag.py for tasks to queue
[2026-09-14T18:36:25.228+0000] {logging_mixin.py:188} INFO - [2026-09-14T18:36:25.228+0000] {dagbag.py:540} INFO - Filling up the DagBag from /opt/airflow/dags/fraud_pipeline_dag.py
[2026-09-14T18:36:25.240+0000] {processor.py:840} INFO - DAG(s) 'fraud_pipeline' retrieved from /opt/airflow/dags/fraud_pipeline_dag.py
[2026-09-14T18:36:25.264+0000] {logging_mixin.py:188} INFO - [2026-09-14T18:36:25.264+0000] {dag.py:3096} INFO - Sync 1 DAGs
[2026-09-14T18:36:25.277+0000] {logging_mixin.py:188} INFO - [2026-09-14T18:36:25.277+0000] {dag.py:3954} INFO - Setting next_dagrun for fraud_pipeline to None, run_after=None
[2026-09-14T18:36:25.292+0000] {processor.py:183} INFO - Processing /opt/airflow/dags/fraud_pipeline_dag.py took 0.071 seconds
[2026-09-14T18:36:55.427+0000] {processor.py:161} INFO - Started process (PID=876) to work on /opt/airflow/dags/fraud_pipeline_dag.py
[2026-09-14T18:36:55.427+0000] {processor.py:830} INFO - Processing file /opt/airflow/dags/fraud_pipeline_dag.py for tasks to queue
[2026-09-14T18:36:55.429+0000] {logging_mixin.py:188} INFO - [2026-09-14T18:36:55.429+0000] {dagbag.py:540} INFO - Filling up the DagBag from /opt/airflow/dags/fraud_pipeline_dag.py
[2026-09-14T18:36:55.441+0000] {processor.py:840} INFO - DAG(s) 'fraud_pipeline' retrieved from /opt/airflow/dags/fraud_pipeline_dag.py
[2026-09-14T18:36:55.466+0000] {logging_mixin.py:188} INFO - [2026-09-14T18:36:55.465+0000] {dag.py:3096} INFO - Sync 1 DAGs
[2026-09-14T18:36:55.478+0000] {logging_mixin.py:188} INFO - [2026-09-14T18:36:55.478+0000] {dag.py:3954} INFO - Setting next_dagrun for fraud_pipeline to None, run_after=None
[2026-09-14T18:36:55.497+0000] {processor.py:183} INFO - Processing /opt/airflow/dags/fraud_pipeline_dag.py took 0.075 seconds
[2026-09-14T18:37:25.678+0000] {processor.py:161} INFO - Started process (PID=881) to work on /opt/airflow/dags/fraud_pipeline_dag.py
[2026-09-14T18:37:25.678+0000] {processor.py:830} INFO - Processing file /opt/airflow/dags/fraud_pipeline_dag.py for tasks to queue
[2026-09-14T18:37:25.680+0000] {logging_mixin.py:188} INFO - [2026-09-14T18:37:25.680+0000] {dagbag.py:540} INFO - Filling up the DagBag from /opt/airflow/dags/fraud_pipeline_dag.py
[2026-09-14T18:37:25.692+0000] {processor.py:840} INFO - DAG(s) 'fraud_pipeline' retrieved from /opt/airflow/dags/fraud_pipeline_dag.py
[2026-09-14T18:37:25.717+0000] {logging_mixin.py:188} INFO - [2026-09-14T18:37:25.717+0000] {dag.py:3096} INFO - Sync 1 DAGs
[2026-09-14T18:37:25.729+0000] {logging_mixin.py:188} INFO - [2026-09-14T18:37:25.729+0000] {dag.py:3954} INFO - Setting next_dagrun for fraud_pipeline to None, run_after=None
[2026-09-14T18:37:25.746+0000] {processor.py:183} INFO - Processing /opt/airflow/dags/fraud_pipeline_dag.py took 0.073 seconds
[2026-09-14T18:37:55.894+0000] {processor.py:161} INFO - Started process (PID=886) to work on /opt/airflow/dags/fraud_pipeline_dag.py
[2026-09-14T18:37:55.895+0000] {processor.py:830} INFO - Processing file /opt/airflow/dags/fraud_pipeline_dag.py for tasks to queue
[2026-09-14T18:37:55.896+0000] {logging_mixin.py:188} INFO - [2026-09-14T18:37:55.896+0000] {dagbag.py:540} INFO - Filling up the DagBag from /opt/airflow/dags/fraud_pipeline_dag.py
[2026-09-14T18:37:55.909+0000] {processor.py:840} INFO - DAG(s) 'fraud_pipeline' retrieved from /opt/airflow/dags/fraud_pipeline_dag.py
[2026-09-14T18:37:55.936+0000] {logging_mixin.py:188} INFO - [2026-09-14T18:37:55.936+0000] {dag.py:3096} INFO - Sync 1 DAGs
[2026-09-14T18:37:55.949+0000] {logging_mixin.py:188} INFO - [2026-09-14T18:37:55.949+0000] {dag.py:3954} INFO - Setting next_dagrun for fraud_pipeline to None, run_after=None
[2026-09-14T18:37:55.967+0000] {processor.py:183} INFO - Processing /opt/airflow/dags/fraud_pipeline_dag.py took 0.079 seconds
[2026-09-14T18:38:26.123+0000] {processor.py:161} INFO - Started process (PID=891) to work on /opt/airflow/dags/fraud_pipeline_dag.py
[2026-09-14T18:38:26.124+0000] {processor.py:830} INFO - Processing file /opt/airflow/dags/fraud_pipeline_dag.py for tasks to queue
[2026-09-14T18:38:26.127+0000] {logging_mixin.py:188} INFO - [2026-09-14T18:38:26.126+0000] {dagbag.py:540} INFO - Filling up the DagBag from /opt/airflow/dags/fraud_pipeline_dag.py
[2026-09-14T18:38:26.145+0000] {processor.py:840} INFO - DAG(s) 'fraud_pipeline' retrieved from /opt/airflow/dags/fraud_pipeline_dag.py
[2026-09-14T18:38:26.179+0000] {logging_mixin.py:188} INFO - [2026-09-14T18:38:26.179+0000] {dag.py:3096} INFO - Sync 1 DAGs
[2026-09-14T18:38:26.202+0000] {logging_mixin.py:188} INFO - [2026-09-14T18:38:26.202+0000] {dag.py:3954} INFO - Setting next_dagrun for fraud_pipeline to None, run_after=None
[2026-09-14T18:38:26.248+0000] {processor.py:183} INFO - Processing /opt/airflow/dags/fraud_pipeline_dag.py took 0.131 seconds
[2026-09-14T18:38:56.349+0000] {processor.py:161} INFO - Started process (PID=896) to work on /opt/airflow/dags/fraud_pipeline_dag.py
[2026-09-14T18:38:56.349+0000] {processor.py:830} INFO - Processing file /opt/airflow/dags/fraud_pipeline_dag.py for tasks to queue
[2026-09-14T18:38:56.351+0000] {logging_mixin.py:188} INFO - [2026-09-14T18:38:56.351+0000] {dagbag.py:540} INFO - Filling up the DagBag from /opt/airflow/dags/fraud_pipeline_dag.py
[2026-09-14T18:38:56.362+0000] {processor.py:840} INFO - DAG(s) 'fraud_pipeline' retrieved from /opt/airflow/dags/fraud_pipeline_dag.py
[2026-09-14T18:38:56.388+0000] {logging_mixin.py:188} INFO - [2026-09-14T18:38:56.388+0000] {dag.py:3096} INFO - Sync 1 DAGs
[2026-09-14T18:38:56.401+0000] {logging_mixin.py:188} INFO - [2026-09-14T18:38:56.400+0000] {dag.py:3954} INFO - Setting next_dagrun for fraud_pipeline to None, run_after=None
[2026-09-14T18:38:56.418+0000] {processor.py:183} INFO - Processing /opt/airflow/dags/fraud_pipeline_dag.py took 0.075 seconds
[2026-09-14T18:39:26.628+0000] {processor.py:161} INFO - Started process (PID=901) to work on /opt/airflow/dags/fraud_pipeline_dag.py
[2026-09-14T18:39:26.629+0000] {processor.py:830} INFO - Processing file /opt/airflow/dags/fraud_pipeline_dag.py for tasks to queue
[2026-09-14T18:39:26.631+0000] {logging_mixin.py:188} INFO - [2026-09-14T18:39:26.630+0000] {dagbag.py:540} INFO - Filling up the DagBag from /opt/airflow/dags/fraud_pipeline_dag.py
[2026-09-14T18:39:26.642+0000] {processor.py:840} INFO - DAG(s) 'fraud_pipeline' retrieved from /opt/airflow/dags/fraud_pipeline_dag.py
[2026-09-14T18:39:26.666+0000] {logging_mixin.py:188} INFO - [2026-09-14T18:39:26.666+0000] {dag.py:3096} INFO - Sync 1 DAGs
[2026-09-14T18:39:26.677+0000] {logging_mixin.py:188} INFO - [2026-09-14T18:39:26.677+0000] {dag.py:3954} INFO - Setting next_dagrun for fraud_pipeline to None, run_after=None
[2026-09-14T18:39:26.713+0000] {processor.py:183} INFO - Processing /opt/airflow/dags/fraud_pipeline_dag.py took 0.089 seconds
[2026-09-14T18:39:56.865+0000] {processor.py:161} INFO - Started process (PID=906) to work on /opt/airflow/dags/fraud_pipeline_dag.py
[2026-09-14T18:39:56.867+0000] {processor.py:830} INFO - Processing file /opt/airflow/dags/fraud_pipeline_dag.py for tasks to queue
[2026-09-14T18:39:56.870+0000] {logging_mixin.py:188} INFO - [2026-09-14T18:39:56.869+0000] {dagbag.py:540} INFO - Filling up the DagBag from /opt/airflow/dags/fraud_pipeline_dag.py
[2026-09-14T18:39:56.888+0000] {processor.py:840} INFO - DAG(s) 'fraud_pipeline' retrieved from /opt/airflow/dags/fraud_pipeline_dag.py
[2026-09-14T18:39:56.917+0000] {logging_mixin.py:188} INFO - [2026-09-14T18:39:56.917+0000] {dag.py:3096} INFO - Sync 1 DAGs
[2026-09-14T18:39:56.931+0000] {logging_mixin.py:188} INFO - [2026-09-14T18:39:56.931+0000] {dag.py:3954} INFO - Setting next_dagrun for fraud_pipeline to None, run_after=None
[2026-09-14T18:39:56.948+0000] {processor.py:183} INFO - Processing /opt/airflow/dags/fraud_pipeline_dag.py took 0.092 seconds
[2026-09-14T18:40:27.080+0000] {processor.py:161} INFO - Started process (PID=911) to work on /opt/airflow/dags/fraud_pipeline_dag.py
[2026-09-14T18:40:27.081+0000] {processor.py:830} INFO - Processing file /opt/airflow/dags/fraud_pipeline_dag.py for tasks to queue
[2026-09-14T18:40:27.083+0000] {logging_mixin.py:188} INFO - [2026-09-14T18:40:27.082+0000] {dagbag.py:540} INFO - Filling up the DagBag from /opt/airflow/dags/fraud_pipeline_dag.py
[2026-09-14T18:40:27.093+0000] {processor.py:840} INFO - DAG(s) 'fraud_pipeline' retrieved from /opt/airflow/dags/fraud_pipeline_dag.py
[2026-09-14T18:40:27.116+0000] {logging_mixin.py:188} INFO - [2026-09-14T18:40:27.116+0000] {dag.py:3096} INFO - Sync 1 DAGs
[2026-09-14T18:40:27.128+0000] {logging_mixin.py:188} INFO - [2026-09-14T18:40:27.128+0000] {dag.py:3954} INFO - Setting next_dagrun for fraud_pipeline to None, run_after=None
[2026-09-14T18:40:27.145+0000] {processor.py:183} INFO - Processing /opt/airflow/dags/fraud_pipeline_dag.py took 0.069 seconds
[2026-09-14T18:40:57.292+0000] {processor.py:161} INFO - Started process (PID=916) to work on /opt/airflow/dags/fraud_pipeline_dag.py
[2026-09-14T18:40:57.293+0000] {processor.py:830} INFO - Processing file /opt/airflow/dags/fraud_pipeline_dag.py for tasks to queue
[2026-09-14T18:40:57.294+0000] {logging_mixin.py:188} INFO - [2026-09-14T18:40:57.294+0000] {dagbag.py:540} INFO - Filling up the DagBag from /opt/airflow/dags/fraud_pipeline_dag.py
[2026-09-14T18:40:57.306+0000] {processor.py:840} INFO - DAG(s) 'fraud_pipeline' retrieved from /opt/airflow/dags/fraud_pipeline_dag.py
[2026-09-14T18:40:57.330+0000] {logging_mixin.py:188} INFO - [2026-09-14T18:40:57.330+0000] {dag.py:3096} INFO - Sync 1 DAGs
[2026-09-14T18:40:57.342+0000] {logging_mixin.py:188} INFO - [2026-09-14T18:40:57.342+0000] {dag.py:3954} INFO - Setting next_dagrun for fraud_pipeline to None, run_after=None
[2026-09-14T18:40:57.359+0000] {processor.py:183} INFO - Processing /opt/airflow/dags/fraud_pipeline_dag.py took 0.073 seconds
[2026-09-14T18:41:27.490+0000] {processor.py:161} INFO - Started process (PID=921) to work on /opt/airflow/dags/fraud_pipeline_dag.py
[2026-09-14T18:41:27.490+0000] {processor.py:830} INFO - Processing file /opt/airflow/dags/fraud_pipeline_dag.py for tasks to queue
[2026-09-14T18:41:27.492+0000] {logging_mixin.py:188} INFO - [2026-09-14T18:41:27.492+0000] {dagbag.py:540} INFO - Filling up the DagBag from /opt/airflow/dags/fraud_pipeline_dag.py
[2026-09-14T18:41:27.505+0000] {processor.py:840} INFO - DAG(s) 'fraud_pipeline' retrieved from /opt/airflow/dags/fraud_pipeline_dag.py
[2026-09-14T18:41:27.531+0000] {logging_mixin.py:188} INFO - [2026-09-14T18:41:27.531+0000] {dag.py:3096} INFO - Sync 1 DAGs
[2026-09-14T18:41:27.542+0000] {logging_mixin.py:188} INFO - [2026-09-14T18:41:27.542+0000] {dag.py:3954} INFO - Setting next_dagrun for fraud_pipeline to None, run_after=None
[2026-09-14T18:41:27.556+0000] {processor.py:183} INFO - Processing /opt/airflow/dags/fraud_pipeline_dag.py took 0.071 seconds
[2026-09-14T18:41:57.744+0000] {processor.py:161} INFO - Started process (PID=926) to work on /opt/airflow/dags/fraud_pipeline_dag.py
[2026-09-14T18:41:57.745+0000] {processor.py:830} INFO - Processing file /opt/airflow/dags/fraud_pipeline_dag.py for tasks to queue
[2026-09-14T18:41:57.746+0000] {logging_mixin.py:188} INFO - [2026-09-14T18:41:57.746+0000] {dagbag.py:540} INFO - Filling up the DagBag from /opt/airflow/dags/fraud_pipeline_dag.py
[2026-09-14T18:41:57.757+0000] {processor.py:840} INFO - DAG(s) 'fraud_pipeline' retrieved from /opt/airflow/dags/fraud_pipeline_dag.py
[2026-09-14T18:41:57.779+0000] {logging_mixin.py:188} INFO - [2026-09-14T18:41:57.779+0000] {dag.py:3096} INFO - Sync 1 DAGs
[2026-09-14T18:41:57.791+0000] {logging_mixin.py:188} INFO - [2026-09-14T18:41:57.791+0000] {dag.py:3954} INFO - Setting next_dagrun for fraud_pipeline to None, run_after=None
[2026-09-14T18:41:57.805+0000] {processor.py:183} INFO - Processing /opt/airflow/dags/fraud_pipeline_dag.py took 0.065 seconds
[2026-09-14T18:42:27.966+0000] {processor.py:161} INFO - Started process (PID=931) to work on /opt/airflow/dags/fraud_pipeline_dag.py
[2026-09-14T18:42:27.967+0000] {processor.py:830} INFO - Processing file /opt/airflow/dags/fraud_pipeline_dag.py for tasks to queue
[2026-09-14T18:42:27.968+0000] {logging_mixin.py:188} INFO - [2026-09-14T18:42:27.968+0000] {dagbag.py:540} INFO - Filling up the DagBag from /opt/airflow/dags/fraud_pipeline_dag.py
[2026-09-14T18:42:27.981+0000] {processor.py:840} INFO - DAG(s) 'fraud_pipeline' retrieved from /opt/airflow/dags/fraud_pipeline_dag.py
[2026-09-14T18:42:28.008+0000] {logging_mixin.py:188} INFO - [2026-09-14T18:42:28.008+0000] {dag.py:3096} INFO - Sync 1 DAGs
[2026-09-14T18:42:28.021+0000] {logging_mixin.py:188} INFO - [2026-09-14T18:42:28.021+0000] {dag.py:3954} INFO - Setting next_dagrun for fraud_pipeline to None, run_after=None
[2026-09-14T18:42:28.042+0000] {processor.py:183} INFO - Processing /opt/airflow/dags/fraud_pipeline_dag.py took 0.079 seconds
[2026-09-14T18:42:58.167+0000] {processor.py:161} INFO - Started process (PID=936) to work on /opt/airflow/dags/fraud_pipeline_dag.py
[2026-09-14T18:42:58.168+0000] {processor.py:830} INFO - Processing file /opt/airflow/dags/fraud_pipeline_dag.py for tasks to queue
[2026-09-14T18:42:58.170+0000] {logging_mixin.py:188} INFO - [2026-09-14T18:42:58.170+0000] {dagbag.py:540} INFO - Filling up the DagBag from /opt/airflow/dags/fraud_pipeline_dag.py
[2026-09-14T18:42:58.182+0000] {processor.py:840} INFO - DAG(s) 'fraud_pipeline' retrieved from /opt/airflow/dags/fraud_pipeline_dag.py
[2026-09-14T18:42:58.209+0000] {logging_mixin.py:188} INFO - [2026-09-14T18:42:58.209+0000] {dag.py:3096} INFO - Sync 1 DAGs
[2026-09-14T18:42:58.220+0000] {logging_mixin.py:188} INFO - [2026-09-14T18:42:58.220+0000] {dag.py:3954} INFO - Setting next_dagrun for fraud_pipeline to None, run_after=None
[2026-09-14T18:42:58.259+0000] {processor.py:183} INFO - Processing /opt/airflow/dags/fraud_pipeline_dag.py took 0.097 seconds
[2026-09-14T18:43:28.389+0000] {processor.py:161} INFO - Started process (PID=941) to work on /opt/airflow/dags/fraud_pipeline_dag.py
[2026-09-14T18:43:28.390+0000] {processor.py:830} INFO - Processing file /opt/airflow/dags/fraud_pipeline_dag.py for tasks to queue
[2026-09-14T18:43:28.391+0000] {logging_mixin.py:188} INFO - [2026-09-14T18:43:28.391+0000] {dagbag.py:540} INFO - Filling up the DagBag from /opt/airflow/dags/fraud_pipeline_dag.py
[2026-09-14T18:43:28.402+0000] {processor.py:840} INFO - DAG(s) 'fraud_pipeline' retrieved from /opt/airflow/dags/fraud_pipeline_dag.py
[2026-09-14T18:43:28.428+0000] {logging_mixin.py:188} INFO - [2026-09-14T18:43:28.428+0000] {dag.py:3096} INFO - Sync 1 DAGs
[2026-09-14T18:43:28.439+0000] {logging_mixin.py:188} INFO - [2026-09-14T18:43:28.439+0000] {dag.py:3954} INFO - Setting next_dagrun for fraud_pipeline to None, run_after=None
[2026-09-14T18:43:28.454+0000] {processor.py:183} INFO - Processing /opt/airflow/dags/fraud_pipeline_dag.py took 0.069 seconds
[2026-09-14T18:43:58.674+0000] {processor.py:161} INFO - Started process (PID=946) to work on /opt/airflow/dags/fraud_pipeline_dag.py
[2026-09-14T18:43:58.675+0000] {processor.py:830} INFO - Processing file /opt/airflow/dags/fraud_pipeline_dag.py for tasks to queue
[2026-09-14T18:43:58.676+0000] {logging_mixin.py:188} INFO - [2026-09-14T18:43:58.676+0000] {dagbag.py:540} INFO - Filling up the DagBag from /opt/airflow/dags/fraud_pipeline_dag.py
[2026-09-14T18:43:58.687+0000] {processor.py:840} INFO - DAG(s) 'fraud_pipeline' retrieved from /opt/airflow/dags/fraud_pipeline_dag.py
[2026-09-14T18:43:58.711+0000] {logging_mixin.py:188} INFO - [2026-09-14T18:43:58.711+0000] {dag.py:3096} INFO - Sync 1 DAGs
[2026-09-14T18:43:58.723+0000] {logging_mixin.py:188} INFO - [2026-09-14T18:43:58.723+0000] {dag.py:3954} INFO - Setting next_dagrun for fraud_pipeline to None, run_after=None
[2026-09-14T18:43:58.741+0000] {processor.py:183} INFO - Processing /opt/airflow/dags/fraud_pipeline_dag.py took 0.072 seconds
[2026-09-14T18:44:28.876+0000] {processor.py:161} INFO - Started process (PID=951) to work on /opt/airflow/dags/fraud_pipeline_dag.py
[2026-09-14T18:44:28.877+0000] {processor.py:830} INFO - Processing file /opt/airflow/dags/fraud_pipeline_dag.py for tasks to queue
[2026-09-14T18:44:28.879+0000] {logging_mixin.py:188} INFO - [2026-09-14T18:44:28.879+0000] {dagbag.py:540} INFO - Filling up the DagBag from /opt/airflow/dags/fraud_pipeline_dag.py
[2026-09-14T18:44:28.890+0000] {processor.py:840} INFO - DAG(s) 'fraud_pipeline' retrieved from /opt/airflow/dags/fraud_pipeline_dag.py
[2026-09-14T18:44:28.913+0000] {logging_mixin.py:188} INFO - [2026-09-14T18:44:28.913+0000] {dag.py:3096} INFO - Sync 1 DAGs
[2026-09-14T18:44:28.925+0000] {logging_mixin.py:188} INFO - [2026-09-14T18:44:28.924+0000] {dag.py:3954} INFO - Setting next_dagrun for fraud_pipeline to None, run_after=None
[2026-09-14T18:44:28.942+0000] {processor.py:183} INFO - Processing /opt/airflow/dags/fraud_pipeline_dag.py took 0.070 seconds
[2026-09-14T18:44:59.095+0000] {processor.py:161} INFO - Started process (PID=956) to work on /opt/airflow/dags/fraud_pipeline_dag.py
[2026-09-14T18:44:59.095+0000] {processor.py:830} INFO - Processing file /opt/airflow/dags/fraud_pipeline_dag.py for tasks to queue
[2026-09-14T18:44:59.097+0000] {logging_mixin.py:188} INFO - [2026-09-14T18:44:59.096+0000] {dagbag.py:540} INFO - Filling up the DagBag from /opt/airflow/dags/fraud_pipeline_dag.py
[2026-09-14T18:44:59.107+0000] {processor.py:840} INFO - DAG(s) 'fraud_pipeline' retrieved from /opt/airflow/dags/fraud_pipeline_dag.py
[2026-09-14T18:44:59.132+0000] {logging_mixin.py:188} INFO - [2026-09-14T18:44:59.132+0000] {dag.py:3096} INFO - Sync 1 DAGs
[2026-09-14T18:44:59.147+0000] {logging_mixin.py:188} INFO - [2026-09-14T18:44:59.147+0000] {dag.py:3954} INFO - Setting next_dagrun for fraud_pipeline to None, run_after=None
[2026-09-14T18:44:59.163+0000] {processor.py:183} INFO - Processing /opt/airflow/dags/fraud_pipeline_dag.py took 0.072 seconds
[2026-09-14T18:45:29.323+0000] {processor.py:161} INFO - Started process (PID=961) to work on /opt/airflow/dags/fraud_pipeline_dag.py
[2026-09-14T18:45:29.323+0000] {processor.py:830} INFO - Processing file /opt/airflow/dags/fraud_pipeline_dag.py for tasks to queue
[2026-09-14T18:45:29.325+0000] {logging_mixin.py:188} INFO - [2026-09-14T18:45:29.324+0000] {dagbag.py:540} INFO - Filling up the DagBag from /opt/airflow/dags/fraud_pipeline_dag.py
[2026-09-14T18:45:29.336+0000] {processor.py:840} INFO - DAG(s) 'fraud_pipeline' retrieved from /opt/airflow/dags/fraud_pipeline_dag.py
[2026-09-14T18:45:29.372+0000] {logging_mixin.py:188} INFO - [2026-09-14T18:45:29.372+0000] {dag.py:3096} INFO - Sync 1 DAGs
[2026-09-14T18:45:29.385+0000] {logging_mixin.py:188} INFO - [2026-09-14T18:45:29.385+0000] {dag.py:3954} INFO - Setting next_dagrun for fraud_pipeline to None, run_after=None
[2026-09-14T18:45:29.400+0000] {processor.py:183} INFO - Processing /opt/airflow/dags/fraud_pipeline_dag.py took 0.082 seconds
[2026-09-14T18:45:59.520+0000] {processor.py:161} INFO - Started process (PID=966) to work on /opt/airflow/dags/fraud_pipeline_dag.py
[2026-09-14T18:45:59.521+0000] {processor.py:830} INFO - Processing file /opt/airflow/dags/fraud_pipeline_dag.py for tasks to queue
[2026-09-14T18:45:59.522+0000] {logging_mixin.py:188} INFO - [2026-09-14T18:45:59.522+0000] {dagbag.py:540} INFO - Filling up the DagBag from /opt/airflow/dags/fraud_pipeline_dag.py
[2026-09-14T18:45:59.532+0000] {processor.py:840} INFO - DAG(s) 'fraud_pipeline' retrieved from /opt/airflow/dags/fraud_pipeline_dag.py
[2026-09-14T18:45:59.559+0000] {logging_mixin.py:188} INFO - [2026-09-14T18:45:59.558+0000] {dag.py:3096} INFO - Sync 1 DAGs
[2026-09-14T18:45:59.574+0000] {logging_mixin.py:188} INFO - [2026-09-14T18:45:59.573+0000] {dag.py:3954} INFO - Setting next_dagrun for fraud_pipeline to None, run_after=None
[2026-09-14T18:45:59.605+0000] {processor.py:183} INFO - Processing /opt/airflow/dags/fraud_pipeline_dag.py took 0.090 seconds
[2026-09-14T18:46:29.742+0000] {processor.py:161} INFO - Started process (PID=971) to work on /opt/airflow/dags/fraud_pipeline_dag.py
[2026-09-14T18:46:29.743+0000] {processor.py:830} INFO - Processing file /opt/airflow/dags/fraud_pipeline_dag.py for tasks to queue
[2026-09-14T18:46:29.744+0000] {logging_mixin.py:188} INFO - [2026-09-14T18:46:29.744+0000] {dagbag.py:540} INFO - Filling up the DagBag from /opt/airflow/dags/fraud_pipeline_dag.py
[2026-09-14T18:46:29.763+0000] {processor.py:840} INFO - DAG(s) 'fraud_pipeline' retrieved from /opt/airflow/dags/fraud_pipeline_dag.py
[2026-09-14T18:46:29.792+0000] {logging_mixin.py:188} INFO - [2026-09-14T18:46:29.792+0000] {dag.py:3096} INFO - Sync 1 DAGs
[2026-09-14T18:46:29.805+0000] {logging_mixin.py:188} INFO - [2026-09-14T18:46:29.804+0000] {dag.py:3954} INFO - Setting next_dagrun for fraud_pipeline to None, run_after=None
[2026-09-14T18:46:29.820+0000] {processor.py:183} INFO - Processing /opt/airflow/dags/fraud_pipeline_dag.py took 0.083 seconds
[2026-09-14T18:46:59.933+0000] {processor.py:161} INFO - Started process (PID=976) to work on /opt/airflow/dags/fraud_pipeline_dag.py
[2026-09-14T18:46:59.934+0000] {processor.py:830} INFO - Processing file /opt/airflow/dags/fraud_pipeline_dag.py for tasks to queue
[2026-09-14T18:46:59.936+0000] {logging_mixin.py:188} INFO - [2026-09-14T18:46:59.935+0000] {dagbag.py:540} INFO - Filling up the DagBag from /opt/airflow/dags/fraud_pipeline_dag.py
[2026-09-14T18:46:59.949+0000] {processor.py:840} INFO - DAG(s) 'fraud_pipeline' retrieved from /opt/airflow/dags/fraud_pipeline_dag.py
[2026-09-14T18:46:59.976+0000] {logging_mixin.py:188} INFO - [2026-09-14T18:46:59.976+0000] {dag.py:3096} INFO - Sync 1 DAGs
[2026-09-14T18:46:59.989+0000] {logging_mixin.py:188} INFO - [2026-09-14T18:46:59.989+0000] {dag.py:3954} INFO - Setting next_dagrun for fraud_pipeline to None, run_after=None
[2026-09-14T18:47:00.010+0000] {processor.py:183} INFO - Processing /opt/airflow/dags/fraud_pipeline_dag.py took 0.081 seconds
[2026-09-14T18:47:30.157+0000] {processor.py:161} INFO - Started process (PID=981) to work on /opt/airflow/dags/fraud_pipeline_dag.py
[2026-09-14T18:47:30.158+0000] {processor.py:830} INFO - Processing file /opt/airflow/dags/fraud_pipeline_dag.py for tasks to queue
[2026-09-14T18:47:30.159+0000] {logging_mixin.py:188} INFO - [2026-09-14T18:47:30.159+0000] {dagbag.py:540} INFO - Filling up the DagBag from /opt/airflow/dags/fraud_pipeline_dag.py
[2026-09-14T18:47:30.172+0000] {processor.py:840} INFO - DAG(s) 'fraud_pipeline' retrieved from /opt/airflow/dags/fraud_pipeline_dag.py
[2026-09-14T18:47:30.199+0000] {logging_mixin.py:188} INFO - [2026-09-14T18:47:30.199+0000] {dag.py:3096} INFO - Sync 1 DAGs
[2026-09-14T18:47:30.211+0000] {logging_mixin.py:188} INFO - [2026-09-14T18:47:30.211+0000] {dag.py:3954} INFO - Setting next_dagrun for fraud_pipeline to None, run_after=None
[2026-09-14T18:47:30.229+0000] {processor.py:183} INFO - Processing /opt/airflow/dags/fraud_pipeline_dag.py took 0.078 seconds
[2026-09-14T18:48:00.397+0000] {processor.py:161} INFO - Started process (PID=986) to work on /opt/airflow/dags/fraud_pipeline_dag.py
[2026-09-14T18:48:00.398+0000] {processor.py:830} INFO - Processing file /opt/airflow/dags/fraud_pipeline_dag.py for tasks to queue
[2026-09-14T18:48:00.399+0000] {logging_mixin.py:188} INFO - [2026-09-14T18:48:00.399+0000] {dagbag.py:540} INFO - Filling up the DagBag from /opt/airflow/dags/fraud_pipeline_dag.py
[2026-09-14T18:48:00.413+0000] {processor.py:840} INFO - DAG(s) 'fraud_pipeline' retrieved from /opt/airflow/dags/fraud_pipeline_dag.py
[2026-09-14T18:48:00.444+0000] {logging_mixin.py:188} INFO - [2026-09-14T18:48:00.444+0000] {dag.py:3096} INFO - Sync 1 DAGs
[2026-09-14T18:48:00.456+0000] {logging_mixin.py:188} INFO - [2026-09-14T18:48:00.456+0000] {dag.py:3954} INFO - Setting next_dagrun for fraud_pipeline to None, run_after=None
[2026-09-14T18:48:00.471+0000] {processor.py:183} INFO - Processing /opt/airflow/dags/fraud_pipeline_dag.py took 0.079 seconds
[2026-09-14T18:48:30.602+0000] {processor.py:161} INFO - Started process (PID=991) to work on /opt/airflow/dags/fraud_pipeline_dag.py
[2026-09-14T18:48:30.603+0000] {processor.py:830} INFO - Processing file /opt/airflow/dags/fraud_pipeline_dag.py for tasks to queue
[2026-09-14T18:48:30.605+0000] {logging_mixin.py:188} INFO - [2026-09-14T18:48:30.604+0000] {dagbag.py:540} INFO - Filling up the DagBag from /opt/airflow/dags/fraud_pipeline_dag.py
[2026-09-14T18:48:30.617+0000] {processor.py:840} INFO - DAG(s) 'fraud_pipeline' retrieved from /opt/airflow/dags/fraud_pipeline_dag.py
[2026-09-14T18:48:30.643+0000] {logging_mixin.py:188} INFO - [2026-09-14T18:48:30.642+0000] {dag.py:3096} INFO - Sync 1 DAGs
[2026-09-14T18:48:30.654+0000] {logging_mixin.py:188} INFO - [2026-09-14T18:48:30.654+0000] {dag.py:3954} INFO - Setting next_dagrun for fraud_pipeline to None, run_after=None
[2026-09-14T18:48:30.669+0000] {processor.py:183} INFO - Processing /opt/airflow/dags/fraud_pipeline_dag.py took 0.072 seconds
[2026-09-14T18:49:00.814+0000] {processor.py:161} INFO - Started process (PID=996) to work on /opt/airflow/dags/fraud_pipeline_dag.py
[2026-09-14T18:49:00.815+0000] {processor.py:830} INFO - Processing file /opt/airflow/dags/fraud_pipeline_dag.py for tasks to queue
[2026-09-14T18:49:00.817+0000] {logging_mixin.py:188} INFO - [2026-09-14T18:49:00.817+0000] {dagbag.py:540} INFO - Filling up the DagBag from /opt/airflow/dags/fraud_pipeline_dag.py
[2026-09-14T18:49:00.828+0000] {processor.py:840} INFO - DAG(s) 'fraud_pipeline' retrieved from /opt/airflow/dags/fraud_pipeline_dag.py
[2026-09-14T18:49:00.853+0000] {logging_mixin.py:188} INFO - [2026-09-14T18:49:00.852+0000] {dag.py:3096} INFO - Sync 1 DAGs
[2026-09-14T18:49:00.865+0000] {logging_mixin.py:188} INFO - [2026-09-14T18:49:00.865+0000] {dag.py:3954} INFO - Setting next_dagrun for fraud_pipeline to None, run_after=None
[2026-09-14T18:49:00.881+0000] {processor.py:183} INFO - Processing /opt/airflow/dags/fraud_pipeline_dag.py took 0.071 seconds
[2026-09-14T18:49:31.020+0000] {processor.py:161} INFO - Started process (PID=1001) to work on /opt/airflow/dags/fraud_pipeline_dag.py
[2026-09-14T18:49:31.021+0000] {processor.py:830} INFO - Processing file /opt/airflow/dags/fraud_pipeline_dag.py for tasks to queue
[2026-09-14T18:49:31.022+0000] {logging_mixin.py:188} INFO - [2026-09-14T18:49:31.022+0000] {dagbag.py:540} INFO - Filling up the DagBag from /opt/airflow/dags/fraud_pipeline_dag.py
[2026-09-14T18:49:31.034+0000] {processor.py:840} INFO - DAG(s) 'fraud_pipeline' retrieved from /opt/airflow/dags/fraud_pipeline_dag.py
[2026-09-14T18:49:31.060+0000] {logging_mixin.py:188} INFO - [2026-09-14T18:49:31.060+0000] {dag.py:3096} INFO - Sync 1 DAGs
[2026-09-14T18:49:31.071+0000] {logging_mixin.py:188} INFO - [2026-09-14T18:49:31.071+0000] {dag.py:3954} INFO - Setting next_dagrun for fraud_pipeline to None, run_after=None
[2026-09-14T18:49:31.087+0000] {processor.py:183} INFO - Processing /opt/airflow/dags/fraud_pipeline_dag.py took 0.071 seconds
[2026-09-14T18:50:01.217+0000] {processor.py:161} INFO - Started process (PID=1006) to work on /opt/airflow/dags/fraud_pipeline_dag.py
[2026-09-14T18:50:01.218+0000] {processor.py:830} INFO - Processing file /opt/airflow/dags/fraud_pipeline_dag.py for tasks to queue
[2026-09-14T18:50:01.219+0000] {logging_mixin.py:188} INFO - [2026-09-14T18:50:01.219+0000] {dagbag.py:540} INFO - Filling up the DagBag from /opt/airflow/dags/fraud_pipeline_dag.py
[2026-09-14T18:50:01.235+0000] {processor.py:840} INFO - DAG(s) 'fraud_pipeline' retrieved from /opt/airflow/dags/fraud_pipeline_dag.py
[2026-09-14T18:50:01.265+0000] {logging_mixin.py:188} INFO - [2026-09-14T18:50:01.265+0000] {dag.py:3096} INFO - Sync 1 DAGs
[2026-09-14T18:50:01.277+0000] {logging_mixin.py:188} INFO - [2026-09-14T18:50:01.277+0000] {dag.py:3954} INFO - Setting next_dagrun for fraud_pipeline to None, run_after=None
[2026-09-14T18:50:01.292+0000] {processor.py:183} INFO - Processing /opt/airflow/dags/fraud_pipeline_dag.py took 0.079 seconds
[2026-09-14T18:50:31.437+0000] {processor.py:161} INFO - Started process (PID=1011) to work on /opt/airflow/dags/fraud_pipeline_dag.py
[2026-09-14T18:50:31.438+0000] {processor.py:830} INFO - Processing file /opt/airflow/dags/fraud_pipeline_dag.py for tasks to queue
[2026-09-14T18:50:31.439+0000] {logging_mixin.py:188} INFO - [2026-09-14T18:50:31.439+0000] {dagbag.py:540} INFO - Filling up the DagBag from /opt/airflow/dags/fraud_pipeline_dag.py
[2026-09-14T18:50:31.451+0000] {processor.py:840} INFO - DAG(s) 'fraud_pipeline' retrieved from /opt/airflow/dags/fraud_pipeline_dag.py
[2026-09-14T18:50:31.475+0000] {logging_mixin.py:188} INFO - [2026-09-14T18:50:31.475+0000] {dag.py:3096} INFO - Sync 1 DAGs
[2026-09-14T18:50:31.487+0000] {logging_mixin.py:188} INFO - [2026-09-14T18:50:31.486+0000] {dag.py:3954} INFO - Setting next_dagrun for fraud_pipeline to None, run_after=None
[2026-09-14T18:50:31.501+0000] {processor.py:183} INFO - Processing /opt/airflow/dags/fraud_pipeline_dag.py took 0.069 seconds
[2026-09-14T18:51:01.623+0000] {processor.py:161} INFO - Started process (PID=1016) to work on /opt/airflow/dags/fraud_pipeline_dag.py
[2026-09-14T18:51:01.624+0000] {processor.py:830} INFO - Processing file /opt/airflow/dags/fraud_pipeline_dag.py for tasks to queue
[2026-09-14T18:51:01.625+0000] {logging_mixin.py:188} INFO - [2026-09-14T18:51:01.625+0000] {dagbag.py:540} INFO - Filling up the DagBag from /opt/airflow/dags/fraud_pipeline_dag.py
[2026-09-14T18:51:01.636+0000] {processor.py:840} INFO - DAG(s) 'fraud_pipeline' retrieved from /opt/airflow/dags/fraud_pipeline_dag.py
[2026-09-14T18:51:01.661+0000] {logging_mixin.py:188} INFO - [2026-09-14T18:51:01.661+0000] {dag.py:3096} INFO - Sync 1 DAGs
[2026-09-14T18:51:01.673+0000] {logging_mixin.py:188} INFO - [2026-09-14T18:51:01.672+0000] {dag.py:3954} INFO - Setting next_dagrun for fraud_pipeline to None, run_after=None
[2026-09-14T18:51:01.687+0000] {processor.py:183} INFO - Processing /opt/airflow/dags/fraud_pipeline_dag.py took 0.069 seconds
[2026-09-14T18:51:31.868+0000] {processor.py:161} INFO - Started process (PID=1021) to work on /opt/airflow/dags/fraud_pipeline_dag.py
[2026-09-14T18:51:31.869+0000] {processor.py:830} INFO - Processing file /opt/airflow/dags/fraud_pipeline_dag.py for tasks to queue
[2026-09-14T18:51:31.871+0000] {logging_mixin.py:188} INFO - [2026-09-14T18:51:31.870+0000] {dagbag.py:540} INFO - Filling up the DagBag from /opt/airflow/dags/fraud_pipeline_dag.py
[2026-09-14T18:51:31.882+0000] {processor.py:840} INFO - DAG(s) 'fraud_pipeline' retrieved from /opt/airflow/dags/fraud_pipeline_dag.py
[2026-09-14T18:51:31.907+0000] {logging_mixin.py:188} INFO - [2026-09-14T18:51:31.907+0000] {dag.py:3096} INFO - Sync 1 DAGs
[2026-09-14T18:51:31.918+0000] {logging_mixin.py:188} INFO - [2026-09-14T18:51:31.918+0000] {dag.py:3954} INFO - Setting next_dagrun for fraud_pipeline to None, run_after=None
[2026-09-14T18:51:31.935+0000] {processor.py:183} INFO - Processing /opt/airflow/dags/fraud_pipeline_dag.py took 0.071 seconds
[2026-09-14T18:52:02.053+0000] {processor.py:161} INFO - Started process (PID=1026) to work on /opt/airflow/dags/fraud_pipeline_dag.py
[2026-09-14T18:52:02.053+0000] {processor.py:830} INFO - Processing file /opt/airflow/dags/fraud_pipeline_dag.py for tasks to queue
[2026-09-14T18:52:02.055+0000] {logging_mixin.py:188} INFO - [2026-09-14T18:52:02.055+0000] {dagbag.py:540} INFO - Filling up the DagBag from /opt/airflow/dags/fraud_pipeline_dag.py
[2026-09-14T18:52:02.074+0000] {processor.py:840} INFO - DAG(s) 'fraud_pipeline' retrieved from /opt/airflow/dags/fraud_pipeline_dag.py
[2026-09-14T18:52:02.101+0000] {logging_mixin.py:188} INFO - [2026-09-14T18:52:02.101+0000] {dag.py:3096} INFO - Sync 1 DAGs
[2026-09-14T18:52:02.112+0000] {logging_mixin.py:188} INFO - [2026-09-14T18:52:02.112+0000] {dag.py:3954} INFO - Setting next_dagrun for fraud_pipeline to None, run_after=None
[2026-09-14T18:52:02.127+0000] {processor.py:183} INFO - Processing /opt/airflow/dags/fraud_pipeline_dag.py took 0.080 seconds
[2026-09-14T18:52:32.276+0000] {processor.py:161} INFO - Started process (PID=1031) to work on /opt/airflow/dags/fraud_pipeline_dag.py
[2026-09-14T18:52:32.277+0000] {processor.py:830} INFO - Processing file /opt/airflow/dags/fraud_pipeline_dag.py for tasks to queue
[2026-09-14T18:52:32.279+0000] {logging_mixin.py:188} INFO - [2026-09-14T18:52:32.279+0000] {dagbag.py:540} INFO - Filling up the DagBag from /opt/airflow/dags/fraud_pipeline_dag.py
[2026-09-14T18:52:32.289+0000] {processor.py:840} INFO - DAG(s) 'fraud_pipeline' retrieved from /opt/airflow/dags/fraud_pipeline_dag.py
[2026-09-14T18:52:32.314+0000] {logging_mixin.py:188} INFO - [2026-09-14T18:52:32.314+0000] {dag.py:3096} INFO - Sync 1 DAGs
[2026-09-14T18:52:32.325+0000] {logging_mixin.py:188} INFO - [2026-09-14T18:52:32.325+0000] {dag.py:3954} INFO - Setting next_dagrun for fraud_pipeline to None, run_after=None
[2026-09-14T18:52:32.342+0000] {processor.py:183} INFO - Processing /opt/airflow/dags/fraud_pipeline_dag.py took 0.071 seconds
[2026-09-14T18:53:02.523+0000] {processor.py:161} INFO - Started process (PID=1036) to work on /opt/airflow/dags/fraud_pipeline_dag.py
[2026-09-14T18:53:02.524+0000] {processor.py:830} INFO - Processing file /opt/airflow/dags/fraud_pipeline_dag.py for tasks to queue
[2026-09-14T18:53:02.525+0000] {logging_mixin.py:188} INFO - [2026-09-14T18:53:02.525+0000] {dagbag.py:540} INFO - Filling up the DagBag from /opt/airflow/dags/fraud_pipeline_dag.py
[2026-09-14T18:53:02.539+0000] {processor.py:840} INFO - DAG(s) 'fraud_pipeline' retrieved from /opt/airflow/dags/fraud_pipeline_dag.py
[2026-09-14T18:53:02.564+0000] {logging_mixin.py:188} INFO - [2026-09-14T18:53:02.564+0000] {dag.py:3096} INFO - Sync 1 DAGs
[2026-09-14T18:53:02.577+0000] {logging_mixin.py:188} INFO - [2026-09-14T18:53:02.577+0000] {dag.py:3954} INFO - Setting next_dagrun for fraud_pipeline to None, run_after=None
[2026-09-14T18:53:02.593+0000] {processor.py:183} INFO - Processing /opt/airflow/dags/fraud_pipeline_dag.py took 0.076 seconds
[2026-09-14T18:53:32.730+0000] {processor.py:161} INFO - Started process (PID=1041) to work on /opt/airflow/dags/fraud_pipeline_dag.py
[2026-09-14T18:53:32.730+0000] {processor.py:830} INFO - Processing file /opt/airflow/dags/fraud_pipeline_dag.py for tasks to queue
[2026-09-14T18:53:32.732+0000] {logging_mixin.py:188} INFO - [2026-09-14T18:53:32.732+0000] {dagbag.py:540} INFO - Filling up the DagBag from /opt/airflow/dags/fraud_pipeline_dag.py
[2026-09-14T18:53:32.743+0000] {processor.py:840} INFO - DAG(s) 'fraud_pipeline' retrieved from /opt/airflow/dags/fraud_pipeline_dag.py
[2026-09-14T18:53:32.767+0000] {logging_mixin.py:188} INFO - [2026-09-14T18:53:32.766+0000] {dag.py:3096} INFO - Sync 1 DAGs
[2026-09-14T18:53:32.780+0000] {logging_mixin.py:188} INFO - [2026-09-14T18:53:32.779+0000] {dag.py:3954} INFO - Setting next_dagrun for fraud_pipeline to None, run_after=None
[2026-09-14T18:53:32.797+0000] {processor.py:183} INFO - Processing /opt/airflow/dags/fraud_pipeline_dag.py took 0.072 seconds
[2026-09-14T18:54:03.003+0000] {processor.py:161} INFO - Started process (PID=1046) to work on /opt/airflow/dags/fraud_pipeline_dag.py
[2026-09-14T18:54:03.004+0000] {processor.py:830} INFO - Processing file /opt/airflow/dags/fraud_pipeline_dag.py for tasks to queue
[2026-09-14T18:54:03.005+0000] {logging_mixin.py:188} INFO - [2026-09-14T18:54:03.005+0000] {dagbag.py:540} INFO - Filling up the DagBag from /opt/airflow/dags/fraud_pipeline_dag.py
[2026-09-14T18:54:03.016+0000] {processor.py:840} INFO - DAG(s) 'fraud_pipeline' retrieved from /opt/airflow/dags/fraud_pipeline_dag.py
[2026-09-14T18:54:03.041+0000] {logging_mixin.py:188} INFO - [2026-09-14T18:54:03.041+0000] {dag.py:3096} INFO - Sync 1 DAGs
[2026-09-14T18:54:03.057+0000] {logging_mixin.py:188} INFO - [2026-09-14T18:54:03.057+0000] {dag.py:3954} INFO - Setting next_dagrun for fraud_pipeline to None, run_after=None
[2026-09-14T18:54:03.076+0000] {processor.py:183} INFO - Processing /opt/airflow/dags/fraud_pipeline_dag.py took 0.077 seconds
[2026-09-14T18:54:33.215+0000] {processor.py:161} INFO - Started process (PID=1051) to work on /opt/airflow/dags/fraud_pipeline_dag.py
[2026-09-14T18:54:33.216+0000] {processor.py:830} INFO - Processing file /opt/airflow/dags/fraud_pipeline_dag.py for tasks to queue
[2026-09-14T18:54:33.218+0000] {logging_mixin.py:188} INFO - [2026-09-14T18:54:33.217+0000] {dagbag.py:540} INFO - Filling up the DagBag from /opt/airflow/dags/fraud_pipeline_dag.py
[2026-09-14T18:54:33.229+0000] {processor.py:840} INFO - DAG(s) 'fraud_pipeline' retrieved from /opt/airflow/dags/fraud_pipeline_dag.py
[2026-09-14T18:54:33.255+0000] {logging_mixin.py:188} INFO - [2026-09-14T18:54:33.255+0000] {dag.py:3096} INFO - Sync 1 DAGs
[2026-09-14T18:54:33.268+0000] {logging_mixin.py:188} INFO - [2026-09-14T18:54:33.267+0000] {dag.py:3954} INFO - Setting next_dagrun for fraud_pipeline to None, run_after=None
[2026-09-14T18:54:33.286+0000] {processor.py:183} INFO - Processing /opt/airflow/dags/fraud_pipeline_dag.py took 0.075 seconds
[2026-09-14T18:55:03.452+0000] {processor.py:161} INFO - Started process (PID=1056) to work on /opt/airflow/dags/fraud_pipeline_dag.py
[2026-09-14T18:55:03.452+0000] {processor.py:830} INFO - Processing file /opt/airflow/dags/fraud_pipeline_dag.py for tasks to queue
[2026-09-14T18:55:03.454+0000] {logging_mixin.py:188} INFO - [2026-09-14T18:55:03.453+0000] {dagbag.py:540} INFO - Filling up the DagBag from /opt/airflow/dags/fraud_pipeline_dag.py
[2026-09-14T18:55:03.466+0000] {processor.py:840} INFO - DAG(s) 'fraud_pipeline' retrieved from /opt/airflow/dags/fraud_pipeline_dag.py
[2026-09-14T18:55:03.490+0000] {logging_mixin.py:188} INFO - [2026-09-14T18:55:03.490+0000] {dag.py:3096} INFO - Sync 1 DAGs
[2026-09-14T18:55:03.501+0000] {logging_mixin.py:188} INFO - [2026-09-14T18:55:03.501+0000] {dag.py:3954} INFO - Setting next_dagrun for fraud_pipeline to None, run_after=None
[2026-09-14T18:55:03.521+0000] {processor.py:183} INFO - Processing /opt/airflow/dags/fraud_pipeline_dag.py took 0.074 seconds
[2026-09-14T18:55:33.664+0000] {processor.py:161} INFO - Started process (PID=1061) to work on /opt/airflow/dags/fraud_pipeline_dag.py
[2026-09-14T18:55:33.664+0000] {processor.py:830} INFO - Processing file /opt/airflow/dags/fraud_pipeline_dag.py for tasks to queue
[2026-09-14T18:55:33.666+0000] {logging_mixin.py:188} INFO - [2026-09-14T18:55:33.665+0000] {dagbag.py:540} INFO - Filling up the DagBag from /opt/airflow/dags/fraud_pipeline_dag.py
[2026-09-14T18:55:33.677+0000] {processor.py:840} INFO - DAG(s) 'fraud_pipeline' retrieved from /opt/airflow/dags/fraud_pipeline_dag.py
[2026-09-14T18:55:33.700+0000] {logging_mixin.py:188} INFO - [2026-09-14T18:55:33.700+0000] {dag.py:3096} INFO - Sync 1 DAGs
[2026-09-14T18:55:33.711+0000] {logging_mixin.py:188} INFO - [2026-09-14T18:55:33.711+0000] {dag.py:3954} INFO - Setting next_dagrun for fraud_pipeline to None, run_after=None
[2026-09-14T18:55:33.728+0000] {processor.py:183} INFO - Processing /opt/airflow/dags/fraud_pipeline_dag.py took 0.069 seconds
[2026-09-14T18:56:03.895+0000] {processor.py:161} INFO - Started process (PID=1066) to work on /opt/airflow/dags/fraud_pipeline_dag.py
[2026-09-14T18:56:03.896+0000] {processor.py:830} INFO - Processing file /opt/airflow/dags/fraud_pipeline_dag.py for tasks to queue
[2026-09-14T18:56:03.898+0000] {logging_mixin.py:188} INFO - [2026-09-14T18:56:03.898+0000] {dagbag.py:540} INFO - Filling up the DagBag from /opt/airflow/dags/fraud_pipeline_dag.py
[2026-09-14T18:56:03.912+0000] {processor.py:840} INFO - DAG(s) 'fraud_pipeline' retrieved from /opt/airflow/dags/fraud_pipeline_dag.py
[2026-09-14T18:56:03.942+0000] {logging_mixin.py:188} INFO - [2026-09-14T18:56:03.942+0000] {dag.py:3096} INFO - Sync 1 DAGs
[2026-09-14T18:56:03.956+0000] {logging_mixin.py:188} INFO - [2026-09-14T18:56:03.956+0000] {dag.py:3954} INFO - Setting next_dagrun for fraud_pipeline to None, run_after=None
[2026-09-14T18:56:03.978+0000] {processor.py:183} INFO - Processing /opt/airflow/dags/fraud_pipeline_dag.py took 0.088 seconds
[2026-09-14T18:56:34.091+0000] {processor.py:161} INFO - Started process (PID=1071) to work on /opt/airflow/dags/fraud_pipeline_dag.py
[2026-09-14T18:56:34.092+0000] {processor.py:830} INFO - Processing file /opt/airflow/dags/fraud_pipeline_dag.py for tasks to queue
[2026-09-14T18:56:34.093+0000] {logging_mixin.py:188} INFO - [2026-09-14T18:56:34.093+0000] {dagbag.py:540} INFO - Filling up the DagBag from /opt/airflow/dags/fraud_pipeline_dag.py
[2026-09-14T18:56:34.104+0000] {processor.py:840} INFO - DAG(s) 'fraud_pipeline' retrieved from /opt/airflow/dags/fraud_pipeline_dag.py
[2026-09-14T18:56:34.128+0000] {logging_mixin.py:188} INFO - [2026-09-14T18:56:34.127+0000] {dag.py:3096} INFO - Sync 1 DAGs
[2026-09-14T18:56:34.139+0000] {logging_mixin.py:188} INFO - [2026-09-14T18:56:34.139+0000] {dag.py:3954} INFO - Setting next_dagrun for fraud_pipeline to None, run_after=None
[2026-09-14T18:56:34.155+0000] {processor.py:183} INFO - Processing /opt/airflow/dags/fraud_pipeline_dag.py took 0.068 seconds
[2026-09-14T18:57:04.364+0000] {processor.py:161} INFO - Started process (PID=1076) to work on /opt/airflow/dags/fraud_pipeline_dag.py
[2026-09-14T18:57:04.365+0000] {processor.py:830} INFO - Processing file /opt/airflow/dags/fraud_pipeline_dag.py for tasks to queue
[2026-09-14T18:57:04.367+0000] {logging_mixin.py:188} INFO - [2026-09-14T18:57:04.366+0000] {dagbag.py:540} INFO - Filling up the DagBag from /opt/airflow/dags/fraud_pipeline_dag.py
[2026-09-14T18:57:04.377+0000] {processor.py:840} INFO - DAG(s) 'fraud_pipeline' retrieved from /opt/airflow/dags/fraud_pipeline_dag.py
[2026-09-14T18:57:04.400+0000] {logging_mixin.py:188} INFO - [2026-09-14T18:57:04.400+0000] {dag.py:3096} INFO - Sync 1 DAGs
[2026-09-14T18:57:04.412+0000] {logging_mixin.py:188} INFO - [2026-09-14T18:57:04.412+0000] {dag.py:3954} INFO - Setting next_dagrun for fraud_pipeline to None, run_after=None
[2026-09-14T18:57:04.430+0000] {processor.py:183} INFO - Processing /opt/airflow/dags/fraud_pipeline_dag.py took 0.070 seconds
[2026-09-14T18:57:34.553+0000] {processor.py:161} INFO - Started process (PID=1081) to work on /opt/airflow/dags/fraud_pipeline_dag.py
[2026-09-14T18:57:34.554+0000] {processor.py:830} INFO - Processing file /opt/airflow/dags/fraud_pipeline_dag.py for tasks to queue
[2026-09-14T18:57:34.556+0000] {logging_mixin.py:188} INFO - [2026-09-14T18:57:34.555+0000] {dagbag.py:540} INFO - Filling up the DagBag from /opt/airflow/dags/fraud_pipeline_dag.py
[2026-09-14T18:57:34.568+0000] {processor.py:840} INFO - DAG(s) 'fraud_pipeline' retrieved from /opt/airflow/dags/fraud_pipeline_dag.py
[2026-09-14T18:57:34.592+0000] {logging_mixin.py:188} INFO - [2026-09-14T18:57:34.592+0000] {dag.py:3096} INFO - Sync 1 DAGs
[2026-09-14T18:57:34.604+0000] {logging_mixin.py:188} INFO - [2026-09-14T18:57:34.604+0000] {dag.py:3954} INFO - Setting next_dagrun for fraud_pipeline to None, run_after=None
[2026-09-14T18:57:34.622+0000] {processor.py:183} INFO - Processing /opt/airflow/dags/fraud_pipeline_dag.py took 0.073 seconds
[2026-09-14T18:58:04.787+0000] {processor.py:161} INFO - Started process (PID=1086) to work on /opt/airflow/dags/fraud_pipeline_dag.py
[2026-09-14T18:58:04.787+0000] {processor.py:830} INFO - Processing file /opt/airflow/dags/fraud_pipeline_dag.py for tasks to queue
[2026-09-14T18:58:04.789+0000] {logging_mixin.py:188} INFO - [2026-09-14T18:58:04.789+0000] {dagbag.py:540} INFO - Filling up the DagBag from /opt/airflow/dags/fraud_pipeline_dag.py
[2026-09-14T18:58:04.801+0000] {processor.py:840} INFO - DAG(s) 'fraud_pipeline' retrieved from /opt/airflow/dags/fraud_pipeline_dag.py
[2026-09-14T18:58:04.826+0000] {logging_mixin.py:188} INFO - [2026-09-14T18:58:04.826+0000] {dag.py:3096} INFO - Sync 1 DAGs
[2026-09-14T18:58:04.838+0000] {logging_mixin.py:188} INFO - [2026-09-14T18:58:04.838+0000] {dag.py:3954} INFO - Setting next_dagrun for fraud_pipeline to None, run_after=None
[2026-09-14T18:58:04.852+0000] {processor.py:183} INFO - Processing /opt/airflow/dags/fraud_pipeline_dag.py took 0.069 seconds
[2026-09-14T18:58:34.972+0000] {processor.py:161} INFO - Started process (PID=1091) to work on /opt/airflow/dags/fraud_pipeline_dag.py
[2026-09-14T18:58:34.973+0000] {processor.py:830} INFO - Processing file /opt/airflow/dags/fraud_pipeline_dag.py for tasks to queue
[2026-09-14T18:58:34.974+0000] {logging_mixin.py:188} INFO - [2026-09-14T18:58:34.974+0000] {dagbag.py:540} INFO - Filling up the DagBag from /opt/airflow/dags/fraud_pipeline_dag.py
[2026-09-14T18:58:34.987+0000] {processor.py:840} INFO - DAG(s) 'fraud_pipeline' retrieved from /opt/airflow/dags/fraud_pipeline_dag.py
[2026-09-14T18:58:35.017+0000] {logging_mixin.py:188} INFO - [2026-09-14T18:58:35.017+0000] {dag.py:3096} INFO - Sync 1 DAGs
[2026-09-14T18:58:35.029+0000] {logging_mixin.py:188} INFO - [2026-09-14T18:58:35.029+0000] {dag.py:3954} INFO - Setting next_dagrun for fraud_pipeline to None, run_after=None
[2026-09-14T18:58:35.043+0000] {processor.py:183} INFO - Processing /opt/airflow/dags/fraud_pipeline_dag.py took 0.076 seconds
[2026-09-14T18:59:05.250+0000] {processor.py:161} INFO - Started process (PID=1096) to work on /opt/airflow/dags/fraud_pipeline_dag.py
[2026-09-14T18:59:05.251+0000] {processor.py:830} INFO - Processing file /opt/airflow/dags/fraud_pipeline_dag.py for tasks to queue
[2026-09-14T18:59:05.252+0000] {logging_mixin.py:188} INFO - [2026-09-14T18:59:05.252+0000] {dagbag.py:540} INFO - Filling up the DagBag from /opt/airflow/dags/fraud_pipeline_dag.py
[2026-09-14T18:59:05.268+0000] {processor.py:840} INFO - DAG(s) 'fraud_pipeline' retrieved from /opt/airflow/dags/fraud_pipeline_dag.py
[2026-09-14T18:59:05.295+0000] {logging_mixin.py:188} INFO - [2026-09-14T18:59:05.295+0000] {dag.py:3096} INFO - Sync 1 DAGs
[2026-09-14T18:59:05.305+0000] {logging_mixin.py:188} INFO - [2026-09-14T18:59:05.305+0000] {dag.py:3954} INFO - Setting next_dagrun for fraud_pipeline to None, run_after=None
[2026-09-14T18:59:05.319+0000] {processor.py:183} INFO - Processing /opt/airflow/dags/fraud_pipeline_dag.py took 0.095 seconds
[2026-09-14T18:59:35.424+0000] {processor.py:161} INFO - Started process (PID=1101) to work on /opt/airflow/dags/fraud_pipeline_dag.py
[2026-09-14T18:59:35.425+0000] {processor.py:830} INFO - Processing file /opt/airflow/dags/fraud_pipeline_dag.py for tasks to queue
[2026-09-14T18:59:35.427+0000] {logging_mixin.py:188} INFO - [2026-09-14T18:59:35.427+0000] {dagbag.py:540} INFO - Filling up the DagBag from /opt/airflow/dags/fraud_pipeline_dag.py
[2026-09-14T18:59:35.440+0000] {processor.py:840} INFO - DAG(s) 'fraud_pipeline' retrieved from /opt/airflow/dags/fraud_pipeline_dag.py
[2026-09-14T18:59:35.468+0000] {logging_mixin.py:188} INFO - [2026-09-14T18:59:35.467+0000] {dag.py:3096} INFO - Sync 1 DAGs
[2026-09-14T18:59:35.481+0000] {logging_mixin.py:188} INFO - [2026-09-14T18:59:35.481+0000] {dag.py:3954} INFO - Setting next_dagrun for fraud_pipeline to None, run_after=None
[2026-09-14T18:59:35.500+0000] {processor.py:183} INFO - Processing /opt/airflow/dags/fraud_pipeline_dag.py took 0.082 seconds
[2026-09-14T19:00:05.672+0000] {processor.py:161} INFO - Started process (PID=1106) to work on /opt/airflow/dags/fraud_pipeline_dag.py
[2026-09-14T19:00:05.673+0000] {processor.py:830} INFO - Processing file /opt/airflow/dags/fraud_pipeline_dag.py for tasks to queue
[2026-09-14T19:00:05.674+0000] {logging_mixin.py:188} INFO - [2026-09-14T19:00:05.674+0000] {dagbag.py:540} INFO - Filling up the DagBag from /opt/airflow/dags/fraud_pipeline_dag.py
[2026-09-14T19:00:05.685+0000] {processor.py:840} INFO - DAG(s) 'fraud_pipeline' retrieved from /opt/airflow/dags/fraud_pipeline_dag.py
[2026-09-14T19:00:05.710+0000] {logging_mixin.py:188} INFO - [2026-09-14T19:00:05.710+0000] {dag.py:3096} INFO - Sync 1 DAGs
[2026-09-14T19:00:05.722+0000] {logging_mixin.py:188} INFO - [2026-09-14T19:00:05.722+0000] {dag.py:3954} INFO - Setting next_dagrun for fraud_pipeline to None, run_after=None
[2026-09-14T19:00:05.736+0000] {processor.py:183} INFO - Processing /opt/airflow/dags/fraud_pipeline_dag.py took 0.069 seconds
[2026-09-14T19:00:35.861+0000] {processor.py:161} INFO - Started process (PID=1111) to work on /opt/airflow/dags/fraud_pipeline_dag.py
[2026-09-14T19:00:35.862+0000] {processor.py:830} INFO - Processing file /opt/airflow/dags/fraud_pipeline_dag.py for tasks to queue
[2026-09-14T19:00:35.864+0000] {logging_mixin.py:188} INFO - [2026-09-14T19:00:35.864+0000] {dagbag.py:540} INFO - Filling up the DagBag from /opt/airflow/dags/fraud_pipeline_dag.py
[2026-09-14T19:00:35.879+0000] {processor.py:840} INFO - DAG(s) 'fraud_pipeline' retrieved from /opt/airflow/dags/fraud_pipeline_dag.py
[2026-09-14T19:00:35.905+0000] {logging_mixin.py:188} INFO - [2026-09-14T19:00:35.905+0000] {dag.py:3096} INFO - Sync 1 DAGs
[2026-09-14T19:00:35.919+0000] {logging_mixin.py:188} INFO - [2026-09-14T19:00:35.918+0000] {dag.py:3954} INFO - Setting next_dagrun for fraud_pipeline to None, run_after=None
[2026-09-14T19:00:35.939+0000] {processor.py:183} INFO - Processing /opt/airflow/dags/fraud_pipeline_dag.py took 0.084 seconds
[2026-09-14T19:01:06.085+0000] {processor.py:161} INFO - Started process (PID=1116) to work on /opt/airflow/dags/fraud_pipeline_dag.py
[2026-09-14T19:01:06.086+0000] {processor.py:830} INFO - Processing file /opt/airflow/dags/fraud_pipeline_dag.py for tasks to queue
[2026-09-14T19:01:06.087+0000] {logging_mixin.py:188} INFO - [2026-09-14T19:01:06.087+0000] {dagbag.py:540} INFO - Filling up the DagBag from /opt/airflow/dags/fraud_pipeline_dag.py
[2026-09-14T19:01:06.098+0000] {processor.py:840} INFO - DAG(s) 'fraud_pipeline' retrieved from /opt/airflow/dags/fraud_pipeline_dag.py
[2026-09-14T19:01:06.123+0000] {logging_mixin.py:188} INFO - [2026-09-14T19:01:06.123+0000] {dag.py:3096} INFO - Sync 1 DAGs
[2026-09-14T19:01:06.135+0000] {logging_mixin.py:188} INFO - [2026-09-14T19:01:06.135+0000] {dag.py:3954} INFO - Setting next_dagrun for fraud_pipeline to None, run_after=None
[2026-09-14T19:01:06.151+0000] {processor.py:183} INFO - Processing /opt/airflow/dags/fraud_pipeline_dag.py took 0.071 seconds
[2026-09-14T19:01:36.254+0000] {processor.py:161} INFO - Started process (PID=1121) to work on /opt/airflow/dags/fraud_pipeline_dag.py
[2026-09-14T19:01:36.255+0000] {processor.py:830} INFO - Processing file /opt/airflow/dags/fraud_pipeline_dag.py for tasks to queue
[2026-09-14T19:01:36.256+0000] {logging_mixin.py:188} INFO - [2026-09-14T19:01:36.256+0000] {dagbag.py:540} INFO - Filling up the DagBag from /opt/airflow/dags/fraud_pipeline_dag.py
[2026-09-14T19:01:36.267+0000] {processor.py:840} INFO - DAG(s) 'fraud_pipeline' retrieved from /opt/airflow/dags/fraud_pipeline_dag.py
[2026-09-14T19:01:36.292+0000] {logging_mixin.py:188} INFO - [2026-09-14T19:01:36.292+0000] {dag.py:3096} INFO - Sync 1 DAGs
[2026-09-14T19:01:36.304+0000] {logging_mixin.py:188} INFO - [2026-09-14T19:01:36.304+0000] {dag.py:3954} INFO - Setting next_dagrun for fraud_pipeline to None, run_after=None
[2026-09-14T19:01:36.319+0000] {processor.py:183} INFO - Processing /opt/airflow/dags/fraud_pipeline_dag.py took 0.070 seconds
[2026-09-14T19:02:06.476+0000] {processor.py:161} INFO - Started process (PID=1126) to work on /opt/airflow/dags/fraud_pipeline_dag.py
[2026-09-14T19:02:06.477+0000] {processor.py:830} INFO - Processing file /opt/airflow/dags/fraud_pipeline_dag.py for tasks to queue
[2026-09-14T19:02:06.478+0000] {logging_mixin.py:188} INFO - [2026-09-14T19:02:06.478+0000] {dagbag.py:540} INFO - Filling up the DagBag from /opt/airflow/dags/fraud_pipeline_dag.py
[2026-09-14T19:02:06.496+0000] {processor.py:840} INFO - DAG(s) 'fraud_pipeline' retrieved from /opt/airflow/dags/fraud_pipeline_dag.py
[2026-09-14T19:02:06.524+0000] {logging_mixin.py:188} INFO - [2026-09-14T19:02:06.524+0000] {dag.py:3096} INFO - Sync 1 DAGs
[2026-09-14T19:02:06.535+0000] {logging_mixin.py:188} INFO - [2026-09-14T19:02:06.535+0000] {dag.py:3954} INFO - Setting next_dagrun for fraud_pipeline to None, run_after=None
[2026-09-14T19:02:06.550+0000] {processor.py:183} INFO - Processing /opt/airflow/dags/fraud_pipeline_dag.py took 0.080 seconds
[2026-09-14T19:02:36.675+0000] {processor.py:161} INFO - Started process (PID=1131) to work on /opt/airflow/dags/fraud_pipeline_dag.py
[2026-09-14T19:02:36.676+0000] {processor.py:830} INFO - Processing file /opt/airflow/dags/fraud_pipeline_dag.py for tasks to queue
[2026-09-14T19:02:36.677+0000] {logging_mixin.py:188} INFO - [2026-09-14T19:02:36.677+0000] {dagbag.py:540} INFO - Filling up the DagBag from /opt/airflow/dags/fraud_pipeline_dag.py
[2026-09-14T19:02:36.690+0000] {processor.py:840} INFO - DAG(s) 'fraud_pipeline' retrieved from /opt/airflow/dags/fraud_pipeline_dag.py
[2026-09-14T19:02:36.720+0000] {logging_mixin.py:188} INFO - [2026-09-14T19:02:36.720+0000] {dag.py:3096} INFO - Sync 1 DAGs
[2026-09-14T19:02:36.732+0000] {logging_mixin.py:188} INFO - [2026-09-14T19:02:36.732+0000] {dag.py:3954} INFO - Setting next_dagrun for fraud_pipeline to None, run_after=None
[2026-09-14T19:02:36.750+0000] {processor.py:183} INFO - Processing /opt/airflow/dags/fraud_pipeline_dag.py took 0.081 seconds
[2026-09-14T19:03:06.895+0000] {processor.py:161} INFO - Started process (PID=1136) to work on /opt/airflow/dags/fraud_pipeline_dag.py
[2026-09-14T19:03:06.896+0000] {processor.py:830} INFO - Processing file /opt/airflow/dags/fraud_pipeline_dag.py for tasks to queue
[2026-09-14T19:03:06.898+0000] {logging_mixin.py:188} INFO - [2026-09-14T19:03:06.897+0000] {dagbag.py:540} INFO - Filling up the DagBag from /opt/airflow/dags/fraud_pipeline_dag.py
[2026-09-14T19:03:06.910+0000] {processor.py:840} INFO - DAG(s) 'fraud_pipeline' retrieved from /opt/airflow/dags/fraud_pipeline_dag.py
[2026-09-14T19:03:06.933+0000] {logging_mixin.py:188} INFO - [2026-09-14T19:03:06.933+0000] {dag.py:3096} INFO - Sync 1 DAGs
[2026-09-14T19:03:06.945+0000] {logging_mixin.py:188} INFO - [2026-09-14T19:03:06.945+0000] {dag.py:3954} INFO - Setting next_dagrun for fraud_pipeline to None, run_after=None
[2026-09-14T19:03:06.960+0000] {processor.py:183} INFO - Processing /opt/airflow/dags/fraud_pipeline_dag.py took 0.071 seconds
[2026-09-14T19:03:37.080+0000] {processor.py:161} INFO - Started process (PID=1141) to work on /opt/airflow/dags/fraud_pipeline_dag.py
[2026-09-14T19:03:37.081+0000] {processor.py:830} INFO - Processing file /opt/airflow/dags/fraud_pipeline_dag.py for tasks to queue
[2026-09-14T19:03:37.082+0000] {logging_mixin.py:188} INFO - [2026-09-14T19:03:37.082+0000] {dagbag.py:540} INFO - Filling up the DagBag from /opt/airflow/dags/fraud_pipeline_dag.py
[2026-09-14T19:03:37.102+0000] {processor.py:840} INFO - DAG(s) 'fraud_pipeline' retrieved from /opt/airflow/dags/fraud_pipeline_dag.py
[2026-09-14T19:03:37.128+0000] {logging_mixin.py:188} INFO - [2026-09-14T19:03:37.128+0000] {dag.py:3096} INFO - Sync 1 DAGs
[2026-09-14T19:03:37.139+0000] {logging_mixin.py:188} INFO - [2026-09-14T19:03:37.139+0000] {dag.py:3954} INFO - Setting next_dagrun for fraud_pipeline to None, run_after=None
[2026-09-14T19:03:37.154+0000] {processor.py:183} INFO - Processing /opt/airflow/dags/fraud_pipeline_dag.py took 0.080 seconds
[2026-09-14T19:04:07.288+0000] {processor.py:161} INFO - Started process (PID=1146) to work on /opt/airflow/dags/fraud_pipeline_dag.py
[2026-09-14T19:04:07.289+0000] {processor.py:830} INFO - Processing file /opt/airflow/dags/fraud_pipeline_dag.py for tasks to queue
[2026-09-14T19:04:07.290+0000] {logging_mixin.py:188} INFO - [2026-09-14T19:04:07.290+0000] {dagbag.py:540} INFO - Filling up the DagBag from /opt/airflow/dags/fraud_pipeline_dag.py
[2026-09-14T19:04:07.303+0000] {processor.py:840} INFO - DAG(s) 'fraud_pipeline' retrieved from /opt/airflow/dags/fraud_pipeline_dag.py
[2026-09-14T19:04:07.328+0000] {logging_mixin.py:188} INFO - [2026-09-14T19:04:07.328+0000] {dag.py:3096} INFO - Sync 1 DAGs
[2026-09-14T19:04:07.340+0000] {logging_mixin.py:188} INFO - [2026-09-14T19:04:07.340+0000] {dag.py:3954} INFO - Setting next_dagrun for fraud_pipeline to None, run_after=None
[2026-09-14T19:04:07.362+0000] {processor.py:183} INFO - Processing /opt/airflow/dags/fraud_pipeline_dag.py took 0.079 seconds
[2026-09-14T19:04:37.500+0000] {processor.py:161} INFO - Started process (PID=1151) to work on /opt/airflow/dags/fraud_pipeline_dag.py
[2026-09-14T19:04:37.501+0000] {processor.py:830} INFO - Processing file /opt/airflow/dags/fraud_pipeline_dag.py for tasks to queue
[2026-09-14T19:04:37.503+0000] {logging_mixin.py:188} INFO - [2026-09-14T19:04:37.502+0000] {dagbag.py:540} INFO - Filling up the DagBag from /opt/airflow/dags/fraud_pipeline_dag.py
[2026-09-14T19:04:37.517+0000] {processor.py:840} INFO - DAG(s) 'fraud_pipeline' retrieved from /opt/airflow/dags/fraud_pipeline_dag.py
[2026-09-14T19:04:37.549+0000] {logging_mixin.py:188} INFO - [2026-09-14T19:04:37.548+0000] {dag.py:3096} INFO - Sync 1 DAGs
[2026-09-14T19:04:37.561+0000] {logging_mixin.py:188} INFO - [2026-09-14T19:04:37.561+0000] {dag.py:3954} INFO - Setting next_dagrun for fraud_pipeline to None, run_after=None
[2026-09-14T19:04:37.577+0000] {processor.py:183} INFO - Processing /opt/airflow/dags/fraud_pipeline_dag.py took 0.082 seconds
[2026-09-14T19:05:07.746+0000] {processor.py:161} INFO - Started process (PID=1156) to work on /opt/airflow/dags/fraud_pipeline_dag.py
[2026-09-14T19:05:07.747+0000] {processor.py:830} INFO - Processing file /opt/airflow/dags/fraud_pipeline_dag.py for tasks to queue
[2026-09-14T19:05:07.748+0000] {logging_mixin.py:188} INFO - [2026-09-14T19:05:07.748+0000] {dagbag.py:540} INFO - Filling up the DagBag from /opt/airflow/dags/fraud_pipeline_dag.py
[2026-09-14T19:05:07.760+0000] {processor.py:840} INFO - DAG(s) 'fraud_pipeline' retrieved from /opt/airflow/dags/fraud_pipeline_dag.py
[2026-09-14T19:05:07.785+0000] {logging_mixin.py:188} INFO - [2026-09-14T19:05:07.784+0000] {dag.py:3096} INFO - Sync 1 DAGs
[2026-09-14T19:05:07.796+0000] {logging_mixin.py:188} INFO - [2026-09-14T19:05:07.796+0000] {dag.py:3954} INFO - Setting next_dagrun for fraud_pipeline to None, run_after=None
[2026-09-14T19:05:07.811+0000] {processor.py:183} INFO - Processing /opt/airflow/dags/fraud_pipeline_dag.py took 0.070 seconds
[2026-09-14T19:05:37.936+0000] {processor.py:161} INFO - Started process (PID=1161) to work on /opt/airflow/dags/fraud_pipeline_dag.py
[2026-09-14T19:05:37.937+0000] {processor.py:830} INFO - Processing file /opt/airflow/dags/fraud_pipeline_dag.py for tasks to queue
[2026-09-14T19:05:37.939+0000] {logging_mixin.py:188} INFO - [2026-09-14T19:05:37.938+0000] {dagbag.py:540} INFO - Filling up the DagBag from /opt/airflow/dags/fraud_pipeline_dag.py
[2026-09-14T19:05:37.952+0000] {processor.py:840} INFO - DAG(s) 'fraud_pipeline' retrieved from /opt/airflow/dags/fraud_pipeline_dag.py
[2026-09-14T19:05:37.983+0000] {logging_mixin.py:188} INFO - [2026-09-14T19:05:37.982+0000] {dag.py:3096} INFO - Sync 1 DAGs
[2026-09-14T19:05:37.996+0000] {logging_mixin.py:188} INFO - [2026-09-14T19:05:37.996+0000] {dag.py:3954} INFO - Setting next_dagrun for fraud_pipeline to None, run_after=None
[2026-09-14T19:05:38.015+0000] {processor.py:183} INFO - Processing /opt/airflow/dags/fraud_pipeline_dag.py took 0.085 seconds
[2026-09-14T19:06:08.148+0000] {processor.py:161} INFO - Started process (PID=1166) to work on /opt/airflow/dags/fraud_pipeline_dag.py
[2026-09-14T19:06:08.149+0000] {processor.py:830} INFO - Processing file /opt/airflow/dags/fraud_pipeline_dag.py for tasks to queue
[2026-09-14T19:06:08.150+0000] {logging_mixin.py:188} INFO - [2026-09-14T19:06:08.150+0000] {dagbag.py:540} INFO - Filling up the DagBag from /opt/airflow/dags/fraud_pipeline_dag.py
[2026-09-14T19:06:08.162+0000] {processor.py:840} INFO - DAG(s) 'fraud_pipeline' retrieved from /opt/airflow/dags/fraud_pipeline_dag.py
[2026-09-14T19:06:08.191+0000] {logging_mixin.py:188} INFO - [2026-09-14T19:06:08.190+0000] {dag.py:3096} INFO - Sync 1 DAGs
[2026-09-14T19:06:08.203+0000] {logging_mixin.py:188} INFO - [2026-09-14T19:06:08.203+0000] {dag.py:3954} INFO - Setting next_dagrun for fraud_pipeline to None, run_after=None
[2026-09-14T19:06:08.218+0000] {processor.py:183} INFO - Processing /opt/airflow/dags/fraud_pipeline_dag.py took 0.075 seconds
[2026-09-14T19:06:38.308+0000] {processor.py:161} INFO - Started process (PID=1171) to work on /opt/airflow/dags/fraud_pipeline_dag.py
[2026-09-14T19:06:38.309+0000] {processor.py:830} INFO - Processing file /opt/airflow/dags/fraud_pipeline_dag.py for tasks to queue
[2026-09-14T19:06:38.310+0000] {logging_mixin.py:188} INFO - [2026-09-14T19:06:38.310+0000] {dagbag.py:540} INFO - Filling up the DagBag from /opt/airflow/dags/fraud_pipeline_dag.py
[2026-09-14T19:06:38.322+0000] {processor.py:840} INFO - DAG(s) 'fraud_pipeline' retrieved from /opt/airflow/dags/fraud_pipeline_dag.py
[2026-09-14T19:06:38.350+0000] {logging_mixin.py:188} INFO - [2026-09-14T19:06:38.350+0000] {dag.py:3096} INFO - Sync 1 DAGs
[2026-09-14T19:06:38.364+0000] {logging_mixin.py:188} INFO - [2026-09-14T19:06:38.364+0000] {dag.py:3954} INFO - Setting next_dagrun for fraud_pipeline to None, run_after=None
[2026-09-14T19:06:38.382+0000] {processor.py:183} INFO - Processing /opt/airflow/dags/fraud_pipeline_dag.py took 0.079 seconds
[2026-09-14T19:07:08.519+0000] {processor.py:161} INFO - Started process (PID=1176) to work on /opt/airflow/dags/fraud_pipeline_dag.py
[2026-09-14T19:07:08.521+0000] {processor.py:830} INFO - Processing file /opt/airflow/dags/fraud_pipeline_dag.py for tasks to queue
[2026-09-14T19:07:08.523+0000] {logging_mixin.py:188} INFO - [2026-09-14T19:07:08.522+0000] {dagbag.py:540} INFO - Filling up the DagBag from /opt/airflow/dags/fraud_pipeline_dag.py
[2026-09-14T19:07:08.538+0000] {processor.py:840} INFO - DAG(s) 'fraud_pipeline' retrieved from /opt/airflow/dags/fraud_pipeline_dag.py
[2026-09-14T19:07:08.574+0000] {logging_mixin.py:188} INFO - [2026-09-14T19:07:08.574+0000] {dag.py:3096} INFO - Sync 1 DAGs
[2026-09-14T19:07:08.589+0000] {logging_mixin.py:188} INFO - [2026-09-14T19:07:08.589+0000] {dag.py:3954} INFO - Setting next_dagrun for fraud_pipeline to None, run_after=None
[2026-09-14T19:07:08.614+0000] {processor.py:183} INFO - Processing /opt/airflow/dags/fraud_pipeline_dag.py took 0.102 seconds
