[2026-09-14T16:11:26.286+0000] {manager.py:470} INFO - Processing files using up to 2 processes at a time 
[2026-09-14T16:11:26.287+0000] {manager.py:471} INFO - Process each file at most once every 30 seconds
[2026-09-14T16:11:26.288+0000] {manager.py:472} INFO - Checking for new files in /opt/airflow/dags every 300 seconds
[2026-09-14T16:11:26.289+0000] {manager.py:737} INFO - Searching for files in /opt/airflow/dags
[2026-09-14T16:11:26.295+0000] {manager.py:740} INFO - There are 1 files in /opt/airflow/dags
[2026-09-14T16:11:26.430+0000] {manager.py:878} INFO - 
================================================================================
DAG File Processing Stats

File Path                                  PID  Runtime      # DAGs    # Errors  Last Runtime    Last Run
---------------------------------------  -----  ---------  --------  ----------  --------------  ----------
/opt/airflow/dags/fraud_pipeline_dag.py    185  0.04s             0           0
================================================================================
[2026-09-14T16:11:56.577+0000] {manager.py:878} INFO - 
================================================================================
DAG File Processing Stats

File Path                                PID    Runtime      # DAGs    # Errors  Last Runtime    Last Run
---------------------------------------  -----  ---------  --------  ----------  --------------  -------------------
/opt/airflow/dags/fraud_pipeline_dag.py                           1           0  0.34s           2026-09-14T16:11:26
================================================================================
[2026-09-14T16:12:27.023+0000] {manager.py:878} INFO - 
================================================================================
DAG File Processing Stats

File Path                                  PID  Runtime      # DAGs    # Errors  Last Runtime    Last Run
---------------------------------------  -----  ---------  --------  ----------  --------------  -------------------
/opt/airflow/dags/fraud_pipeline_dag.py    195  0.00s             1           0  0.10s           2026-09-14T16:11:56
================================================================================
[2026-09-14T16:12:22.181+0000] {manager.py:878} INFO - 
================================================================================
DAG File Processing Stats

File Path                                PID    Runtime      # DAGs    # Errors  Last Runtime    Last Run
---------------------------------------  -----  ---------  --------  ----------  --------------  -------------------
/opt/airflow/dags/fraud_pipeline_dag.py                           1           0  0.10s           2026-09-14T16:12:27
================================================================================
[2026-09-14T16:12:52.510+0000] {manager.py:878} INFO - 
================================================================================
DAG File Processing Stats

File Path                                PID    Runtime      # DAGs    # Errors  Last Runtime    Last Run
---------------------------------------  -----  ---------  --------  ----------  --------------  -------------------
/opt/airflow/dags/fraud_pipeline_dag.py                           1           0  -34.85s         2026-09-14T16:12:31
================================================================================
[2026-09-14T16:13:22.471+0000] {manager.py:878} INFO - 
================================================================================
DAG File Processing Stats

File Path                                PID    Runtime      # DAGs    # Errors  Last Runtime    Last Run
---------------------------------------  -----  ---------  --------  ----------  --------------  -------------------
/opt/airflow/dags/fraud_pipeline_dag.py                           1           0  0.98s           2026-09-14T16:13:02
================================================================================
[2026-09-14T16:13:52.824+0000] {manager.py:878} INFO - 
================================================================================
DAG File Processing Stats

File Path                                PID    Runtime      # DAGs    # Errors  Last Runtime    Last Run
---------------------------------------  -----  ---------  --------  ----------  --------------  -------------------
/opt/airflow/dags/fraud_pipeline_dag.py                           1           0  -34.93s         2026-09-14T16:13:30
================================================================================
[2026-09-14T16:14:23.155+0000] {manager.py:878} INFO - 
================================================================================
DAG File Processing Stats

File Path                                PID    Runtime      # DAGs    # Errors  Last Runtime    Last Run
---------------------------------------  -----  ---------  --------  ----------  --------------  -------------------
/opt/airflow/dags/fraud_pipeline_dag.py                           1           0  35.56s          2026-09-14T16:14:36
================================================================================
[2026-09-14T16:14:53.467+0000] {manager.py:878} INFO - 
================================================================================
DAG File Processing Stats

File Path                                PID    Runtime      # DAGs    # Errors  Last Runtime    Last Run
---------------------------------------  -----  ---------  --------  ----------  --------------  -------------------
/opt/airflow/dags/fraud_pipeline_dag.py                           1           0  -34.74s         2026-09-14T16:14:51
================================================================================
[2026-09-14T16:15:24.060+0000] {manager.py:878} INFO - 
================================================================================
DAG File Processing Stats

File Path                                PID    Runtime      # DAGs    # Errors  Last Runtime    Last Run
---------------------------------------  -----  ---------  --------  ----------  --------------  -------------------
/opt/airflow/dags/fraud_pipeline_dag.py                           1           0  -34.68s         2026-09-14T16:14:56
================================================================================
[2026-09-14T16:15:54.331+0000] {manager.py:878} INFO - 
================================================================================
DAG File Processing Stats

File Path                                PID    Runtime      # DAGs    # Errors  Last Runtime    Last Run
---------------------------------------  -----  ---------  --------  ----------  --------------  -------------------
/opt/airflow/dags/fraud_pipeline_dag.py                           1           0  0.16s           2026-09-14T16:15:27
================================================================================
[2026-09-14T16:16:31.533+0000] {manager.py:737} INFO - Searching for files in /opt/airflow/dags
[2026-09-14T16:16:31.556+0000] {manager.py:740} INFO - There are 1 files in /opt/airflow/dags
[2026-09-14T16:16:25.007+0000] {manager.py:878} INFO - 
================================================================================
DAG File Processing Stats

File Path                                PID    Runtime      # DAGs    # Errors  Last Runtime    Last Run
---------------------------------------  -----  ---------  --------  ----------  --------------  -------------------
/opt/airflow/dags/fraud_pipeline_dag.py                           1           0  -34.79s         2026-09-14T16:16:06
================================================================================
[2026-09-14T16:16:54.900+0000] {manager.py:878} INFO - 
================================================================================
DAG File Processing Stats

File Path                                PID    Runtime      # DAGs    # Errors  Last Runtime    Last Run
---------------------------------------  -----  ---------  --------  ----------  --------------  -------------------
/opt/airflow/dags/fraud_pipeline_dag.py                           1           0  0.24s           2026-09-14T16:16:38
================================================================================
[2026-09-14T16:17:25.324+0000] {manager.py:878} INFO - 
================================================================================
DAG File Processing Stats

File Path                                PID    Runtime      # DAGs    # Errors  Last Runtime    Last Run
---------------------------------------  -----  ---------  --------  ----------  --------------  -------------------
/opt/airflow/dags/fraud_pipeline_dag.py                           1           0  0.20s           2026-09-14T16:17:08
================================================================================
[2026-09-14T16:17:56.043+0000] {manager.py:878} INFO - 
================================================================================
DAG File Processing Stats

File Path                                PID    Runtime      # DAGs    # Errors  Last Runtime    Last Run
---------------------------------------  -----  ---------  --------  ----------  --------------  -------------------
/opt/airflow/dags/fraud_pipeline_dag.py                           1           0  -34.83s         2026-09-14T16:17:42
================================================================================
[2026-09-14T16:18:26.349+0000] {manager.py:878} INFO - 
================================================================================
DAG File Processing Stats

File Path                                PID    Runtime      # DAGs    # Errors  Last Runtime    Last Run
---------------------------------------  -----  ---------  --------  ----------  --------------  -------------------
/opt/airflow/dags/fraud_pipeline_dag.py                           1           0  0.28s           2026-09-14T16:18:12
================================================================================
[2026-09-14T16:18:56.797+0000] {manager.py:878} INFO - 
================================================================================
DAG File Processing Stats

File Path                                PID    Runtime      # DAGs    # Errors  Last Runtime    Last Run
---------------------------------------  -----  ---------  --------  ----------  --------------  -------------------
/opt/airflow/dags/fraud_pipeline_dag.py                           1           0  -34.79s         2026-09-14T16:18:30
================================================================================
[2026-09-14T16:19:27.286+0000] {manager.py:878} INFO - 
================================================================================
DAG File Processing Stats

File Path                                PID    Runtime      # DAGs    # Errors  Last Runtime    Last Run
---------------------------------------  -----  ---------  --------  ----------  --------------  -------------------
/opt/airflow/dags/fraud_pipeline_dag.py                           1           0  -34.67s         2026-09-14T16:19:17
================================================================================
[2026-09-14T16:19:57.661+0000] {manager.py:878} INFO - 
================================================================================
DAG File Processing Stats

File Path                                PID    Runtime      # DAGs    # Errors  Last Runtime    Last Run
---------------------------------------  -----  ---------  --------  ----------  --------------  -------------------
/opt/airflow/dags/fraud_pipeline_dag.py                           1           0  -34.79s         2026-09-14T16:19:30
================================================================================
[2026-09-14T16:21:03.156+0000] {manager.py:878} INFO - 
================================================================================
DAG File Processing Stats

File Path                                PID    Runtime      # DAGs    # Errors  Last Runtime    Last Run
---------------------------------------  -----  ---------  --------  ----------  --------------  -------------------
/opt/airflow/dags/fraud_pipeline_dag.py                           1           0  0.09s           2026-09-14T16:20:47
================================================================================
[2026-09-14T16:21:31.871+0000] {manager.py:737} INFO - Searching for files in /opt/airflow/dags
[2026-09-14T16:21:31.884+0000] {manager.py:740} INFO - There are 1 files in /opt/airflow/dags
[2026-09-14T16:21:33.432+0000] {manager.py:878} INFO - 
================================================================================
DAG File Processing Stats

File Path                                PID    Runtime      # DAGs    # Errors  Last Runtime    Last Run
---------------------------------------  -----  ---------  --------  ----------  --------------  -------------------
/opt/airflow/dags/fraud_pipeline_dag.py                           1           0  0.46s           2026-09-14T16:21:17
================================================================================
[2026-09-14T16:22:04.057+0000] {manager.py:878} INFO - 
================================================================================
DAG File Processing Stats

File Path                                PID    Runtime      # DAGs    # Errors  Last Runtime    Last Run
---------------------------------------  -----  ---------  --------  ----------  --------------  -------------------
/opt/airflow/dags/fraud_pipeline_dag.py                           1           0  0.09s           2026-09-14T16:21:48
================================================================================
[2026-09-14T16:22:34.286+0000] {manager.py:878} INFO - 
================================================================================
DAG File Processing Stats

File Path                                PID    Runtime      # DAGs    # Errors  Last Runtime    Last Run
---------------------------------------  -----  ---------  --------  ----------  --------------  -------------------
/opt/airflow/dags/fraud_pipeline_dag.py                           1           0  0.11s           2026-09-14T16:22:18
================================================================================
[2026-09-14T16:23:04.454+0000] {manager.py:878} INFO - 
================================================================================
DAG File Processing Stats

File Path                                PID    Runtime      # DAGs    # Errors  Last Runtime    Last Run
---------------------------------------  -----  ---------  --------  ----------  --------------  -------------------
/opt/airflow/dags/fraud_pipeline_dag.py                           1           0  0.10s           2026-09-14T16:22:48
================================================================================
[2026-09-14T16:23:34.684+0000] {manager.py:878} INFO - 
================================================================================
DAG File Processing Stats

File Path                                PID    Runtime      # DAGs    # Errors  Last Runtime    Last Run
---------------------------------------  -----  ---------  --------  ----------  --------------  -------------------
/opt/airflow/dags/fraud_pipeline_dag.py                           1           0  0.10s           2026-09-14T16:23:18
================================================================================
[2026-09-14T16:24:04.853+0000] {manager.py:878} INFO - 
================================================================================
DAG File Processing Stats

File Path                                PID    Runtime      # DAGs    # Errors  Last Runtime    Last Run
---------------------------------------  -----  ---------  --------  ----------  --------------  -------------------
/opt/airflow/dags/fraud_pipeline_dag.py                           1           0  0.09s           2026-09-14T16:23:48
================================================================================
[2026-09-14T16:24:35.088+0000] {manager.py:878} INFO - 
================================================================================
DAG File Processing Stats

File Path                                PID    Runtime      # DAGs    # Errors  Last Runtime    Last Run
---------------------------------------  -----  ---------  --------  ----------  --------------  -------------------
/opt/airflow/dags/fraud_pipeline_dag.py                           1           0  0.10s           2026-09-14T16:24:19
================================================================================
[2026-09-14T16:25:05.276+0000] {manager.py:878} INFO - 
================================================================================
DAG File Processing Stats

File Path                                PID    Runtime      # DAGs    # Errors  Last Runtime    Last Run
---------------------------------------  -----  ---------  --------  ----------  --------------  -------------------
/opt/airflow/dags/fraud_pipeline_dag.py                           1           0  0.09s           2026-09-14T16:24:49
================================================================================
[2026-09-14T16:25:35.505+0000] {manager.py:878} INFO - 
================================================================================
DAG File Processing Stats

File Path                                PID    Runtime      # DAGs    # Errors  Last Runtime    Last Run
---------------------------------------  -----  ---------  --------  ----------  --------------  -------------------
/opt/airflow/dags/fraud_pipeline_dag.py                           1           0  0.09s           2026-09-14T16:25:19
================================================================================
[2026-09-14T16:26:05.707+0000] {manager.py:878} INFO - 
================================================================================
DAG File Processing Stats

File Path                                PID    Runtime      # DAGs    # Errors  Last Runtime    Last Run
---------------------------------------  -----  ---------  --------  ----------  --------------  -------------------
/opt/airflow/dags/fraud_pipeline_dag.py                           1           0  0.09s           2026-09-14T16:25:49
================================================================================
[2026-09-14T16:26:31.938+0000] {manager.py:737} INFO - Searching for files in /opt/airflow/dags
[2026-09-14T16:26:31.951+0000] {manager.py:740} INFO - There are 1 files in /opt/airflow/dags
[2026-09-14T16:26:35.980+0000] {manager.py:878} INFO - 
================================================================================
DAG File Processing Stats

File Path                                PID    Runtime      # DAGs    # Errors  Last Runtime    Last Run
---------------------------------------  -----  ---------  --------  ----------  --------------  -------------------
/opt/airflow/dags/fraud_pipeline_dag.py                           1           0  0.10s           2026-09-14T16:26:19
================================================================================
[2026-09-14T16:27:06.187+0000] {manager.py:878} INFO - 
================================================================================
DAG File Processing Stats

File Path                                PID    Runtime      # DAGs    # Errors  Last Runtime    Last Run
---------------------------------------  -----  ---------  --------  ----------  --------------  -------------------
/opt/airflow/dags/fraud_pipeline_dag.py                           1           0  0.10s           2026-09-14T16:26:50
================================================================================
[2026-09-14T16:27:36.436+0000] {manager.py:878} INFO - 
================================================================================
DAG File Processing Stats

File Path                                PID    Runtime      # DAGs    # Errors  Last Runtime    Last Run
---------------------------------------  -----  ---------  --------  ----------  --------------  -------------------
/opt/airflow/dags/fraud_pipeline_dag.py                           1           0  0.09s           2026-09-14T16:27:20
================================================================================
[2026-09-14T16:28:06.637+0000] {manager.py:878} INFO - 
================================================================================
DAG File Processing Stats

File Path                                PID    Runtime      # DAGs    # Errors  Last Runtime    Last Run
---------------------------------------  -----  ---------  --------  ----------  --------------  -------------------
/opt/airflow/dags/fraud_pipeline_dag.py                           1           0  0.09s           2026-09-14T16:27:50
================================================================================
[2026-09-14T16:28:36.880+0000] {manager.py:878} INFO - 
================================================================================
DAG File Processing Stats

File Path                                PID    Runtime      # DAGs    # Errors  Last Runtime    Last Run
---------------------------------------  -----  ---------  --------  ----------  --------------  -------------------
/opt/airflow/dags/fraud_pipeline_dag.py                           1           0  0.09s           2026-09-14T16:28:20
================================================================================
[2026-09-14T16:29:07.080+0000] {manager.py:878} INFO - 
================================================================================
DAG File Processing Stats

File Path                                PID    Runtime      # DAGs    # Errors  Last Runtime    Last Run
---------------------------------------  -----  ---------  --------  ----------  --------------  -------------------
/opt/airflow/dags/fraud_pipeline_dag.py                           1           0  0.11s           2026-09-14T16:28:51
================================================================================
[2026-09-14T16:29:37.270+0000] {manager.py:878} INFO - 
================================================================================
DAG File Processing Stats

File Path                                PID    Runtime      # DAGs    # Errors  Last Runtime    Last Run
---------------------------------------  -----  ---------  --------  ----------  --------------  -------------------
/opt/airflow/dags/fraud_pipeline_dag.py                           1           0  0.11s           2026-09-14T16:29:21
================================================================================
[2026-09-14T16:30:07.518+0000] {manager.py:878} INFO - 
================================================================================
DAG File Processing Stats

File Path                                PID    Runtime      # DAGs    # Errors  Last Runtime    Last Run
---------------------------------------  -----  ---------  --------  ----------  --------------  -------------------
/opt/airflow/dags/fraud_pipeline_dag.py                           1           0  0.13s           2026-09-14T16:29:51
================================================================================
[2026-09-14T16:30:37.719+0000] {manager.py:878} INFO - 
================================================================================
DAG File Processing Stats

File Path                                PID    Runtime      # DAGs    # Errors  Last Runtime    Last Run
---------------------------------------  -----  ---------  --------  ----------  --------------  -------------------
/opt/airflow/dags/fraud_pipeline_dag.py                           1           0  0.12s           2026-09-14T16:30:21
================================================================================
[2026-09-14T16:31:07.948+0000] {manager.py:878} INFO - 
================================================================================
DAG File Processing Stats

File Path                                PID    Runtime      # DAGs    # Errors  Last Runtime    Last Run
---------------------------------------  -----  ---------  --------  ----------  --------------  -------------------
/opt/airflow/dags/fraud_pipeline_dag.py                           1           0  0.10s           2026-09-14T16:30:51
================================================================================
[2026-09-14T16:31:32.106+0000] {manager.py:737} INFO - Searching for files in /opt/airflow/dags
[2026-09-14T16:31:32.119+0000] {manager.py:740} INFO - There are 1 files in /opt/airflow/dags
[2026-09-14T16:31:38.157+0000] {manager.py:878} INFO - 
================================================================================
DAG File Processing Stats

File Path                                PID    Runtime      # DAGs    # Errors  Last Runtime    Last Run
---------------------------------------  -----  ---------  --------  ----------  --------------  -------------------
/opt/airflow/dags/fraud_pipeline_dag.py                           1           0  0.12s           2026-09-14T16:31:22
================================================================================
[2026-09-14T16:32:08.382+0000] {manager.py:878} INFO - 
================================================================================
DAG File Processing Stats

File Path                                PID    Runtime      # DAGs    # Errors  Last Runtime    Last Run
---------------------------------------  -----  ---------  --------  ----------  --------------  -------------------
/opt/airflow/dags/fraud_pipeline_dag.py                           1           0  0.10s           2026-09-14T16:31:52
================================================================================
[2026-09-14T16:32:38.569+0000] {manager.py:878} INFO - 
================================================================================
DAG File Processing Stats

File Path                                PID    Runtime      # DAGs    # Errors  Last Runtime    Last Run
---------------------------------------  -----  ---------  --------  ----------  --------------  -------------------
/opt/airflow/dags/fraud_pipeline_dag.py                           1           0  0.12s           2026-09-14T16:32:22
================================================================================
[2026-09-14T16:33:08.794+0000] {manager.py:878} INFO - 
================================================================================
DAG File Processing Stats

File Path                                PID    Runtime      # DAGs    # Errors  Last Runtime    Last Run
---------------------------------------  -----  ---------  --------  ----------  --------------  -------------------
/opt/airflow/dags/fraud_pipeline_dag.py                           1           0  0.10s           2026-09-14T16:32:52
================================================================================
[2026-09-14T16:33:38.972+0000] {manager.py:878} INFO - 
================================================================================
DAG File Processing Stats

File Path                                PID    Runtime      # DAGs    # Errors  Last Runtime    Last Run
---------------------------------------  -----  ---------  --------  ----------  --------------  -------------------
/opt/airflow/dags/fraud_pipeline_dag.py                           1           0  0.12s           2026-09-14T16:33:23
================================================================================
[2026-09-14T16:34:09.231+0000] {manager.py:878} INFO - 
================================================================================
DAG File Processing Stats

File Path                                PID    Runtime      # DAGs    # Errors  Last Runtime    Last Run
---------------------------------------  -----  ---------  --------  ----------  --------------  -------------------
/opt/airflow/dags/fraud_pipeline_dag.py                           1           0  0.09s           2026-09-14T16:33:53
================================================================================
[2026-09-14T16:34:39.420+0000] {manager.py:878} INFO - 
================================================================================
DAG File Processing Stats

File Path                                PID    Runtime      # DAGs    # Errors  Last Runtime    Last Run
---------------------------------------  -----  ---------  --------  ----------  --------------  -------------------
/opt/airflow/dags/fraud_pipeline_dag.py                           1           0  0.14s           2026-09-14T16:34:23
================================================================================
[2026-09-14T16:35:09.711+0000] {manager.py:878} INFO - 
================================================================================
DAG File Processing Stats

File Path                                PID    Runtime      # DAGs    # Errors  Last Runtime    Last Run
---------------------------------------  -----  ---------  --------  ----------  --------------  -------------------
/opt/airflow/dags/fraud_pipeline_dag.py                           1           0  0.11s           2026-09-14T16:34:53
================================================================================
[2026-09-14T16:35:39.916+0000] {manager.py:878} INFO - 
================================================================================
DAG File Processing Stats

File Path                                PID    Runtime      # DAGs    # Errors  Last Runtime    Last Run
---------------------------------------  -----  ---------  --------  ----------  --------------  -------------------
/opt/airflow/dags/fraud_pipeline_dag.py                           1           0  0.08s           2026-09-14T16:35:23
================================================================================
[2026-09-14T16:36:10.102+0000] {manager.py:878} INFO - 
================================================================================
DAG File Processing Stats

File Path                                PID    Runtime      # DAGs    # Errors  Last Runtime    Last Run
---------------------------------------  -----  ---------  --------  ----------  --------------  -------------------
/opt/airflow/dags/fraud_pipeline_dag.py                           1           0  0.11s           2026-09-14T16:35:54
================================================================================
[2026-09-14T16:36:32.285+0000] {manager.py:737} INFO - Searching for files in /opt/airflow/dags
[2026-09-14T16:36:32.295+0000] {manager.py:740} INFO - There are 1 files in /opt/airflow/dags
[2026-09-14T16:36:40.341+0000] {manager.py:878} INFO - 
================================================================================
DAG File Processing Stats

File Path                                PID    Runtime      # DAGs    # Errors  Last Runtime    Last Run
---------------------------------------  -----  ---------  --------  ----------  --------------  -------------------
/opt/airflow/dags/fraud_pipeline_dag.py                           1           0  0.10s           2026-09-14T16:36:24
================================================================================
[2026-09-14T16:37:10.527+0000] {manager.py:878} INFO - 
================================================================================
DAG File Processing Stats

File Path                                PID    Runtime      # DAGs    # Errors  Last Runtime    Last Run
---------------------------------------  -----  ---------  --------  ----------  --------------  -------------------
/opt/airflow/dags/fraud_pipeline_dag.py                           1           0  0.10s           2026-09-14T16:36:54
================================================================================
[2026-09-14T16:37:40.779+0000] {manager.py:878} INFO - 
================================================================================
DAG File Processing Stats

File Path                                PID    Runtime      # DAGs    # Errors  Last Runtime    Last Run
---------------------------------------  -----  ---------  --------  ----------  --------------  -------------------
/opt/airflow/dags/fraud_pipeline_dag.py                           1           0  0.11s           2026-09-14T16:37:24
================================================================================
[2026-09-14T16:38:10.990+0000] {manager.py:878} INFO - 
================================================================================
DAG File Processing Stats

File Path                                PID    Runtime      # DAGs    # Errors  Last Runtime    Last Run
---------------------------------------  -----  ---------  --------  ----------  --------------  -------------------
/opt/airflow/dags/fraud_pipeline_dag.py                           1           0  0.10s           2026-09-14T16:37:54
================================================================================
[2026-09-14T16:38:41.178+0000] {manager.py:878} INFO - 
================================================================================
DAG File Processing Stats

File Path                                PID    Runtime      # DAGs    # Errors  Last Runtime    Last Run
---------------------------------------  -----  ---------  --------  ----------  --------------  -------------------
/opt/airflow/dags/fraud_pipeline_dag.py                           1           0  0.13s           2026-09-14T16:38:25
================================================================================
[2026-09-14T16:39:11.422+0000] {manager.py:878} INFO - 
================================================================================
DAG File Processing Stats

File Path                                PID    Runtime      # DAGs    # Errors  Last Runtime    Last Run
---------------------------------------  -----  ---------  --------  ----------  --------------  -------------------
/opt/airflow/dags/fraud_pipeline_dag.py                           1           0  0.13s           2026-09-14T16:38:55
================================================================================
[2026-09-14T16:39:41.582+0000] {manager.py:878} INFO - 
================================================================================
DAG File Processing Stats

File Path                                PID    Runtime      # DAGs    # Errors  Last Runtime    Last Run
---------------------------------------  -----  ---------  --------  ----------  --------------  -------------------
/opt/airflow/dags/fraud_pipeline_dag.py                           1           0  0.10s           2026-09-14T16:39:25
================================================================================
[2026-09-14T16:40:11.806+0000] {manager.py:878} INFO - 
================================================================================
DAG File Processing Stats

File Path                                PID    Runtime      # DAGs    # Errors  Last Runtime    Last Run
---------------------------------------  -----  ---------  --------  ----------  --------------  -------------------
/opt/airflow/dags/fraud_pipeline_dag.py                           1           0  0.11s           2026-09-14T16:39:55
================================================================================
[2026-09-14T16:40:42.024+0000] {manager.py:878} INFO - 
================================================================================
DAG File Processing Stats

File Path                                PID    Runtime      # DAGs    # Errors  Last Runtime    Last Run
---------------------------------------  -----  ---------  --------  ----------  --------------  -------------------
/opt/airflow/dags/fraud_pipeline_dag.py                           1           0  0.09s           2026-09-14T16:40:25
================================================================================
[2026-09-14T16:41:12.207+0000] {manager.py:878} INFO - 
================================================================================
DAG File Processing Stats

File Path                                PID    Runtime      # DAGs    # Errors  Last Runtime    Last Run
---------------------------------------  -----  ---------  --------  ----------  --------------  -------------------
/opt/airflow/dags/fraud_pipeline_dag.py                           1           0  0.11s           2026-09-14T16:40:56
================================================================================
[2026-09-14T16:41:32.427+0000] {manager.py:737} INFO - Searching for files in /opt/airflow/dags
[2026-09-14T16:41:32.438+0000] {manager.py:740} INFO - There are 1 files in /opt/airflow/dags
[2026-09-14T16:41:42.511+0000] {manager.py:878} INFO - 
================================================================================
DAG File Processing Stats

File Path                                PID    Runtime      # DAGs    # Errors  Last Runtime    Last Run
---------------------------------------  -----  ---------  --------  ----------  --------------  -------------------
/opt/airflow/dags/fraud_pipeline_dag.py                           1           0  0.12s           2026-09-14T16:41:26
================================================================================
[2026-09-14T16:42:12.736+0000] {manager.py:878} INFO - 
================================================================================
DAG File Processing Stats

File Path                                PID    Runtime      # DAGs    # Errors  Last Runtime    Last Run
---------------------------------------  -----  ---------  --------  ----------  --------------  -------------------
/opt/airflow/dags/fraud_pipeline_dag.py                           1           0  0.09s           2026-09-14T16:41:56
================================================================================
[2026-09-14T16:42:42.941+0000] {manager.py:878} INFO - 
================================================================================
DAG File Processing Stats

File Path                                PID    Runtime      # DAGs    # Errors  Last Runtime    Last Run
---------------------------------------  -----  ---------  --------  ----------  --------------  -------------------
/opt/airflow/dags/fraud_pipeline_dag.py                           1           0  0.09s           2026-09-14T16:42:26
================================================================================
[2026-09-14T16:43:13.152+0000] {manager.py:878} INFO - 
================================================================================
DAG File Processing Stats

File Path                                PID    Runtime      # DAGs    # Errors  Last Runtime    Last Run
---------------------------------------  -----  ---------  --------  ----------  --------------  -------------------
/opt/airflow/dags/fraud_pipeline_dag.py                           1           0  0.09s           2026-09-14T16:42:57
================================================================================
[2026-09-14T16:43:43.331+0000] {manager.py:878} INFO - 
================================================================================
DAG File Processing Stats

File Path                                PID    Runtime      # DAGs    # Errors  Last Runtime    Last Run
---------------------------------------  -----  ---------  --------  ----------  --------------  -------------------
/opt/airflow/dags/fraud_pipeline_dag.py                           1           0  0.10s           2026-09-14T16:43:27
================================================================================
[2026-09-14T16:44:13.545+0000] {manager.py:878} INFO - 
================================================================================
DAG File Processing Stats

File Path                                PID    Runtime      # DAGs    # Errors  Last Runtime    Last Run
---------------------------------------  -----  ---------  --------  ----------  --------------  -------------------
/opt/airflow/dags/fraud_pipeline_dag.py                           1           0  0.09s           2026-09-14T16:43:57
================================================================================
[2026-09-14T16:44:43.749+0000] {manager.py:878} INFO - 
================================================================================
DAG File Processing Stats

File Path                                PID    Runtime      # DAGs    # Errors  Last Runtime    Last Run
---------------------------------------  -----  ---------  --------  ----------  --------------  -------------------
/opt/airflow/dags/fraud_pipeline_dag.py                           1           0  0.11s           2026-09-14T16:44:27
================================================================================
[2026-09-14T16:45:13.988+0000] {manager.py:878} INFO - 
================================================================================
DAG File Processing Stats

File Path                                PID    Runtime      # DAGs    # Errors  Last Runtime    Last Run
---------------------------------------  -----  ---------  --------  ----------  --------------  -------------------
/opt/airflow/dags/fraud_pipeline_dag.py                           1           0  0.09s           2026-09-14T16:44:57
================================================================================
[2026-09-14T16:45:44.156+0000] {manager.py:878} INFO - 
================================================================================
DAG File Processing Stats

File Path                                PID    Runtime      # DAGs    # Errors  Last Runtime    Last Run
---------------------------------------  -----  ---------  --------  ----------  --------------  -------------------
/opt/airflow/dags/fraud_pipeline_dag.py                           1           0  0.17s           2026-09-14T16:45:28
================================================================================
[2026-09-14T16:46:14.330+0000] {manager.py:878} INFO - 
================================================================================
DAG File Processing Stats

File Path                                PID    Runtime      # DAGs    # Errors  Last Runtime    Last Run
---------------------------------------  -----  ---------  --------  ----------  --------------  -------------------
/opt/airflow/dags/fraud_pipeline_dag.py                           1           0  0.10s           2026-09-14T16:45:58
================================================================================
[2026-09-14T16:46:32.457+0000] {manager.py:737} INFO - Searching for files in /opt/airflow/dags
[2026-09-14T16:46:32.472+0000] {manager.py:740} INFO - There are 1 files in /opt/airflow/dags
[2026-09-14T16:46:44.546+0000] {manager.py:878} INFO - 
================================================================================
DAG File Processing Stats

File Path                                PID    Runtime      # DAGs    # Errors  Last Runtime    Last Run
---------------------------------------  -----  ---------  --------  ----------  --------------  -------------------
/opt/airflow/dags/fraud_pipeline_dag.py                           1           0  0.09s           2026-09-14T16:46:28
================================================================================
[2026-09-14T16:47:14.765+0000] {manager.py:878} INFO - 
================================================================================
DAG File Processing Stats

File Path                                PID    Runtime      # DAGs    # Errors  Last Runtime    Last Run
---------------------------------------  -----  ---------  --------  ----------  --------------  -------------------
/opt/airflow/dags/fraud_pipeline_dag.py                           1           0  0.09s           2026-09-14T16:46:58
================================================================================
[2026-09-14T16:47:44.947+0000] {manager.py:878} INFO - 
================================================================================
DAG File Processing Stats

File Path                                PID    Runtime      # DAGs    # Errors  Last Runtime    Last Run
---------------------------------------  -----  ---------  --------  ----------  --------------  -------------------
/opt/airflow/dags/fraud_pipeline_dag.py                           1           0  0.09s           2026-09-14T16:47:28
================================================================================
[2026-09-14T16:48:15.177+0000] {manager.py:878} INFO - 
================================================================================
DAG File Processing Stats

File Path                                PID    Runtime      # DAGs    # Errors  Last Runtime    Last Run
---------------------------------------  -----  ---------  --------  ----------  --------------  -------------------
/opt/airflow/dags/fraud_pipeline_dag.py                           1           0  0.11s           2026-09-14T16:47:59
================================================================================
[2026-09-14T16:48:45.373+0000] {manager.py:878} INFO - 
================================================================================
DAG File Processing Stats

File Path                                PID    Runtime      # DAGs    # Errors  Last Runtime    Last Run
---------------------------------------  -----  ---------  --------  ----------  --------------  -------------------
/opt/airflow/dags/fraud_pipeline_dag.py                           1           0  0.10s           2026-09-14T16:48:29
================================================================================
[2026-09-14T16:49:15.568+0000] {manager.py:878} INFO - 
================================================================================
DAG File Processing Stats

File Path                                PID    Runtime      # DAGs    # Errors  Last Runtime    Last Run
---------------------------------------  -----  ---------  --------  ----------  --------------  -------------------
/opt/airflow/dags/fraud_pipeline_dag.py                           1           0  0.10s           2026-09-14T16:48:59
================================================================================
[2026-09-14T16:49:45.757+0000] {manager.py:878} INFO - 
================================================================================
DAG File Processing Stats

File Path                                PID    Runtime      # DAGs    # Errors  Last Runtime    Last Run
---------------------------------------  -----  ---------  --------  ----------  --------------  -------------------
/opt/airflow/dags/fraud_pipeline_dag.py                           1           0  0.09s           2026-09-14T16:49:29
================================================================================
[2026-09-14T16:50:15.992+0000] {manager.py:878} INFO - 
================================================================================
DAG File Processing Stats

File Path                                PID    Runtime      # DAGs    # Errors  Last Runtime    Last Run
---------------------------------------  -----  ---------  --------  ----------  --------------  -------------------
/opt/airflow/dags/fraud_pipeline_dag.py                           1           0  0.10s           2026-09-14T16:49:59
================================================================================
[2026-09-14T16:50:46.198+0000] {manager.py:878} INFO - 
================================================================================
DAG File Processing Stats

File Path                                PID    Runtime      # DAGs    # Errors  Last Runtime    Last Run
---------------------------------------  -----  ---------  --------  ----------  --------------  -------------------
/opt/airflow/dags/fraud_pipeline_dag.py                           1           0  0.10s           2026-09-14T16:50:30
================================================================================
[2026-09-14T16:51:16.411+0000] {manager.py:878} INFO - 
================================================================================
DAG File Processing Stats

File Path                                PID    Runtime      # DAGs    # Errors  Last Runtime    Last Run
---------------------------------------  -----  ---------  --------  ----------  --------------  -------------------
/opt/airflow/dags/fraud_pipeline_dag.py                           1           0  0.13s           2026-09-14T16:51:00
================================================================================
[2026-09-14T16:51:32.552+0000] {manager.py:737} INFO - Searching for files in /opt/airflow/dags
[2026-09-14T16:51:32.563+0000] {manager.py:740} INFO - There are 1 files in /opt/airflow/dags
[2026-09-14T16:51:46.672+0000] {manager.py:878} INFO - 
================================================================================
DAG File Processing Stats

File Path                                PID    Runtime      # DAGs    # Errors  Last Runtime    Last Run
---------------------------------------  -----  ---------  --------  ----------  --------------  -------------------
/opt/airflow/dags/fraud_pipeline_dag.py                           1           0  0.10s           2026-09-14T16:51:30
================================================================================
[2026-09-14T16:52:16.837+0000] {manager.py:878} INFO - 
================================================================================
DAG File Processing Stats

File Path                                PID    Runtime      # DAGs    # Errors  Last Runtime    Last Run
---------------------------------------  -----  ---------  --------  ----------  --------------  -------------------
/opt/airflow/dags/fraud_pipeline_dag.py                           1           0  0.10s           2026-09-14T16:52:00
================================================================================
[2026-09-14T16:52:47.083+0000] {manager.py:878} INFO - 
================================================================================
DAG File Processing Stats

File Path                                PID    Runtime      # DAGs    # Errors  Last Runtime    Last Run
---------------------------------------  -----  ---------  --------  ----------  --------------  -------------------
/opt/airflow/dags/fraud_pipeline_dag.py                           1           0  0.09s           2026-09-14T16:52:31
================================================================================
[2026-09-14T16:53:17.260+0000] {manager.py:878} INFO - 
================================================================================
DAG File Processing Stats

File Path                                PID    Runtime      # DAGs    # Errors  Last Runtime    Last Run
---------------------------------------  -----  ---------  --------  ----------  --------------  -------------------
/opt/airflow/dags/fraud_pipeline_dag.py                           1           0  0.10s           2026-09-14T16:53:01
================================================================================
[2026-09-14T16:53:47.499+0000] {manager.py:878} INFO - 
================================================================================
DAG File Processing Stats

File Path                                PID    Runtime      # DAGs    # Errors  Last Runtime    Last Run
---------------------------------------  -----  ---------  --------  ----------  --------------  -------------------
/opt/airflow/dags/fraud_pipeline_dag.py                           1           0  0.10s           2026-09-14T16:53:31
================================================================================
[2026-09-14T16:54:17.696+0000] {manager.py:878} INFO - 
================================================================================
DAG File Processing Stats

File Path                                PID    Runtime      # DAGs    # Errors  Last Runtime    Last Run
---------------------------------------  -----  ---------  --------  ----------  --------------  -------------------
/opt/airflow/dags/fraud_pipeline_dag.py                           1           0  0.10s           2026-09-14T16:54:01
================================================================================
[2026-09-14T16:54:47.887+0000] {manager.py:878} INFO - 
================================================================================
DAG File Processing Stats

File Path                                PID    Runtime      # DAGs    # Errors  Last Runtime    Last Run
---------------------------------------  -----  ---------  --------  ----------  --------------  -------------------
/opt/airflow/dags/fraud_pipeline_dag.py                           1           0  0.09s           2026-09-14T16:54:31
================================================================================
[2026-09-14T16:55:18.099+0000] {manager.py:878} INFO - 
================================================================================
DAG File Processing Stats

File Path                                PID    Runtime      # DAGs    # Errors  Last Runtime    Last Run
---------------------------------------  -----  ---------  --------  ----------  --------------  -------------------
/opt/airflow/dags/fraud_pipeline_dag.py                           1           0  0.11s           2026-09-14T16:55:02
================================================================================
[2026-09-14T16:55:48.315+0000] {manager.py:878} INFO - 
================================================================================
DAG File Processing Stats

File Path                                PID    Runtime      # DAGs    # Errors  Last Runtime    Last Run
---------------------------------------  -----  ---------  --------  ----------  --------------  -------------------
/opt/airflow/dags/fraud_pipeline_dag.py                           1           0  0.09s           2026-09-14T16:55:32
================================================================================
[2026-09-14T16:56:18.517+0000] {manager.py:878} INFO - 
================================================================================
DAG File Processing Stats

File Path                                PID    Runtime      # DAGs    # Errors  Last Runtime    Last Run
---------------------------------------  -----  ---------  --------  ----------  --------------  -------------------
/opt/airflow/dags/fraud_pipeline_dag.py                           1           0  0.10s           2026-09-14T16:56:02
================================================================================
[2026-09-14T16:56:32.600+0000] {manager.py:737} INFO - Searching for files in /opt/airflow/dags
[2026-09-14T16:56:32.611+0000] {manager.py:740} INFO - There are 1 files in /opt/airflow/dags
[2026-09-14T16:56:48.751+0000] {manager.py:878} INFO - 
================================================================================
DAG File Processing Stats

File Path                                PID    Runtime      # DAGs    # Errors  Last Runtime    Last Run
---------------------------------------  -----  ---------  --------  ----------  --------------  -------------------
/opt/airflow/dags/fraud_pipeline_dag.py                           1           0  0.10s           2026-09-14T16:56:32
================================================================================
[2026-09-14T16:57:18.957+0000] {manager.py:878} INFO - 
================================================================================
DAG File Processing Stats

File Path                                PID    Runtime      # DAGs    # Errors  Last Runtime    Last Run
---------------------------------------  -----  ---------  --------  ----------  --------------  -------------------
/opt/airflow/dags/fraud_pipeline_dag.py                           1           0  0.09s           2026-09-14T16:57:02
================================================================================
[2026-09-14T16:57:49.128+0000] {manager.py:878} INFO - 
================================================================================
DAG File Processing Stats

File Path                                PID    Runtime      # DAGs    # Errors  Last Runtime    Last Run
---------------------------------------  -----  ---------  --------  ----------  --------------  -------------------
/opt/airflow/dags/fraud_pipeline_dag.py                           1           0  0.10s           2026-09-14T16:57:33
================================================================================
[2026-09-14T16:58:19.364+0000] {manager.py:878} INFO - 
================================================================================
DAG File Processing Stats

File Path                                PID    Runtime      # DAGs    # Errors  Last Runtime    Last Run
---------------------------------------  -----  ---------  --------  ----------  --------------  -------------------
/opt/airflow/dags/fraud_pipeline_dag.py                           1           0  0.09s           2026-09-14T16:58:03
================================================================================
[2026-09-14T16:58:49.576+0000] {manager.py:878} INFO - 
================================================================================
DAG File Processing Stats

File Path                                PID    Runtime      # DAGs    # Errors  Last Runtime    Last Run
---------------------------------------  -----  ---------  --------  ----------  --------------  -------------------
/opt/airflow/dags/fraud_pipeline_dag.py                           1           0  0.11s           2026-09-14T16:58:33
================================================================================
[2026-09-14T16:59:19.810+0000] {manager.py:878} INFO - 
================================================================================
DAG File Processing Stats

File Path                                PID    Runtime      # DAGs    # Errors  Last Runtime    Last Run
---------------------------------------  -----  ---------  --------  ----------  --------------  -------------------
/opt/airflow/dags/fraud_pipeline_dag.py                           1           0  0.08s           2026-09-14T16:59:03
================================================================================
[2026-09-14T16:59:50.007+0000] {manager.py:878} INFO - 
================================================================================
DAG File Processing Stats

File Path                                PID    Runtime      # DAGs    # Errors  Last Runtime    Last Run
---------------------------------------  -----  ---------  --------  ----------  --------------  -------------------
/opt/airflow/dags/fraud_pipeline_dag.py                           1           0  0.11s           2026-09-14T16:59:34
================================================================================
[2026-09-14T17:00:20.240+0000] {manager.py:878} INFO - 
================================================================================
DAG File Processing Stats

File Path                                PID    Runtime      # DAGs    # Errors  Last Runtime    Last Run
---------------------------------------  -----  ---------  --------  ----------  --------------  -------------------
/opt/airflow/dags/fraud_pipeline_dag.py                           1           0  0.11s           2026-09-14T17:00:04
================================================================================
[2026-09-14T17:00:50.577+0000] {manager.py:878} INFO - 
================================================================================
DAG File Processing Stats

File Path                                PID    Runtime      # DAGs    # Errors  Last Runtime    Last Run
---------------------------------------  -----  ---------  --------  ----------  --------------  -------------------
/opt/airflow/dags/fraud_pipeline_dag.py                           1           0  0.12s           2026-09-14T17:00:41
================================================================================
[2026-09-14T17:01:20.820+0000] {manager.py:878} INFO - 
================================================================================
DAG File Processing Stats

File Path                                PID    Runtime      # DAGs    # Errors  Last Runtime    Last Run
---------------------------------------  -----  ---------  --------  ----------  --------------  -------------------
/opt/airflow/dags/fraud_pipeline_dag.py                           1           0  0.12s           2026-09-14T17:01:08
================================================================================
[2026-09-14T17:01:32.908+0000] {manager.py:737} INFO - Searching for files in /opt/airflow/dags
[2026-09-14T17:01:32.919+0000] {manager.py:740} INFO - There are 1 files in /opt/airflow/dags
[2026-09-14T17:01:51.041+0000] {manager.py:878} INFO - 
================================================================================
DAG File Processing Stats

File Path                                PID    Runtime      # DAGs    # Errors  Last Runtime    Last Run
---------------------------------------  -----  ---------  --------  ----------  --------------  -------------------
/opt/airflow/dags/fraud_pipeline_dag.py                           1           0  0.09s           2026-09-14T17:01:39
================================================================================
[2026-09-14T17:02:21.259+0000] {manager.py:878} INFO - 
================================================================================
DAG File Processing Stats

File Path                                PID    Runtime      # DAGs    # Errors  Last Runtime    Last Run
---------------------------------------  -----  ---------  --------  ----------  --------------  -------------------
/opt/airflow/dags/fraud_pipeline_dag.py                           1           0  0.11s           2026-09-14T17:02:09
================================================================================
[2026-09-14T17:02:30.723+0000] {manager.py:452} INFO - Exiting gracefully upon receiving signal 15
[2026-09-14T17:03:48.833+0000] {manager.py:470} INFO - Processing files using up to 2 processes at a time 
[2026-09-14T17:03:48.834+0000] {manager.py:471} INFO - Process each file at most once every 30 seconds
[2026-09-14T17:03:48.834+0000] {manager.py:472} INFO - Checking for new files in /opt/airflow/dags every 300 seconds
[2026-09-14T17:03:48.835+0000] {manager.py:737} INFO - Searching for files in /opt/airflow/dags
[2026-09-14T17:03:48.844+0000] {manager.py:740} INFO - There are 1 files in /opt/airflow/dags
[2026-09-14T17:03:48.949+0000] {manager.py:878} INFO - 
================================================================================
DAG File Processing Stats

File Path                                  PID  Runtime      # DAGs    # Errors  Last Runtime    Last Run
---------------------------------------  -----  ---------  --------  ----------  --------------  ----------
/opt/airflow/dags/fraud_pipeline_dag.py    185  0.04s             0           0
================================================================================
[2026-09-14T17:04:19.112+0000] {manager.py:878} INFO - 
================================================================================
DAG File Processing Stats

File Path                                  PID  Runtime      # DAGs    # Errors  Last Runtime    Last Run
---------------------------------------  -----  ---------  --------  ----------  --------------  -------------------
/opt/airflow/dags/fraud_pipeline_dag.py    190  0.00s             1           0  0.10s           2026-09-14T17:03:49
================================================================================
[2026-09-14T17:04:49.307+0000] {manager.py:878} INFO - 
================================================================================
DAG File Processing Stats

File Path                                PID    Runtime      # DAGs    # Errors  Last Runtime    Last Run
---------------------------------------  -----  ---------  --------  ----------  --------------  -------------------
/opt/airflow/dags/fraud_pipeline_dag.py                           1           0  0.23s           2026-09-14T17:04:19
================================================================================
[2026-09-14T17:05:19.691+0000] {manager.py:878} INFO - 
================================================================================
DAG File Processing Stats

File Path                                PID    Runtime      # DAGs    # Errors  Last Runtime    Last Run
---------------------------------------  -----  ---------  --------  ----------  --------------  -------------------
/opt/airflow/dags/fraud_pipeline_dag.py                           1           0  0.18s           2026-09-14T17:04:49
================================================================================
[2026-09-14T17:05:50.016+0000] {manager.py:878} INFO - 
================================================================================
DAG File Processing Stats

File Path                                  PID  Runtime      # DAGs    # Errors  Last Runtime    Last Run
---------------------------------------  -----  ---------  --------  ----------  --------------  -------------------
/opt/airflow/dags/fraud_pipeline_dag.py    218  0.00s             1           0  0.11s           2026-09-14T17:05:19
================================================================================
[2026-09-14T17:06:20.267+0000] {manager.py:878} INFO - 
================================================================================
DAG File Processing Stats

File Path                                  PID  Runtime      # DAGs    # Errors  Last Runtime    Last Run
---------------------------------------  -----  ---------  --------  ----------  --------------  -------------------
/opt/airflow/dags/fraud_pipeline_dag.py    223  0.00s             1           0  0.10s           2026-09-14T17:05:50
================================================================================
[2026-09-14T17:06:50.459+0000] {manager.py:878} INFO - 
================================================================================
DAG File Processing Stats

File Path                                  PID  Runtime      # DAGs    # Errors  Last Runtime    Last Run
---------------------------------------  -----  ---------  --------  ----------  --------------  -------------------
/opt/airflow/dags/fraud_pipeline_dag.py    228  0.00s             1           0  0.09s           2026-09-14T17:06:20
================================================================================
[2026-09-14T17:07:20.684+0000] {manager.py:878} INFO - 
================================================================================
DAG File Processing Stats

File Path                                  PID  Runtime      # DAGs    # Errors  Last Runtime    Last Run
---------------------------------------  -----  ---------  --------  ----------  --------------  -------------------
/opt/airflow/dags/fraud_pipeline_dag.py    233  0.00s             1           0  0.10s           2026-09-14T17:06:50
================================================================================
[2026-09-14T17:07:50.888+0000] {manager.py:878} INFO - 
================================================================================
DAG File Processing Stats

File Path                                  PID  Runtime      # DAGs    # Errors  Last Runtime    Last Run
---------------------------------------  -----  ---------  --------  ----------  --------------  -------------------
/opt/airflow/dags/fraud_pipeline_dag.py    238  0.00s             1           0  0.13s           2026-09-14T17:07:20
================================================================================
[2026-09-14T17:08:21.123+0000] {manager.py:878} INFO - 
================================================================================
DAG File Processing Stats

File Path                                  PID  Runtime      # DAGs    # Errors  Last Runtime    Last Run
---------------------------------------  -----  ---------  --------  ----------  --------------  -------------------
/opt/airflow/dags/fraud_pipeline_dag.py    243  0.00s             1           0  0.10s           2026-09-14T17:07:50
================================================================================
[2026-09-14T17:08:49.276+0000] {manager.py:737} INFO - Searching for files in /opt/airflow/dags
[2026-09-14T17:08:49.283+0000] {manager.py:740} INFO - There are 1 files in /opt/airflow/dags
[2026-09-14T17:08:51.313+0000] {manager.py:878} INFO - 
================================================================================
DAG File Processing Stats

File Path                                  PID  Runtime      # DAGs    # Errors  Last Runtime    Last Run
---------------------------------------  -----  ---------  --------  ----------  --------------  -------------------
/opt/airflow/dags/fraud_pipeline_dag.py    248  0.00s             1           0  0.12s           2026-09-14T17:08:21
================================================================================
[2026-09-14T17:09:02.077+0000] {manager.py:452} INFO - Exiting gracefully upon receiving signal 15
[2026-09-14T17:10:29.832+0000] {manager.py:470} INFO - Processing files using up to 2 processes at a time 
[2026-09-14T17:10:29.833+0000] {manager.py:471} INFO - Process each file at most once every 30 seconds
[2026-09-14T17:10:29.834+0000] {manager.py:472} INFO - Checking for new files in /opt/airflow/dags every 300 seconds
[2026-09-14T17:10:29.835+0000] {manager.py:737} INFO - Searching for files in /opt/airflow/dags
[2026-09-14T17:10:29.848+0000] {manager.py:740} INFO - There are 1 files in /opt/airflow/dags
[2026-09-14T17:10:29.966+0000] {manager.py:878} INFO - 
================================================================================
DAG File Processing Stats

File Path                                  PID  Runtime      # DAGs    # Errors  Last Runtime    Last Run
---------------------------------------  -----  ---------  --------  ----------  --------------  ----------
/opt/airflow/dags/fraud_pipeline_dag.py    185  0.04s             0           0
================================================================================
[2026-09-14T17:11:00.127+0000] {manager.py:878} INFO - 
================================================================================
DAG File Processing Stats

File Path                                  PID  Runtime      # DAGs    # Errors  Last Runtime    Last Run
---------------------------------------  -----  ---------  --------  ----------  --------------  -------------------
/opt/airflow/dags/fraud_pipeline_dag.py    193  0.01s             1           0  0.11s           2026-09-14T17:10:30
================================================================================
[2026-09-14T17:11:30.339+0000] {manager.py:878} INFO - 
================================================================================
DAG File Processing Stats

File Path                                PID    Runtime      # DAGs    # Errors  Last Runtime    Last Run
---------------------------------------  -----  ---------  --------  ----------  --------------  -------------------
/opt/airflow/dags/fraud_pipeline_dag.py                           1           0  0.39s           2026-09-14T17:11:00
================================================================================
[2026-09-14T17:12:00.820+0000] {manager.py:878} INFO - 
================================================================================
DAG File Processing Stats

File Path                                  PID  Runtime      # DAGs    # Errors  Last Runtime    Last Run
---------------------------------------  -----  ---------  --------  ----------  --------------  -------------------
/opt/airflow/dags/fraud_pipeline_dag.py    212  0.00s             1           0  0.13s           2026-09-14T17:11:30
================================================================================
[2026-09-14T17:12:30.970+0000] {manager.py:878} INFO - 
================================================================================
DAG File Processing Stats

File Path                                  PID  Runtime      # DAGs    # Errors  Last Runtime    Last Run
---------------------------------------  -----  ---------  --------  ----------  --------------  -------------------
/opt/airflow/dags/fraud_pipeline_dag.py    217  0.00s             1           0  0.12s           2026-09-14T17:12:00
================================================================================
[2026-09-14T17:13:01.196+0000] {manager.py:878} INFO - 
================================================================================
DAG File Processing Stats

File Path                                  PID  Runtime      # DAGs    # Errors  Last Runtime    Last Run
---------------------------------------  -----  ---------  --------  ----------  --------------  -------------------
/opt/airflow/dags/fraud_pipeline_dag.py    222  0.00s             1           0  0.10s           2026-09-14T17:12:31
================================================================================
[2026-09-14T17:13:31.351+0000] {manager.py:878} INFO - 
================================================================================
DAG File Processing Stats

File Path                                  PID  Runtime      # DAGs    # Errors  Last Runtime    Last Run
---------------------------------------  -----  ---------  --------  ----------  --------------  -------------------
/opt/airflow/dags/fraud_pipeline_dag.py    227  0.00s             1           0  0.12s           2026-09-14T17:13:01
================================================================================
[2026-09-14T17:14:01.574+0000] {manager.py:878} INFO - 
================================================================================
DAG File Processing Stats

File Path                                  PID  Runtime      # DAGs    # Errors  Last Runtime    Last Run
---------------------------------------  -----  ---------  --------  ----------  --------------  -------------------
/opt/airflow/dags/fraud_pipeline_dag.py    232  0.00s             1           0  0.10s           2026-09-14T17:13:31
================================================================================
[2026-09-14T17:14:31.732+0000] {manager.py:878} INFO - 
================================================================================
DAG File Processing Stats

File Path                                  PID  Runtime      # DAGs    # Errors  Last Runtime    Last Run
---------------------------------------  -----  ---------  --------  ----------  --------------  -------------------
/opt/airflow/dags/fraud_pipeline_dag.py    237  0.00s             1           0  0.12s           2026-09-14T17:14:01
================================================================================
[2026-09-14T17:15:01.937+0000] {manager.py:878} INFO - 
================================================================================
DAG File Processing Stats

File Path                                  PID  Runtime      # DAGs    # Errors  Last Runtime    Last Run
---------------------------------------  -----  ---------  --------  ----------  --------------  -------------------
/opt/airflow/dags/fraud_pipeline_dag.py    242  0.00s             1           0  0.12s           2026-09-14T17:14:31
================================================================================
[2026-09-14T17:15:30.107+0000] {manager.py:737} INFO - Searching for files in /opt/airflow/dags
[2026-09-14T17:15:30.120+0000] {manager.py:740} INFO - There are 1 files in /opt/airflow/dags
[2026-09-14T17:15:32.146+0000] {manager.py:878} INFO - 
================================================================================
DAG File Processing Stats

File Path                                  PID  Runtime      # DAGs    # Errors  Last Runtime    Last Run
---------------------------------------  -----  ---------  --------  ----------  --------------  -------------------
/opt/airflow/dags/fraud_pipeline_dag.py    247  0.00s             1           0  0.10s           2026-09-14T17:15:02
================================================================================
[2026-09-14T17:15:35.878+0000] {manager.py:452} INFO - Exiting gracefully upon receiving signal 15
[2026-09-14T17:17:05.616+0000] {manager.py:470} INFO - Processing files using up to 2 processes at a time 
[2026-09-14T17:17:05.618+0000] {manager.py:471} INFO - Process each file at most once every 30 seconds
[2026-09-14T17:17:05.619+0000] {manager.py:472} INFO - Checking for new files in /opt/airflow/dags every 300 seconds
[2026-09-14T17:17:05.620+0000] {manager.py:737} INFO - Searching for files in /opt/airflow/dags
[2026-09-14T17:17:05.645+0000] {manager.py:740} INFO - There are 1 files in /opt/airflow/dags
[2026-09-14T17:17:05.776+0000] {manager.py:878} INFO - 
================================================================================
DAG File Processing Stats

File Path                                  PID  Runtime      # DAGs    # Errors  Last Runtime    Last Run
---------------------------------------  -----  ---------  --------  ----------  --------------  ----------
/opt/airflow/dags/fraud_pipeline_dag.py    192  0.03s             0           0
================================================================================
[2026-09-14T17:17:35.939+0000] {manager.py:878} INFO - 
================================================================================
DAG File Processing Stats

File Path                                  PID  Runtime      # DAGs    # Errors  Last Runtime    Last Run
---------------------------------------  -----  ---------  --------  ----------  --------------  -------------------
/opt/airflow/dags/fraud_pipeline_dag.py    200  0.01s             1           0  0.10s           2026-09-14T17:17:05
================================================================================
[2026-09-14T17:18:06.150+0000] {manager.py:878} INFO - 
================================================================================
DAG File Processing Stats

File Path                                PID    Runtime      # DAGs    # Errors  Last Runtime    Last Run
---------------------------------------  -----  ---------  --------  ----------  --------------  -------------------
/opt/airflow/dags/fraud_pipeline_dag.py                           1           0  0.32s           2026-09-14T17:17:36
================================================================================
[2026-09-14T17:18:36.579+0000] {manager.py:878} INFO - 
================================================================================
DAG File Processing Stats

File Path                                  PID  Runtime      # DAGs    # Errors  Last Runtime    Last Run
---------------------------------------  -----  ---------  --------  ----------  --------------  -------------------
/opt/airflow/dags/fraud_pipeline_dag.py    221  0.00s             1           0  0.12s           2026-09-14T17:18:06
================================================================================
[2026-09-14T17:19:06.840+0000] {manager.py:878} INFO - 
================================================================================
DAG File Processing Stats

File Path                                  PID  Runtime      # DAGs    # Errors  Last Runtime    Last Run
---------------------------------------  -----  ---------  --------  ----------  --------------  -------------------
/opt/airflow/dags/fraud_pipeline_dag.py    226  0.00s             1           0  0.10s           2026-09-14T17:18:36
================================================================================
[2026-09-14T17:19:37.032+0000] {manager.py:878} INFO - 
================================================================================
DAG File Processing Stats

File Path                                  PID  Runtime      # DAGs    # Errors  Last Runtime    Last Run
---------------------------------------  -----  ---------  --------  ----------  --------------  -------------------
/opt/airflow/dags/fraud_pipeline_dag.py    231  0.00s             1           0  0.09s           2026-09-14T17:19:06
================================================================================
[2026-09-14T17:20:07.252+0000] {manager.py:878} INFO - 
================================================================================
DAG File Processing Stats

File Path                                  PID  Runtime      # DAGs    # Errors  Last Runtime    Last Run
---------------------------------------  -----  ---------  --------  ----------  --------------  -------------------
/opt/airflow/dags/fraud_pipeline_dag.py    236  0.00s             1           0  0.09s           2026-09-14T17:19:37
================================================================================
[2026-09-14T17:20:37.440+0000] {manager.py:878} INFO - 
================================================================================
DAG File Processing Stats

File Path                                  PID  Runtime      # DAGs    # Errors  Last Runtime    Last Run
---------------------------------------  -----  ---------  --------  ----------  --------------  -------------------
/opt/airflow/dags/fraud_pipeline_dag.py    241  0.00s             1           0  0.09s           2026-09-14T17:20:07
================================================================================
[2026-09-14T17:21:07.675+0000] {manager.py:878} INFO - 
================================================================================
DAG File Processing Stats

File Path                                  PID  Runtime      # DAGs    # Errors  Last Runtime    Last Run
---------------------------------------  -----  ---------  --------  ----------  --------------  -------------------
/opt/airflow/dags/fraud_pipeline_dag.py    246  0.00s             1           0  0.09s           2026-09-14T17:20:37
================================================================================
[2026-09-14T17:21:37.850+0000] {manager.py:878} INFO - 
================================================================================
DAG File Processing Stats

File Path                                  PID  Runtime      # DAGs    # Errors  Last Runtime    Last Run
---------------------------------------  -----  ---------  --------  ----------  --------------  -------------------
/opt/airflow/dags/fraud_pipeline_dag.py    251  0.01s             1           0  0.14s           2026-09-14T17:21:07
================================================================================
[2026-09-14T17:21:40.646+0000] {manager.py:452} INFO - Exiting gracefully upon receiving signal 15
[2026-09-14T17:23:10.807+0000] {manager.py:470} INFO - Processing files using up to 2 processes at a time 
[2026-09-14T17:23:10.808+0000] {manager.py:471} INFO - Process each file at most once every 30 seconds
[2026-09-14T17:23:10.809+0000] {manager.py:472} INFO - Checking for new files in /opt/airflow/dags every 300 seconds
[2026-09-14T17:23:10.810+0000] {manager.py:737} INFO - Searching for files in /opt/airflow/dags
[2026-09-14T17:23:10.819+0000] {manager.py:740} INFO - There are 1 files in /opt/airflow/dags
[2026-09-14T17:23:10.922+0000] {manager.py:878} INFO - 
================================================================================
DAG File Processing Stats

File Path                                  PID  Runtime      # DAGs    # Errors  Last Runtime    Last Run
---------------------------------------  -----  ---------  --------  ----------  --------------  ----------
/opt/airflow/dags/fraud_pipeline_dag.py    192  0.03s             0           0
================================================================================
[2026-09-14T17:23:41.102+0000] {manager.py:878} INFO - 
================================================================================
DAG File Processing Stats

File Path                                  PID  Runtime      # DAGs    # Errors  Last Runtime    Last Run
---------------------------------------  -----  ---------  --------  ----------  --------------  -------------------
/opt/airflow/dags/fraud_pipeline_dag.py    197  0.00s             1           0  0.11s           2026-09-14T17:23:10
================================================================================
[2026-09-14T17:24:11.313+0000] {manager.py:878} INFO - 
================================================================================
DAG File Processing Stats

File Path                                PID    Runtime      # DAGs    # Errors  Last Runtime    Last Run
---------------------------------------  -----  ---------  --------  ----------  --------------  -------------------
/opt/airflow/dags/fraud_pipeline_dag.py                           1           0  0.27s           2026-09-14T17:23:41
================================================================================
[2026-09-14T17:24:41.693+0000] {manager.py:878} INFO - 
================================================================================
DAG File Processing Stats

File Path                                  PID  Runtime      # DAGs    # Errors  Last Runtime    Last Run
---------------------------------------  -----  ---------  --------  ----------  --------------  -------------------
/opt/airflow/dags/fraud_pipeline_dag.py    221  0.00s             1           0  0.10s           2026-09-14T17:24:11
================================================================================
[2026-09-14T17:25:11.955+0000] {manager.py:878} INFO - 
================================================================================
DAG File Processing Stats

File Path                                  PID  Runtime      # DAGs    # Errors  Last Runtime    Last Run
---------------------------------------  -----  ---------  --------  ----------  --------------  -------------------
/opt/airflow/dags/fraud_pipeline_dag.py    226  0.00s             1           0  0.10s           2026-09-14T17:24:41
================================================================================
[2026-09-14T17:25:42.137+0000] {manager.py:878} INFO - 
================================================================================
DAG File Processing Stats

File Path                                  PID  Runtime      # DAGs    # Errors  Last Runtime    Last Run
---------------------------------------  -----  ---------  --------  ----------  --------------  -------------------
/opt/airflow/dags/fraud_pipeline_dag.py    231  0.00s             1           0  0.11s           2026-09-14T17:25:12
================================================================================
[2026-09-14T17:26:12.352+0000] {manager.py:878} INFO - 
================================================================================
DAG File Processing Stats

File Path                                  PID  Runtime      # DAGs    # Errors  Last Runtime    Last Run
---------------------------------------  -----  ---------  --------  ----------  --------------  -------------------
/opt/airflow/dags/fraud_pipeline_dag.py    236  0.00s             1           0  0.09s           2026-09-14T17:25:42
================================================================================
[2026-09-14T17:26:42.503+0000] {manager.py:878} INFO - 
================================================================================
DAG File Processing Stats

File Path                                  PID  Runtime      # DAGs    # Errors  Last Runtime    Last Run
---------------------------------------  -----  ---------  --------  ----------  --------------  -------------------
/opt/airflow/dags/fraud_pipeline_dag.py    241  0.00s             1           0  0.13s           2026-09-14T17:26:12
================================================================================
[2026-09-14T17:27:12.691+0000] {manager.py:878} INFO - 
================================================================================
DAG File Processing Stats

File Path                                  PID  Runtime      # DAGs    # Errors  Last Runtime    Last Run
---------------------------------------  -----  ---------  --------  ----------  --------------  -------------------
/opt/airflow/dags/fraud_pipeline_dag.py    246  0.00s             1           0  0.09s           2026-09-14T17:26:42
================================================================================
[2026-09-14T17:27:42.924+0000] {manager.py:878} INFO - 
================================================================================
DAG File Processing Stats

File Path                                  PID  Runtime      # DAGs    # Errors  Last Runtime    Last Run
---------------------------------------  -----  ---------  --------  ----------  --------------  -------------------
/opt/airflow/dags/fraud_pipeline_dag.py    251  0.00s             1           0  0.09s           2026-09-14T17:27:12
================================================================================
[2026-09-14T17:28:11.088+0000] {manager.py:737} INFO - Searching for files in /opt/airflow/dags
[2026-09-14T17:28:11.100+0000] {manager.py:740} INFO - There are 1 files in /opt/airflow/dags
[2026-09-14T17:28:13.129+0000] {manager.py:878} INFO - 
================================================================================
DAG File Processing Stats

File Path                                  PID  Runtime      # DAGs    # Errors  Last Runtime    Last Run
---------------------------------------  -----  ---------  --------  ----------  --------------  -------------------
/opt/airflow/dags/fraud_pipeline_dag.py    256  0.00s             1           0  0.09s           2026-09-14T17:27:43
================================================================================
[2026-09-14T17:28:43.330+0000] {manager.py:878} INFO - 
================================================================================
DAG File Processing Stats

File Path                                  PID  Runtime      # DAGs    # Errors  Last Runtime    Last Run
---------------------------------------  -----  ---------  --------  ----------  --------------  -------------------
/opt/airflow/dags/fraud_pipeline_dag.py    261  0.00s             1           0  0.10s           2026-09-14T17:28:13
================================================================================
[2026-09-14T17:29:13.554+0000] {manager.py:878} INFO - 
================================================================================
DAG File Processing Stats

File Path                                  PID  Runtime      # DAGs    # Errors  Last Runtime    Last Run
---------------------------------------  -----  ---------  --------  ----------  --------------  -------------------
/opt/airflow/dags/fraud_pipeline_dag.py    266  0.00s             1           0  0.10s           2026-09-14T17:28:43
================================================================================
[2026-09-14T17:29:43.762+0000] {manager.py:878} INFO - 
================================================================================
DAG File Processing Stats

File Path                                  PID  Runtime      # DAGs    # Errors  Last Runtime    Last Run
---------------------------------------  -----  ---------  --------  ----------  --------------  -------------------
/opt/airflow/dags/fraud_pipeline_dag.py    271  0.00s             1           0  0.09s           2026-09-14T17:29:13
================================================================================
[2026-09-14T17:30:13.964+0000] {manager.py:878} INFO - 
================================================================================
DAG File Processing Stats

File Path                                  PID  Runtime      # DAGs    # Errors  Last Runtime    Last Run
---------------------------------------  -----  ---------  --------  ----------  --------------  -------------------
/opt/airflow/dags/fraud_pipeline_dag.py    276  0.00s             1           0  0.09s           2026-09-14T17:29:43
================================================================================
[2026-09-14T17:30:29.095+0000] {manager.py:452} INFO - Exiting gracefully upon receiving signal 15
[2026-09-14T17:31:54.096+0000] {manager.py:470} INFO - Processing files using up to 2 processes at a time 
[2026-09-14T17:31:54.097+0000] {manager.py:471} INFO - Process each file at most once every 30 seconds
[2026-09-14T17:31:54.098+0000] {manager.py:472} INFO - Checking for new files in /opt/airflow/dags every 300 seconds
[2026-09-14T17:31:54.098+0000] {manager.py:737} INFO - Searching for files in /opt/airflow/dags
[2026-09-14T17:31:54.108+0000] {manager.py:740} INFO - There are 1 files in /opt/airflow/dags
[2026-09-14T17:31:54.219+0000] {manager.py:878} INFO - 
================================================================================
DAG File Processing Stats

File Path                                  PID  Runtime      # DAGs    # Errors  Last Runtime    Last Run
---------------------------------------  -----  ---------  --------  ----------  --------------  ----------
/opt/airflow/dags/fraud_pipeline_dag.py    192  0.03s             0           0
================================================================================
[2026-09-14T17:32:24.369+0000] {manager.py:878} INFO - 
================================================================================
DAG File Processing Stats

File Path                                  PID  Runtime      # DAGs    # Errors  Last Runtime    Last Run
---------------------------------------  -----  ---------  --------  ----------  --------------  -------------------
/opt/airflow/dags/fraud_pipeline_dag.py    197  0.00s             1           0  0.10s           2026-09-14T17:31:54
================================================================================
[2026-09-14T17:32:54.573+0000] {manager.py:878} INFO - 
================================================================================
DAG File Processing Stats

File Path                                PID    Runtime      # DAGs    # Errors  Last Runtime    Last Run
---------------------------------------  -----  ---------  --------  ----------  --------------  -------------------
/opt/airflow/dags/fraud_pipeline_dag.py                           1           0  0.25s           2026-09-14T17:32:24
================================================================================
[2026-09-14T17:33:24.935+0000] {manager.py:878} INFO - 
================================================================================
DAG File Processing Stats

File Path                                  PID  Runtime      # DAGs    # Errors  Last Runtime    Last Run
---------------------------------------  -----  ---------  --------  ----------  --------------  -------------------
/opt/airflow/dags/fraud_pipeline_dag.py    244  0.00s             1           0  0.09s           2026-09-14T17:32:54
================================================================================
[2026-09-14T17:33:55.183+0000] {manager.py:878} INFO - 
================================================================================
DAG File Processing Stats

File Path                                  PID  Runtime      # DAGs    # Errors  Last Runtime    Last Run
---------------------------------------  -----  ---------  --------  ----------  --------------  -------------------
/opt/airflow/dags/fraud_pipeline_dag.py    249  0.00s             1           0  0.10s           2026-09-14T17:33:25
================================================================================
[2026-09-14T17:34:25.347+0000] {manager.py:878} INFO - 
================================================================================
DAG File Processing Stats

File Path                                  PID  Runtime      # DAGs    # Errors  Last Runtime    Last Run
---------------------------------------  -----  ---------  --------  ----------  --------------  -------------------
/opt/airflow/dags/fraud_pipeline_dag.py    254  0.00s             1           0  0.10s           2026-09-14T17:33:55
================================================================================
[2026-09-14T17:34:55.610+0000] {manager.py:878} INFO - 
================================================================================
DAG File Processing Stats

File Path                                  PID  Runtime      # DAGs    # Errors  Last Runtime    Last Run
---------------------------------------  -----  ---------  --------  ----------  --------------  -------------------
/opt/airflow/dags/fraud_pipeline_dag.py    259  0.00s             1           0  0.09s           2026-09-14T17:34:25
================================================================================
[2026-09-14T17:35:25.793+0000] {manager.py:878} INFO - 
================================================================================
DAG File Processing Stats

File Path                                  PID  Runtime      # DAGs    # Errors  Last Runtime    Last Run
---------------------------------------  -----  ---------  --------  ----------  --------------  -------------------
/opt/airflow/dags/fraud_pipeline_dag.py    264  0.00s             1           0  0.09s           2026-09-14T17:34:55
================================================================================
[2026-09-14T17:35:56.017+0000] {manager.py:878} INFO - 
================================================================================
DAG File Processing Stats

File Path                                  PID  Runtime      # DAGs    # Errors  Last Runtime    Last Run
---------------------------------------  -----  ---------  --------  ----------  --------------  -------------------
/opt/airflow/dags/fraud_pipeline_dag.py    269  0.00s             1           0  0.10s           2026-09-14T17:35:25
================================================================================
[2026-09-14T17:36:24.928+0000] {manager.py:452} INFO - Exiting gracefully upon receiving signal 15
[2026-09-14T17:37:53.000+0000] {manager.py:470} INFO - Processing files using up to 2 processes at a time 
[2026-09-14T17:37:53.001+0000] {manager.py:471} INFO - Process each file at most once every 30 seconds
[2026-09-14T17:37:53.002+0000] {manager.py:472} INFO - Checking for new files in /opt/airflow/dags every 300 seconds
[2026-09-14T17:37:53.003+0000] {manager.py:737} INFO - Searching for files in /opt/airflow/dags
[2026-09-14T17:37:53.014+0000] {manager.py:740} INFO - There are 1 files in /opt/airflow/dags
[2026-09-14T17:37:53.120+0000] {manager.py:878} INFO - 
================================================================================
DAG File Processing Stats

File Path                                  PID  Runtime      # DAGs    # Errors  Last Runtime    Last Run
---------------------------------------  -----  ---------  --------  ----------  --------------  ----------
/opt/airflow/dags/fraud_pipeline_dag.py    192  0.03s             0           0
================================================================================
[2026-09-14T17:38:23.288+0000] {manager.py:878} INFO - 
================================================================================
DAG File Processing Stats

File Path                                  PID  Runtime      # DAGs    # Errors  Last Runtime    Last Run
---------------------------------------  -----  ---------  --------  ----------  --------------  -------------------
/opt/airflow/dags/fraud_pipeline_dag.py    197  0.01s             1           0  0.09s           2026-09-14T17:37:53
================================================================================
[2026-09-14T17:38:53.459+0000] {manager.py:878} INFO - 
================================================================================
DAG File Processing Stats

File Path                                PID    Runtime      # DAGs    # Errors  Last Runtime    Last Run
---------------------------------------  -----  ---------  --------  ----------  --------------  -------------------
/opt/airflow/dags/fraud_pipeline_dag.py                           1           0  0.49s           2026-09-14T17:38:23
================================================================================
[2026-09-14T17:39:24.101+0000] {manager.py:878} INFO - 
================================================================================
DAG File Processing Stats

File Path                                  PID  Runtime      # DAGs    # Errors  Last Runtime    Last Run
---------------------------------------  -----  ---------  --------  ----------  --------------  -------------------
/opt/airflow/dags/fraud_pipeline_dag.py    284  0.00s             1           0  0.13s           2026-09-14T17:38:54
================================================================================
[2026-09-14T17:39:54.262+0000] {manager.py:878} INFO - 
================================================================================
DAG File Processing Stats

File Path                                  PID  Runtime      # DAGs    # Errors  Last Runtime    Last Run
---------------------------------------  -----  ---------  --------  ----------  --------------  -------------------
/opt/airflow/dags/fraud_pipeline_dag.py    289  0.00s             1           0  0.09s           2026-09-14T17:39:24
================================================================================
[2026-09-14T17:40:24.508+0000] {manager.py:878} INFO - 
================================================================================
DAG File Processing Stats

File Path                                  PID  Runtime      # DAGs    # Errors  Last Runtime    Last Run
---------------------------------------  -----  ---------  --------  ----------  --------------  -------------------
/opt/airflow/dags/fraud_pipeline_dag.py    294  0.00s             1           0  0.09s           2026-09-14T17:39:54
================================================================================
[2026-09-14T17:40:54.700+0000] {manager.py:878} INFO - 
================================================================================
DAG File Processing Stats

File Path                                  PID  Runtime      # DAGs    # Errors  Last Runtime    Last Run
---------------------------------------  -----  ---------  --------  ----------  --------------  -------------------
/opt/airflow/dags/fraud_pipeline_dag.py    299  0.00s             1           0  0.10s           2026-09-14T17:40:24
================================================================================
[2026-09-14T17:41:24.920+0000] {manager.py:878} INFO - 
================================================================================
DAG File Processing Stats

File Path                                  PID  Runtime      # DAGs    # Errors  Last Runtime    Last Run
---------------------------------------  -----  ---------  --------  ----------  --------------  -------------------
/opt/airflow/dags/fraud_pipeline_dag.py    304  0.00s             1           0  0.09s           2026-09-14T17:40:54
================================================================================
[2026-09-14T17:41:55.117+0000] {manager.py:878} INFO - 
================================================================================
DAG File Processing Stats

File Path                                  PID  Runtime      # DAGs    # Errors  Last Runtime    Last Run
---------------------------------------  -----  ---------  --------  ----------  --------------  -------------------
/opt/airflow/dags/fraud_pipeline_dag.py    309  0.00s             1           0  0.10s           2026-09-14T17:41:25
================================================================================
[2026-09-14T17:42:25.339+0000] {manager.py:878} INFO - 
================================================================================
DAG File Processing Stats

File Path                                  PID  Runtime      # DAGs    # Errors  Last Runtime    Last Run
---------------------------------------  -----  ---------  --------  ----------  --------------  -------------------
/opt/airflow/dags/fraud_pipeline_dag.py    314  0.01s             1           0  0.10s           2026-09-14T17:41:55
================================================================================
[2026-09-14T17:42:53.502+0000] {manager.py:737} INFO - Searching for files in /opt/airflow/dags
[2026-09-14T17:42:53.524+0000] {manager.py:740} INFO - There are 1 files in /opt/airflow/dags
[2026-09-14T17:42:55.560+0000] {manager.py:878} INFO - 
================================================================================
DAG File Processing Stats

File Path                                  PID  Runtime      # DAGs    # Errors  Last Runtime    Last Run
---------------------------------------  -----  ---------  --------  ----------  --------------  -------------------
/opt/airflow/dags/fraud_pipeline_dag.py    319  0.00s             1           0  0.09s           2026-09-14T17:42:25
================================================================================
[2026-09-14T17:43:25.773+0000] {manager.py:878} INFO - 
================================================================================
DAG File Processing Stats

File Path                                  PID  Runtime      # DAGs    # Errors  Last Runtime    Last Run
---------------------------------------  -----  ---------  --------  ----------  --------------  -------------------
/opt/airflow/dags/fraud_pipeline_dag.py    324  0.00s             1           0  0.11s           2026-09-14T17:42:55
================================================================================
[2026-09-14T17:43:56.031+0000] {manager.py:878} INFO - 
================================================================================
DAG File Processing Stats

File Path                                  PID  Runtime      # DAGs    # Errors  Last Runtime    Last Run
---------------------------------------  -----  ---------  --------  ----------  --------------  -------------------
/opt/airflow/dags/fraud_pipeline_dag.py    329  0.00s             1           0  0.09s           2026-09-14T17:43:25
================================================================================
[2026-09-14T17:44:26.233+0000] {manager.py:878} INFO - 
================================================================================
DAG File Processing Stats

File Path                                  PID  Runtime      # DAGs    # Errors  Last Runtime    Last Run
---------------------------------------  -----  ---------  --------  ----------  --------------  -------------------
/opt/airflow/dags/fraud_pipeline_dag.py    334  0.00s             1           0  0.09s           2026-09-14T17:43:56
================================================================================
[2026-09-14T17:44:56.473+0000] {manager.py:878} INFO - 
================================================================================
DAG File Processing Stats

File Path                                  PID  Runtime      # DAGs    # Errors  Last Runtime    Last Run
---------------------------------------  -----  ---------  --------  ----------  --------------  -------------------
/opt/airflow/dags/fraud_pipeline_dag.py    339  0.00s             1           0  0.09s           2026-09-14T17:44:26
================================================================================
[2026-09-14T17:45:26.670+0000] {manager.py:878} INFO - 
================================================================================
DAG File Processing Stats

File Path                                  PID  Runtime      # DAGs    # Errors  Last Runtime    Last Run
---------------------------------------  -----  ---------  --------  ----------  --------------  -------------------
/opt/airflow/dags/fraud_pipeline_dag.py    344  0.00s             1           0  0.09s           2026-09-14T17:44:56
================================================================================
[2026-09-14T17:45:22.116+0000] {manager.py:878} INFO - 
================================================================================
DAG File Processing Stats

File Path                                PID    Runtime      # DAGs    # Errors  Last Runtime    Last Run
---------------------------------------  -----  ---------  --------  ----------  --------------  -------------------
/opt/airflow/dags/fraud_pipeline_dag.py                           1           0  0.09s           2026-09-14T17:45:26
================================================================================
[2026-09-14T17:45:52.523+0000] {manager.py:878} INFO - 
================================================================================
DAG File Processing Stats

File Path                                PID    Runtime      # DAGs    # Errors  Last Runtime    Last Run
---------------------------------------  -----  ---------  --------  ----------  --------------  -------------------
/opt/airflow/dags/fraud_pipeline_dag.py                           1           0  -34.59s         2026-09-14T17:45:31
================================================================================
[2026-09-14T17:46:22.733+0000] {manager.py:878} INFO - 
================================================================================
DAG File Processing Stats

File Path                                PID    Runtime      # DAGs    # Errors  Last Runtime    Last Run
---------------------------------------  -----  ---------  --------  ----------  --------------  -------------------
/opt/airflow/dags/fraud_pipeline_dag.py                           1           0  0.23s           2026-09-14T17:46:01
================================================================================
[2026-09-14T17:46:53.494+0000] {manager.py:878} INFO - 
================================================================================
DAG File Processing Stats

File Path                                PID    Runtime      # DAGs    # Errors  Last Runtime    Last Run
---------------------------------------  -----  ---------  --------  ----------  --------------  -------------------
/opt/airflow/dags/fraud_pipeline_dag.py                           1           0  -34.59s         2026-09-14T17:46:41
================================================================================
[2026-09-14T17:47:23.683+0000] {manager.py:878} INFO - 
================================================================================
DAG File Processing Stats

File Path                                PID    Runtime      # DAGs    # Errors  Last Runtime    Last Run
---------------------------------------  -----  ---------  --------  ----------  --------------  -------------------
/opt/airflow/dags/fraud_pipeline_dag.py                           1           0  0.16s           2026-09-14T17:47:11
================================================================================
[2026-09-14T17:48:05.618+0000] {manager.py:737} INFO - Searching for files in /opt/airflow/dags
[2026-09-14T17:48:05.635+0000] {manager.py:740} INFO - There are 1 files in /opt/airflow/dags
[2026-09-14T17:47:53.993+0000] {manager.py:878} INFO - 
================================================================================
DAG File Processing Stats

File Path                                PID    Runtime      # DAGs    # Errors  Last Runtime    Last Run
---------------------------------------  -----  ---------  --------  ----------  --------------  -------------------
/opt/airflow/dags/fraud_pipeline_dag.py                           1           0  0.14s           2026-09-14T17:48:05
================================================================================
[2026-09-14T17:48:24.150+0000] {manager.py:878} INFO - 
================================================================================
DAG File Processing Stats

File Path                                PID    Runtime      # DAGs    # Errors  Last Runtime    Last Run
---------------------------------------  -----  ---------  --------  ----------  --------------  -------------------
/opt/airflow/dags/fraud_pipeline_dag.py                           1           0  0.14s           2026-09-14T17:48:05
================================================================================
[2026-09-14T17:48:54.431+0000] {manager.py:878} INFO - 
================================================================================
DAG File Processing Stats

File Path                                PID    Runtime      # DAGs    # Errors  Last Runtime    Last Run
---------------------------------------  -----  ---------  --------  ----------  --------------  -------------------
/opt/airflow/dags/fraud_pipeline_dag.py                           1           0  35.09s          2026-09-14T17:49:11
================================================================================
[2026-09-14T17:49:24.840+0000] {manager.py:878} INFO - 
================================================================================
DAG File Processing Stats

File Path                                PID    Runtime      # DAGs    # Errors  Last Runtime    Last Run
---------------------------------------  -----  ---------  --------  ----------  --------------  -------------------
/opt/airflow/dags/fraud_pipeline_dag.py                           1           0  -34.53s         2026-09-14T17:49:11
================================================================================
[2026-09-14T17:49:55.024+0000] {manager.py:878} INFO - 
================================================================================
DAG File Processing Stats

File Path                                PID    Runtime      # DAGs    # Errors  Last Runtime    Last Run
---------------------------------------  -----  ---------  --------  ----------  --------------  -------------------
/opt/airflow/dags/fraud_pipeline_dag.py                           1           0  -34.57s         2026-09-14T17:49:31
================================================================================
[2026-09-14T17:50:25.336+0000] {manager.py:878} INFO - 
================================================================================
DAG File Processing Stats

File Path                                PID    Runtime      # DAGs    # Errors  Last Runtime    Last Run
---------------------------------------  -----  ---------  --------  ----------  --------------  -------------------
/opt/airflow/dags/fraud_pipeline_dag.py                           1           0  35.10s          2026-09-14T17:50:36
================================================================================
[2026-09-14T17:50:56.020+0000] {manager.py:878} INFO - 
================================================================================
DAG File Processing Stats

File Path                                PID    Runtime      # DAGs    # Errors  Last Runtime    Last Run
---------------------------------------  -----  ---------  --------  ----------  --------------  -------------------
/opt/airflow/dags/fraud_pipeline_dag.py                           1           0  -34.59s         2026-09-14T17:50:41
================================================================================
[2026-09-14T17:51:26.205+0000] {manager.py:878} INFO - 
================================================================================
DAG File Processing Stats

File Path                                PID    Runtime      # DAGs    # Errors  Last Runtime    Last Run
---------------------------------------  -----  ---------  --------  ----------  --------------  -------------------
/opt/airflow/dags/fraud_pipeline_dag.py                           1           0  0.22s           2026-09-14T17:51:12
================================================================================
[2026-09-14T17:51:56.540+0000] {manager.py:878} INFO - 
================================================================================
DAG File Processing Stats

File Path                                PID    Runtime      # DAGs    # Errors  Last Runtime    Last Run
---------------------------------------  -----  ---------  --------  ----------  --------------  -------------------
/opt/airflow/dags/fraud_pipeline_dag.py                           1           0  0.20s           2026-09-14T17:51:42
================================================================================
[2026-09-14T17:52:27.089+0000] {manager.py:878} INFO - 
================================================================================
DAG File Processing Stats

File Path                                PID    Runtime      # DAGs    # Errors  Last Runtime    Last Run
---------------------------------------  -----  ---------  --------  ----------  --------------  -------------------
/opt/airflow/dags/fraud_pipeline_dag.py                           1           0  0.21s           2026-09-14T17:52:35
================================================================================
[2026-09-14T17:52:57.179+0000] {manager.py:878} INFO - 
================================================================================
DAG File Processing Stats

File Path                                PID    Runtime      # DAGs    # Errors  Last Runtime    Last Run
---------------------------------------  -----  ---------  --------  ----------  --------------  -------------------
/opt/airflow/dags/fraud_pipeline_dag.py                           1           0  0.21s           2026-09-14T17:52:35
================================================================================
[2026-09-14T17:53:35.693+0000] {manager.py:737} INFO - Searching for files in /opt/airflow/dags
[2026-09-14T17:53:35.711+0000] {manager.py:740} INFO - There are 1 files in /opt/airflow/dags
[2026-09-14T17:54:01.877+0000] {manager.py:878} INFO - 
================================================================================
DAG File Processing Stats

File Path                                PID    Runtime      # DAGs    # Errors  Last Runtime    Last Run
---------------------------------------  -----  ---------  --------  ----------  --------------  -------------------
/opt/airflow/dags/fraud_pipeline_dag.py                           1           0  0.10s           2026-09-14T17:53:35
================================================================================
[2026-09-14T17:54:32.090+0000] {manager.py:878} INFO - 
================================================================================
DAG File Processing Stats

File Path                                PID    Runtime      # DAGs    # Errors  Last Runtime    Last Run
---------------------------------------  -----  ---------  --------  ----------  --------------  -------------------
/opt/airflow/dags/fraud_pipeline_dag.py                           1           0  0.21s           2026-09-14T17:54:06
================================================================================
[2026-09-14T17:55:02.447+0000] {manager.py:878} INFO - 
================================================================================
DAG File Processing Stats

File Path                                PID    Runtime      # DAGs    # Errors  Last Runtime    Last Run
---------------------------------------  -----  ---------  --------  ----------  --------------  -------------------
/opt/airflow/dags/fraud_pipeline_dag.py                           1           0  0.12s           2026-09-14T17:54:36
================================================================================
[2026-09-14T17:55:32.660+0000] {manager.py:878} INFO - 
================================================================================
DAG File Processing Stats

File Path                                PID    Runtime      # DAGs    # Errors  Last Runtime    Last Run
---------------------------------------  -----  ---------  --------  ----------  --------------  -------------------
/opt/airflow/dags/fraud_pipeline_dag.py                           1           0  0.09s           2026-09-14T17:55:06
================================================================================
[2026-09-14T17:56:02.898+0000] {manager.py:878} INFO - 
================================================================================
DAG File Processing Stats

File Path                                PID    Runtime      # DAGs    # Errors  Last Runtime    Last Run
---------------------------------------  -----  ---------  --------  ----------  --------------  -------------------
/opt/airflow/dags/fraud_pipeline_dag.py                           1           0  0.10s           2026-09-14T17:55:36
================================================================================
[2026-09-14T17:56:33.107+0000] {manager.py:878} INFO - 
================================================================================
DAG File Processing Stats

File Path                                PID    Runtime      # DAGs    # Errors  Last Runtime    Last Run
---------------------------------------  -----  ---------  --------  ----------  --------------  -------------------
/opt/airflow/dags/fraud_pipeline_dag.py                           1           0  0.09s           2026-09-14T17:56:07
================================================================================
[2026-09-14T17:57:03.340+0000] {manager.py:878} INFO - 
================================================================================
DAG File Processing Stats

File Path                                PID    Runtime      # DAGs    # Errors  Last Runtime    Last Run
---------------------------------------  -----  ---------  --------  ----------  --------------  -------------------
/opt/airflow/dags/fraud_pipeline_dag.py                           1           0  0.09s           2026-09-14T17:56:37
================================================================================
[2026-09-14T17:57:33.558+0000] {manager.py:878} INFO - 
================================================================================
DAG File Processing Stats

File Path                                PID    Runtime      # DAGs    # Errors  Last Runtime    Last Run
---------------------------------------  -----  ---------  --------  ----------  --------------  -------------------
/opt/airflow/dags/fraud_pipeline_dag.py                           1           0  0.09s           2026-09-14T17:57:07
================================================================================
[2026-09-14T17:58:03.843+0000] {manager.py:878} INFO - 
================================================================================
DAG File Processing Stats

File Path                                PID    Runtime      # DAGs    # Errors  Last Runtime    Last Run
---------------------------------------  -----  ---------  --------  ----------  --------------  -------------------
/opt/airflow/dags/fraud_pipeline_dag.py                           1           0  0.09s           2026-09-14T17:57:37
================================================================================
[2026-09-14T17:58:33.995+0000] {manager.py:878} INFO - 
================================================================================
DAG File Processing Stats

File Path                                PID    Runtime      # DAGs    # Errors  Last Runtime    Last Run
---------------------------------------  -----  ---------  --------  ----------  --------------  -------------------
/opt/airflow/dags/fraud_pipeline_dag.py                           1           0  0.11s           2026-09-14T17:58:07
================================================================================
[2026-09-14T17:58:36.002+0000] {manager.py:737} INFO - Searching for files in /opt/airflow/dags
[2026-09-14T17:58:36.013+0000] {manager.py:740} INFO - There are 1 files in /opt/airflow/dags
[2026-09-14T17:59:04.219+0000] {manager.py:878} INFO - 
================================================================================
DAG File Processing Stats

File Path                                PID    Runtime      # DAGs    # Errors  Last Runtime    Last Run
---------------------------------------  -----  ---------  --------  ----------  --------------  -------------------
/opt/airflow/dags/fraud_pipeline_dag.py                           1           0  0.10s           2026-09-14T17:58:38
================================================================================
[2026-09-14T17:59:34.408+0000] {manager.py:878} INFO - 
================================================================================
DAG File Processing Stats

File Path                                PID    Runtime      # DAGs    # Errors  Last Runtime    Last Run
---------------------------------------  -----  ---------  --------  ----------  --------------  -------------------
/opt/airflow/dags/fraud_pipeline_dag.py                           1           0  0.10s           2026-09-14T17:59:08
================================================================================
[2026-09-14T18:00:04.653+0000] {manager.py:878} INFO - 
================================================================================
DAG File Processing Stats

File Path                                PID    Runtime      # DAGs    # Errors  Last Runtime    Last Run
---------------------------------------  -----  ---------  --------  ----------  --------------  -------------------
/opt/airflow/dags/fraud_pipeline_dag.py                           1           0  0.09s           2026-09-14T17:59:38
================================================================================
[2026-09-14T18:00:34.886+0000] {manager.py:878} INFO - 
================================================================================
DAG File Processing Stats

File Path                                PID    Runtime      # DAGs    # Errors  Last Runtime    Last Run
---------------------------------------  -----  ---------  --------  ----------  --------------  -------------------
/opt/airflow/dags/fraud_pipeline_dag.py                           1           0  0.09s           2026-09-14T18:00:08
================================================================================
[2026-09-14T18:01:05.108+0000] {manager.py:878} INFO - 
================================================================================
DAG File Processing Stats

File Path                                PID    Runtime      # DAGs    # Errors  Last Runtime    Last Run
---------------------------------------  -----  ---------  --------  ----------  --------------  -------------------
/opt/airflow/dags/fraud_pipeline_dag.py                           1           0  0.09s           2026-09-14T18:00:39
================================================================================
[2026-09-14T18:01:35.308+0000] {manager.py:878} INFO - 
================================================================================
DAG File Processing Stats

File Path                                PID    Runtime      # DAGs    # Errors  Last Runtime    Last Run
---------------------------------------  -----  ---------  --------  ----------  --------------  -------------------
/opt/airflow/dags/fraud_pipeline_dag.py                           1           0  0.09s           2026-09-14T18:01:09
================================================================================
[2026-09-14T18:02:05.539+0000] {manager.py:878} INFO - 
================================================================================
DAG File Processing Stats

File Path                                PID    Runtime      # DAGs    # Errors  Last Runtime    Last Run
---------------------------------------  -----  ---------  --------  ----------  --------------  -------------------
/opt/airflow/dags/fraud_pipeline_dag.py                           1           0  0.09s           2026-09-14T18:01:39
================================================================================
[2026-09-14T18:02:35.766+0000] {manager.py:878} INFO - 
================================================================================
DAG File Processing Stats

File Path                                PID    Runtime      # DAGs    # Errors  Last Runtime    Last Run
---------------------------------------  -----  ---------  --------  ----------  --------------  -------------------
/opt/airflow/dags/fraud_pipeline_dag.py                           1           0  0.11s           2026-09-14T18:02:09
================================================================================
[2026-09-14T18:03:05.999+0000] {manager.py:878} INFO - 
================================================================================
DAG File Processing Stats

File Path                                PID    Runtime      # DAGs    # Errors  Last Runtime    Last Run
---------------------------------------  -----  ---------  --------  ----------  --------------  -------------------
/opt/airflow/dags/fraud_pipeline_dag.py                           1           0  0.09s           2026-09-14T18:02:39
================================================================================
[2026-09-14T18:03:36.229+0000] {manager.py:737} INFO - Searching for files in /opt/airflow/dags
[2026-09-14T18:03:36.238+0000] {manager.py:740} INFO - There are 1 files in /opt/airflow/dags
[2026-09-14T18:03:36.245+0000] {manager.py:878} INFO - 
================================================================================
DAG File Processing Stats

File Path                                PID    Runtime      # DAGs    # Errors  Last Runtime    Last Run
---------------------------------------  -----  ---------  --------  ----------  --------------  -------------------
/opt/airflow/dags/fraud_pipeline_dag.py                           1           0  0.09s           2026-09-14T18:03:10
================================================================================
[2026-09-14T18:04:06.456+0000] {manager.py:878} INFO - 
================================================================================
DAG File Processing Stats

File Path                                PID    Runtime      # DAGs    # Errors  Last Runtime    Last Run
---------------------------------------  -----  ---------  --------  ----------  --------------  -------------------
/opt/airflow/dags/fraud_pipeline_dag.py                           1           0  0.11s           2026-09-14T18:03:40
================================================================================
[2026-09-14T18:04:36.696+0000] {manager.py:878} INFO - 
================================================================================
DAG File Processing Stats

File Path                                PID    Runtime      # DAGs    # Errors  Last Runtime    Last Run
---------------------------------------  -----  ---------  --------  ----------  --------------  -------------------
/opt/airflow/dags/fraud_pipeline_dag.py                           1           0  0.10s           2026-09-14T18:04:10
================================================================================
[2026-09-14T18:05:06.913+0000] {manager.py:878} INFO - 
================================================================================
DAG File Processing Stats

File Path                                PID    Runtime      # DAGs    # Errors  Last Runtime    Last Run
---------------------------------------  -----  ---------  --------  ----------  --------------  -------------------
/opt/airflow/dags/fraud_pipeline_dag.py                           1           0  0.12s           2026-09-14T18:04:40
================================================================================
[2026-09-14T18:05:37.173+0000] {manager.py:878} INFO - 
================================================================================
DAG File Processing Stats

File Path                                PID    Runtime      # DAGs    # Errors  Last Runtime    Last Run
---------------------------------------  -----  ---------  --------  ----------  --------------  -------------------
/opt/airflow/dags/fraud_pipeline_dag.py                           1           0  0.09s           2026-09-14T18:05:11
================================================================================
[2026-09-14T18:06:07.395+0000] {manager.py:878} INFO - 
================================================================================
DAG File Processing Stats

File Path                                PID    Runtime      # DAGs    # Errors  Last Runtime    Last Run
---------------------------------------  -----  ---------  --------  ----------  --------------  -------------------
/opt/airflow/dags/fraud_pipeline_dag.py                           1           0  0.09s           2026-09-14T18:05:41
================================================================================
[2026-09-14T18:06:37.612+0000] {manager.py:878} INFO - 
================================================================================
DAG File Processing Stats

File Path                                PID    Runtime      # DAGs    # Errors  Last Runtime    Last Run
---------------------------------------  -----  ---------  --------  ----------  --------------  -------------------
/opt/airflow/dags/fraud_pipeline_dag.py                           1           0  0.09s           2026-09-14T18:06:11
================================================================================
[2026-09-14T18:07:07.801+0000] {manager.py:878} INFO - 
================================================================================
DAG File Processing Stats

File Path                                PID    Runtime      # DAGs    # Errors  Last Runtime    Last Run
---------------------------------------  -----  ---------  --------  ----------  --------------  -------------------
/opt/airflow/dags/fraud_pipeline_dag.py                           1           0  0.09s           2026-09-14T18:06:41
================================================================================
[2026-09-14T18:07:38.078+0000] {manager.py:878} INFO - 
================================================================================
DAG File Processing Stats

File Path                                PID    Runtime      # DAGs    # Errors  Last Runtime    Last Run
---------------------------------------  -----  ---------  --------  ----------  --------------  -------------------
/opt/airflow/dags/fraud_pipeline_dag.py                           1           0  0.09s           2026-09-14T18:07:11
================================================================================
[2026-09-14T18:08:08.288+0000] {manager.py:878} INFO - 
================================================================================
DAG File Processing Stats

File Path                                PID    Runtime      # DAGs    # Errors  Last Runtime    Last Run
---------------------------------------  -----  ---------  --------  ----------  --------------  -------------------
/opt/airflow/dags/fraud_pipeline_dag.py                           1           0  0.09s           2026-09-14T18:07:42
================================================================================
[2026-09-14T18:08:36.504+0000] {manager.py:737} INFO - Searching for files in /opt/airflow/dags
[2026-09-14T18:08:36.515+0000] {manager.py:740} INFO - There are 1 files in /opt/airflow/dags
[2026-09-14T18:08:38.532+0000] {manager.py:878} INFO - 
================================================================================
DAG File Processing Stats

File Path                                PID    Runtime      # DAGs    # Errors  Last Runtime    Last Run
---------------------------------------  -----  ---------  --------  ----------  --------------  -------------------
/opt/airflow/dags/fraud_pipeline_dag.py                           1           0  0.10s           2026-09-14T18:08:12
================================================================================
[2026-09-14T18:09:08.728+0000] {manager.py:878} INFO - 
================================================================================
DAG File Processing Stats

File Path                                PID    Runtime      # DAGs    # Errors  Last Runtime    Last Run
---------------------------------------  -----  ---------  --------  ----------  --------------  -------------------
/opt/airflow/dags/fraud_pipeline_dag.py                           1           0  0.09s           2026-09-14T18:08:42
================================================================================
[2026-09-14T18:09:38.996+0000] {manager.py:878} INFO - 
================================================================================
DAG File Processing Stats

File Path                                PID    Runtime      # DAGs    # Errors  Last Runtime    Last Run
---------------------------------------  -----  ---------  --------  ----------  --------------  -------------------
/opt/airflow/dags/fraud_pipeline_dag.py                           1           0  0.09s           2026-09-14T18:09:12
================================================================================
[2026-09-14T18:10:09.211+0000] {manager.py:878} INFO - 
================================================================================
DAG File Processing Stats

File Path                                PID    Runtime      # DAGs    # Errors  Last Runtime    Last Run
---------------------------------------  -----  ---------  --------  ----------  --------------  -------------------
/opt/airflow/dags/fraud_pipeline_dag.py                           1           0  0.09s           2026-09-14T18:09:43
================================================================================
[2026-09-14T18:10:39.446+0000] {manager.py:878} INFO - 
================================================================================
DAG File Processing Stats

File Path                                PID    Runtime      # DAGs    # Errors  Last Runtime    Last Run
---------------------------------------  -----  ---------  --------  ----------  --------------  -------------------
/opt/airflow/dags/fraud_pipeline_dag.py                           1           0  0.09s           2026-09-14T18:10:13
================================================================================
[2026-09-14T18:11:09.678+0000] {manager.py:878} INFO - 
================================================================================
DAG File Processing Stats

File Path                                PID    Runtime      # DAGs    # Errors  Last Runtime    Last Run
---------------------------------------  -----  ---------  --------  ----------  --------------  -------------------
/opt/airflow/dags/fraud_pipeline_dag.py                           1           0  0.08s           2026-09-14T18:10:43
================================================================================
[2026-09-14T18:11:39.883+0000] {manager.py:878} INFO - 
================================================================================
DAG File Processing Stats

File Path                                PID    Runtime      # DAGs    # Errors  Last Runtime    Last Run
---------------------------------------  -----  ---------  --------  ----------  --------------  -------------------
/opt/airflow/dags/fraud_pipeline_dag.py                           1           0  0.11s           2026-09-14T18:11:13
================================================================================
[2026-09-14T18:12:10.094+0000] {manager.py:878} INFO - 
================================================================================
DAG File Processing Stats

File Path                                PID    Runtime      # DAGs    # Errors  Last Runtime    Last Run
---------------------------------------  -----  ---------  --------  ----------  --------------  -------------------
/opt/airflow/dags/fraud_pipeline_dag.py                           1           0  0.09s           2026-09-14T18:11:44
================================================================================
[2026-09-14T18:12:40.306+0000] {manager.py:878} INFO - 
================================================================================
DAG File Processing Stats

File Path                                PID    Runtime      # DAGs    # Errors  Last Runtime    Last Run
---------------------------------------  -----  ---------  --------  ----------  --------------  -------------------
/opt/airflow/dags/fraud_pipeline_dag.py                           1           0  0.09s           2026-09-14T18:12:14
================================================================================
[2026-09-14T18:13:10.542+0000] {manager.py:878} INFO - 
================================================================================
DAG File Processing Stats

File Path                                PID    Runtime      # DAGs    # Errors  Last Runtime    Last Run
---------------------------------------  -----  ---------  --------  ----------  --------------  -------------------
/opt/airflow/dags/fraud_pipeline_dag.py                           1           0  0.09s           2026-09-14T18:12:44
================================================================================
[2026-09-14T18:13:36.702+0000] {manager.py:737} INFO - Searching for files in /opt/airflow/dags
[2026-09-14T18:13:36.714+0000] {manager.py:740} INFO - There are 1 files in /opt/airflow/dags
[2026-09-14T18:13:40.753+0000] {manager.py:878} INFO - 
================================================================================
DAG File Processing Stats

File Path                                PID    Runtime      # DAGs    # Errors  Last Runtime    Last Run
---------------------------------------  -----  ---------  --------  ----------  --------------  -------------------
/opt/airflow/dags/fraud_pipeline_dag.py                           1           0  0.09s           2026-09-14T18:13:14
================================================================================
[2026-09-14T18:14:10.997+0000] {manager.py:878} INFO - 
================================================================================
DAG File Processing Stats

File Path                                PID    Runtime      # DAGs    # Errors  Last Runtime    Last Run
---------------------------------------  -----  ---------  --------  ----------  --------------  -------------------
/opt/airflow/dags/fraud_pipeline_dag.py                           1           0  0.09s           2026-09-14T18:13:44
================================================================================
[2026-09-14T18:14:41.203+0000] {manager.py:878} INFO - 
================================================================================
DAG File Processing Stats

File Path                                PID    Runtime      # DAGs    # Errors  Last Runtime    Last Run
---------------------------------------  -----  ---------  --------  ----------  --------------  -------------------
/opt/airflow/dags/fraud_pipeline_dag.py                           1           0  0.14s           2026-09-14T18:14:15
================================================================================
[2026-09-14T18:15:11.400+0000] {manager.py:878} INFO - 
================================================================================
DAG File Processing Stats

File Path                                PID    Runtime      # DAGs    # Errors  Last Runtime    Last Run
---------------------------------------  -----  ---------  --------  ----------  --------------  -------------------
/opt/airflow/dags/fraud_pipeline_dag.py                           1           0  0.09s           2026-09-14T18:14:45
================================================================================
[2026-09-14T18:15:41.652+0000] {manager.py:878} INFO - 
================================================================================
DAG File Processing Stats

File Path                                PID    Runtime      # DAGs    # Errors  Last Runtime    Last Run
---------------------------------------  -----  ---------  --------  ----------  --------------  -------------------
/opt/airflow/dags/fraud_pipeline_dag.py                           1           0  0.09s           2026-09-14T18:15:15
================================================================================
[2026-09-14T18:16:11.857+0000] {manager.py:878} INFO - 
================================================================================
DAG File Processing Stats

File Path                                PID    Runtime      # DAGs    # Errors  Last Runtime    Last Run
---------------------------------------  -----  ---------  --------  ----------  --------------  -------------------
/opt/airflow/dags/fraud_pipeline_dag.py                           1           0  0.09s           2026-09-14T18:15:45
================================================================================
[2026-09-14T18:16:42.143+0000] {manager.py:878} INFO - 
================================================================================
DAG File Processing Stats

File Path                                PID    Runtime      # DAGs    # Errors  Last Runtime    Last Run
---------------------------------------  -----  ---------  --------  ----------  --------------  -------------------
/opt/airflow/dags/fraud_pipeline_dag.py                           1           0  0.09s           2026-09-14T18:16:15
================================================================================
[2026-09-14T18:17:12.361+0000] {manager.py:878} INFO - 
================================================================================
DAG File Processing Stats

File Path                                PID    Runtime      # DAGs    # Errors  Last Runtime    Last Run
---------------------------------------  -----  ---------  --------  ----------  --------------  -------------------
/opt/airflow/dags/fraud_pipeline_dag.py                           1           0  0.09s           2026-09-14T18:16:46
================================================================================
[2026-09-14T18:17:42.650+0000] {manager.py:878} INFO - 
================================================================================
DAG File Processing Stats

File Path                                PID    Runtime      # DAGs    # Errors  Last Runtime    Last Run
---------------------------------------  -----  ---------  --------  ----------  --------------  -------------------
/opt/airflow/dags/fraud_pipeline_dag.py                           1           0  0.11s           2026-09-14T18:17:16
================================================================================
[2026-09-14T18:18:12.854+0000] {manager.py:878} INFO - 
================================================================================
DAG File Processing Stats

File Path                                PID    Runtime      # DAGs    # Errors  Last Runtime    Last Run
---------------------------------------  -----  ---------  --------  ----------  --------------  -------------------
/opt/airflow/dags/fraud_pipeline_dag.py                           1           0  0.09s           2026-09-14T18:17:46
================================================================================
[2026-09-14T18:18:37.035+0000] {manager.py:737} INFO - Searching for files in /opt/airflow/dags
[2026-09-14T18:18:37.049+0000] {manager.py:740} INFO - There are 1 files in /opt/airflow/dags
[2026-09-14T18:18:43.093+0000] {manager.py:878} INFO - 
================================================================================
DAG File Processing Stats

File Path                                PID    Runtime      # DAGs    # Errors  Last Runtime    Last Run
---------------------------------------  -----  ---------  --------  ----------  --------------  -------------------
/opt/airflow/dags/fraud_pipeline_dag.py                           1           0  0.09s           2026-09-14T18:18:16
================================================================================
[2026-09-14T18:19:13.295+0000] {manager.py:878} INFO - 
================================================================================
DAG File Processing Stats

File Path                                PID    Runtime      # DAGs    # Errors  Last Runtime    Last Run
---------------------------------------  -----  ---------  --------  ----------  --------------  -------------------
/opt/airflow/dags/fraud_pipeline_dag.py                           1           0  0.09s           2026-09-14T18:18:47
================================================================================
[2026-09-14T18:19:43.574+0000] {manager.py:878} INFO - 
================================================================================
DAG File Processing Stats

File Path                                PID    Runtime      # DAGs    # Errors  Last Runtime    Last Run
---------------------------------------  -----  ---------  --------  ----------  --------------  -------------------
/opt/airflow/dags/fraud_pipeline_dag.py                           1           0  0.10s           2026-09-14T18:19:17
================================================================================
[2026-09-14T18:20:13.796+0000] {manager.py:878} INFO - 
================================================================================
DAG File Processing Stats

File Path                                PID    Runtime      # DAGs    # Errors  Last Runtime    Last Run
---------------------------------------  -----  ---------  --------  ----------  --------------  -------------------
/opt/airflow/dags/fraud_pipeline_dag.py                           1           0  0.09s           2026-09-14T18:19:47
================================================================================
[2026-09-14T18:20:44.024+0000] {manager.py:878} INFO - 
================================================================================
DAG File Processing Stats

File Path                                PID    Runtime      # DAGs    # Errors  Last Runtime    Last Run
---------------------------------------  -----  ---------  --------  ----------  --------------  -------------------
/opt/airflow/dags/fraud_pipeline_dag.py                           1           0  0.09s           2026-09-14T18:20:17
================================================================================
[2026-09-14T18:21:14.249+0000] {manager.py:878} INFO - 
================================================================================
DAG File Processing Stats

File Path                                PID    Runtime      # DAGs    # Errors  Last Runtime    Last Run
---------------------------------------  -----  ---------  --------  ----------  --------------  -------------------
/opt/airflow/dags/fraud_pipeline_dag.py                           1           0  0.09s           2026-09-14T18:20:48
================================================================================
[2026-09-14T18:21:44.497+0000] {manager.py:878} INFO - 
================================================================================
DAG File Processing Stats

File Path                                PID    Runtime      # DAGs    # Errors  Last Runtime    Last Run
---------------------------------------  -----  ---------  --------  ----------  --------------  -------------------
/opt/airflow/dags/fraud_pipeline_dag.py                           1           0  0.09s           2026-09-14T18:21:18
================================================================================
[2026-09-14T18:22:14.713+0000] {manager.py:878} INFO - 
================================================================================
DAG File Processing Stats

File Path                                PID    Runtime      # DAGs    # Errors  Last Runtime    Last Run
---------------------------------------  -----  ---------  --------  ----------  --------------  -------------------
/opt/airflow/dags/fraud_pipeline_dag.py                           1           0  0.10s           2026-09-14T18:21:48
================================================================================
[2026-09-14T18:22:44.959+0000] {manager.py:878} INFO - 
================================================================================
DAG File Processing Stats

File Path                                PID    Runtime      # DAGs    # Errors  Last Runtime    Last Run
---------------------------------------  -----  ---------  --------  ----------  --------------  -------------------
/opt/airflow/dags/fraud_pipeline_dag.py                           1           0  0.09s           2026-09-14T18:22:18
================================================================================
[2026-09-14T18:23:15.166+0000] {manager.py:878} INFO - 
================================================================================
DAG File Processing Stats

File Path                                PID    Runtime      # DAGs    # Errors  Last Runtime    Last Run
---------------------------------------  -----  ---------  --------  ----------  --------------  -------------------
/opt/airflow/dags/fraud_pipeline_dag.py                           1           0  0.11s           2026-09-14T18:22:49
================================================================================
[2026-09-14T18:23:37.416+0000] {manager.py:737} INFO - Searching for files in /opt/airflow/dags
[2026-09-14T18:23:37.428+0000] {manager.py:740} INFO - There are 1 files in /opt/airflow/dags
[2026-09-14T18:23:45.483+0000] {manager.py:878} INFO - 
================================================================================
DAG File Processing Stats

File Path                                PID    Runtime      # DAGs    # Errors  Last Runtime    Last Run
---------------------------------------  -----  ---------  --------  ----------  --------------  -------------------
/opt/airflow/dags/fraud_pipeline_dag.py                           1           0  0.10s           2026-09-14T18:23:19
================================================================================
[2026-09-14T18:24:15.679+0000] {manager.py:878} INFO - 
================================================================================
DAG File Processing Stats

File Path                                PID    Runtime      # DAGs    # Errors  Last Runtime    Last Run
---------------------------------------  -----  ---------  --------  ----------  --------------  -------------------
/opt/airflow/dags/fraud_pipeline_dag.py                           1           0  0.09s           2026-09-14T18:23:49
================================================================================
[2026-09-14T18:24:45.922+0000] {manager.py:878} INFO - 
================================================================================
DAG File Processing Stats

File Path                                PID    Runtime      # DAGs    # Errors  Last Runtime    Last Run
---------------------------------------  -----  ---------  --------  ----------  --------------  -------------------
/opt/airflow/dags/fraud_pipeline_dag.py                           1           0  0.09s           2026-09-14T18:24:19
================================================================================
[2026-09-14T18:25:16.120+0000] {manager.py:878} INFO - 
================================================================================
DAG File Processing Stats

File Path                                PID    Runtime      # DAGs    # Errors  Last Runtime    Last Run
---------------------------------------  -----  ---------  --------  ----------  --------------  -------------------
/opt/airflow/dags/fraud_pipeline_dag.py                           1           0  0.09s           2026-09-14T18:24:50
================================================================================
[2026-09-14T18:25:46.372+0000] {manager.py:878} INFO - 
================================================================================
DAG File Processing Stats

File Path                                PID    Runtime      # DAGs    # Errors  Last Runtime    Last Run
---------------------------------------  -----  ---------  --------  ----------  --------------  -------------------
/opt/airflow/dags/fraud_pipeline_dag.py                           1           0  0.09s           2026-09-14T18:25:20
================================================================================
[2026-09-14T18:26:16.589+0000] {manager.py:878} INFO - 
================================================================================
DAG File Processing Stats

File Path                                PID    Runtime      # DAGs    # Errors  Last Runtime    Last Run
---------------------------------------  -----  ---------  --------  ----------  --------------  -------------------
/opt/airflow/dags/fraud_pipeline_dag.py                           1           0  0.09s           2026-09-14T18:25:50
================================================================================
[2026-09-14T18:26:46.851+0000] {manager.py:878} INFO - 
================================================================================
DAG File Processing Stats

File Path                                PID    Runtime      # DAGs    # Errors  Last Runtime    Last Run
---------------------------------------  -----  ---------  --------  ----------  --------------  -------------------
/opt/airflow/dags/fraud_pipeline_dag.py                           1           0  0.10s           2026-09-14T18:26:20
================================================================================
[2026-09-14T18:27:17.067+0000] {manager.py:878} INFO - 
================================================================================
DAG File Processing Stats

File Path                                PID    Runtime      # DAGs    # Errors  Last Runtime    Last Run
---------------------------------------  -----  ---------  --------  ----------  --------------  -------------------
/opt/airflow/dags/fraud_pipeline_dag.py                           1           0  0.10s           2026-09-14T18:26:50
================================================================================
[2026-09-14T18:27:47.290+0000] {manager.py:878} INFO - 
================================================================================
DAG File Processing Stats

File Path                                PID    Runtime      # DAGs    # Errors  Last Runtime    Last Run
---------------------------------------  -----  ---------  --------  ----------  --------------  -------------------
/opt/airflow/dags/fraud_pipeline_dag.py                           1           0  0.09s           2026-09-14T18:27:21
================================================================================
[2026-09-14T18:28:17.531+0000] {manager.py:878} INFO - 
================================================================================
DAG File Processing Stats

File Path                                PID    Runtime      # DAGs    # Errors  Last Runtime    Last Run
---------------------------------------  -----  ---------  --------  ----------  --------------  -------------------
/opt/airflow/dags/fraud_pipeline_dag.py                           1           0  0.09s           2026-09-14T18:27:51
================================================================================
[2026-09-14T18:28:37.668+0000] {manager.py:737} INFO - Searching for files in /opt/airflow/dags
[2026-09-14T18:28:37.678+0000] {manager.py:740} INFO - There are 1 files in /opt/airflow/dags
[2026-09-14T18:28:47.761+0000] {manager.py:878} INFO - 
================================================================================
DAG File Processing Stats

File Path                                PID    Runtime      # DAGs    # Errors  Last Runtime    Last Run
---------------------------------------  -----  ---------  --------  ----------  --------------  -------------------
/opt/airflow/dags/fraud_pipeline_dag.py                           1           0  0.09s           2026-09-14T18:28:21
================================================================================
[2026-09-14T18:29:17.980+0000] {manager.py:878} INFO - 
================================================================================
DAG File Processing Stats

File Path                                PID    Runtime      # DAGs    # Errors  Last Runtime    Last Run
---------------------------------------  -----  ---------  --------  ----------  --------------  -------------------
/opt/airflow/dags/fraud_pipeline_dag.py                           1           0  0.09s           2026-09-14T18:28:51
================================================================================
[2026-09-14T18:29:48.209+0000] {manager.py:878} INFO - 
================================================================================
DAG File Processing Stats

File Path                                PID    Runtime      # DAGs    # Errors  Last Runtime    Last Run
---------------------------------------  -----  ---------  --------  ----------  --------------  -------------------
/opt/airflow/dags/fraud_pipeline_dag.py                           1           0  0.09s           2026-09-14T18:29:22
================================================================================
[2026-09-14T18:30:18.433+0000] {manager.py:878} INFO - 
================================================================================
DAG File Processing Stats

File Path                                PID    Runtime      # DAGs    # Errors  Last Runtime    Last Run
---------------------------------------  -----  ---------  --------  ----------  --------------  -------------------
/opt/airflow/dags/fraud_pipeline_dag.py                           1           0  0.09s           2026-09-14T18:29:52
================================================================================
[2026-09-14T18:30:48.662+0000] {manager.py:878} INFO - 
================================================================================
DAG File Processing Stats

File Path                                PID    Runtime      # DAGs    # Errors  Last Runtime    Last Run
---------------------------------------  -----  ---------  --------  ----------  --------------  -------------------
/opt/airflow/dags/fraud_pipeline_dag.py                           1           0  0.09s           2026-09-14T18:30:22
================================================================================
[2026-09-14T18:31:18.869+0000] {manager.py:878} INFO - 
================================================================================
DAG File Processing Stats

File Path                                PID    Runtime      # DAGs    # Errors  Last Runtime    Last Run
---------------------------------------  -----  ---------  --------  ----------  --------------  -------------------
/opt/airflow/dags/fraud_pipeline_dag.py                           1           0  0.09s           2026-09-14T18:30:52
================================================================================
[2026-09-14T18:31:49.068+0000] {manager.py:878} INFO - 
================================================================================
DAG File Processing Stats

File Path                                PID    Runtime      # DAGs    # Errors  Last Runtime    Last Run
---------------------------------------  -----  ---------  --------  ----------  --------------  -------------------
/opt/airflow/dags/fraud_pipeline_dag.py                           1           0  0.09s           2026-09-14T18:31:22
================================================================================
[2026-09-14T18:32:19.306+0000] {manager.py:878} INFO - 
================================================================================
DAG File Processing Stats

File Path                                PID    Runtime      # DAGs    # Errors  Last Runtime    Last Run
---------------------------------------  -----  ---------  --------  ----------  --------------  -------------------
/opt/airflow/dags/fraud_pipeline_dag.py                           1           0  0.10s           2026-09-14T18:31:53
================================================================================
[2026-09-14T18:32:49.553+0000] {manager.py:878} INFO - 
================================================================================
DAG File Processing Stats

File Path                                PID    Runtime      # DAGs    # Errors  Last Runtime    Last Run
---------------------------------------  -----  ---------  --------  ----------  --------------  -------------------
/opt/airflow/dags/fraud_pipeline_dag.py                           1           0  0.09s           2026-09-14T18:32:23
================================================================================
[2026-09-14T18:33:19.770+0000] {manager.py:878} INFO - 
================================================================================
DAG File Processing Stats

File Path                                PID    Runtime      # DAGs    # Errors  Last Runtime    Last Run
---------------------------------------  -----  ---------  --------  ----------  --------------  -------------------
/opt/airflow/dags/fraud_pipeline_dag.py                           1           0  0.09s           2026-09-14T18:32:53
================================================================================
[2026-09-14T18:33:37.922+0000] {manager.py:737} INFO - Searching for files in /opt/airflow/dags
[2026-09-14T18:33:37.937+0000] {manager.py:740} INFO - There are 1 files in /opt/airflow/dags
[2026-09-14T18:33:50.022+0000] {manager.py:878} INFO - 
================================================================================
DAG File Processing Stats

File Path                                PID    Runtime      # DAGs    # Errors  Last Runtime    Last Run
---------------------------------------  -----  ---------  --------  ----------  --------------  -------------------
/opt/airflow/dags/fraud_pipeline_dag.py                           1           0  0.10s           2026-09-14T18:33:23
================================================================================
[2026-09-14T18:34:20.231+0000] {manager.py:878} INFO - 
================================================================================
DAG File Processing Stats

File Path                                PID    Runtime      # DAGs    # Errors  Last Runtime    Last Run
---------------------------------------  -----  ---------  --------  ----------  --------------  -------------------
/opt/airflow/dags/fraud_pipeline_dag.py                           1           0  0.09s           2026-09-14T18:33:54
================================================================================
[2026-09-14T18:34:50.456+0000] {manager.py:878} INFO - 
================================================================================
DAG File Processing Stats

File Path                                PID    Runtime      # DAGs    # Errors  Last Runtime    Last Run
---------------------------------------  -----  ---------  --------  ----------  --------------  -------------------
/opt/airflow/dags/fraud_pipeline_dag.py                           1           0  0.09s           2026-09-14T18:34:24
================================================================================
[2026-09-14T18:35:20.706+0000] {manager.py:878} INFO - 
================================================================================
DAG File Processing Stats

File Path                                PID    Runtime      # DAGs    # Errors  Last Runtime    Last Run
---------------------------------------  -----  ---------  --------  ----------  --------------  -------------------
/opt/airflow/dags/fraud_pipeline_dag.py                           1           0  0.08s           2026-09-14T18:34:54
================================================================================
[2026-09-14T18:35:50.927+0000] {manager.py:878} INFO - 
================================================================================
DAG File Processing Stats

File Path                                PID    Runtime      # DAGs    # Errors  Last Runtime    Last Run
---------------------------------------  -----  ---------  --------  ----------  --------------  -------------------
/opt/airflow/dags/fraud_pipeline_dag.py                           1           0  0.10s           2026-09-14T18:35:24
================================================================================
[2026-09-14T18:36:21.167+0000] {manager.py:878} INFO - 
================================================================================
DAG File Processing Stats

File Path                                PID    Runtime      # DAGs    # Errors  Last Runtime    Last Run
---------------------------------------  -----  ---------  --------  ----------  --------------  -------------------
/opt/airflow/dags/fraud_pipeline_dag.py                           1           0  0.09s           2026-09-14T18:35:55
================================================================================
[2026-09-14T18:36:51.382+0000] {manager.py:878} INFO - 
================================================================================
DAG File Processing Stats

File Path                                PID    Runtime      # DAGs    # Errors  Last Runtime    Last Run
---------------------------------------  -----  ---------  --------  ----------  --------------  -------------------
/opt/airflow/dags/fraud_pipeline_dag.py                           1           0  0.09s           2026-09-14T18:36:25
================================================================================
[2026-09-14T18:37:21.628+0000] {manager.py:878} INFO - 
================================================================================
DAG File Processing Stats

File Path                                PID    Runtime      # DAGs    # Errors  Last Runtime    Last Run
---------------------------------------  -----  ---------  --------  ----------  --------------  -------------------
/opt/airflow/dags/fraud_pipeline_dag.py                           1           0  0.09s           2026-09-14T18:36:55
================================================================================
[2026-09-14T18:37:51.838+0000] {manager.py:878} INFO - 
================================================================================
DAG File Processing Stats

File Path                                PID    Runtime      # DAGs    # Errors  Last Runtime    Last Run
---------------------------------------  -----  ---------  --------  ----------  --------------  -------------------
/opt/airflow/dags/fraud_pipeline_dag.py                           1           0  0.09s           2026-09-14T18:37:25
================================================================================
[2026-09-14T18:38:22.080+0000] {manager.py:878} INFO - 
================================================================================
DAG File Processing Stats

File Path                                PID    Runtime      # DAGs    # Errors  Last Runtime    Last Run
---------------------------------------  -----  ---------  --------  ----------  --------------  -------------------
/opt/airflow/dags/fraud_pipeline_dag.py                           1           0  0.10s           2026-09-14T18:37:55
================================================================================
[2026-09-14T18:38:38.183+0000] {manager.py:737} INFO - Searching for files in /opt/airflow/dags
[2026-09-14T18:38:38.201+0000] {manager.py:740} INFO - There are 1 files in /opt/airflow/dags
[2026-09-14T18:38:52.301+0000] {manager.py:878} INFO - 
================================================================================
DAG File Processing Stats

File Path                                PID    Runtime      # DAGs    # Errors  Last Runtime    Last Run
---------------------------------------  -----  ---------  --------  ----------  --------------  -------------------
/opt/airflow/dags/fraud_pipeline_dag.py                           1           0  0.15s           2026-09-14T18:38:26
================================================================================
[2026-09-14T18:39:22.577+0000] {manager.py:878} INFO - 
================================================================================
DAG File Processing Stats

File Path                                PID    Runtime      # DAGs    # Errors  Last Runtime    Last Run
---------------------------------------  -----  ---------  --------  ----------  --------------  -------------------
/opt/airflow/dags/fraud_pipeline_dag.py                           1           0  0.09s           2026-09-14T18:38:56
================================================================================
[2026-09-14T18:39:52.801+0000] {manager.py:878} INFO - 
================================================================================
DAG File Processing Stats

File Path                                PID    Runtime      # DAGs    # Errors  Last Runtime    Last Run
---------------------------------------  -----  ---------  --------  ----------  --------------  -------------------
/opt/airflow/dags/fraud_pipeline_dag.py                           1           0  0.11s           2026-09-14T18:39:26
================================================================================
[2026-09-14T18:40:23.036+0000] {manager.py:878} INFO - 
================================================================================
DAG File Processing Stats

File Path                                PID    Runtime      # DAGs    # Errors  Last Runtime    Last Run
---------------------------------------  -----  ---------  --------  ----------  --------------  -------------------
/opt/airflow/dags/fraud_pipeline_dag.py                           1           0  0.11s           2026-09-14T18:39:56
================================================================================
[2026-09-14T18:40:53.248+0000] {manager.py:878} INFO - 
================================================================================
DAG File Processing Stats

File Path                                PID    Runtime      # DAGs    # Errors  Last Runtime    Last Run
---------------------------------------  -----  ---------  --------  ----------  --------------  -------------------
/opt/airflow/dags/fraud_pipeline_dag.py                           1           0  0.09s           2026-09-14T18:40:27
================================================================================
[2026-09-14T18:41:23.443+0000] {manager.py:878} INFO - 
================================================================================
DAG File Processing Stats

File Path                                PID    Runtime      # DAGs    # Errors  Last Runtime    Last Run
---------------------------------------  -----  ---------  --------  ----------  --------------  -------------------
/opt/airflow/dags/fraud_pipeline_dag.py                           1           0  0.09s           2026-09-14T18:40:57
================================================================================
[2026-09-14T18:41:53.696+0000] {manager.py:878} INFO - 
================================================================================
DAG File Processing Stats

File Path                                PID    Runtime      # DAGs    # Errors  Last Runtime    Last Run
---------------------------------------  -----  ---------  --------  ----------  --------------  -------------------
/opt/airflow/dags/fraud_pipeline_dag.py                           1           0  0.09s           2026-09-14T18:41:27
================================================================================
[2026-09-14T18:42:23.913+0000] {manager.py:878} INFO - 
================================================================================
DAG File Processing Stats

File Path                                PID    Runtime      # DAGs    # Errors  Last Runtime    Last Run
---------------------------------------  -----  ---------  --------  ----------  --------------  -------------------
/opt/airflow/dags/fraud_pipeline_dag.py                           1           0  0.08s           2026-09-14T18:41:57
================================================================================
[2026-09-14T18:42:54.122+0000] {manager.py:878} INFO - 
================================================================================
DAG File Processing Stats

File Path                                PID    Runtime      # DAGs    # Errors  Last Runtime    Last Run
---------------------------------------  -----  ---------  --------  ----------  --------------  -------------------
/opt/airflow/dags/fraud_pipeline_dag.py                           1           0  0.10s           2026-09-14T18:42:28
================================================================================
[2026-09-14T18:43:24.348+0000] {manager.py:878} INFO - 
================================================================================
DAG File Processing Stats

File Path                                PID    Runtime      # DAGs    # Errors  Last Runtime    Last Run
---------------------------------------  -----  ---------  --------  ----------  --------------  -------------------
/opt/airflow/dags/fraud_pipeline_dag.py                           1           0  0.12s           2026-09-14T18:42:58
================================================================================
[2026-09-14T18:43:38.494+0000] {manager.py:737} INFO - Searching for files in /opt/airflow/dags
[2026-09-14T18:43:38.512+0000] {manager.py:740} INFO - There are 1 files in /opt/airflow/dags
[2026-09-14T18:43:54.624+0000] {manager.py:878} INFO - 
================================================================================
DAG File Processing Stats

File Path                                PID    Runtime      # DAGs    # Errors  Last Runtime    Last Run
---------------------------------------  -----  ---------  --------  ----------  --------------  -------------------
/opt/airflow/dags/fraud_pipeline_dag.py                           1           0  0.09s           2026-09-14T18:43:28
================================================================================
[2026-09-14T18:44:24.830+0000] {manager.py:878} INFO - 
================================================================================
DAG File Processing Stats

File Path                                PID    Runtime      # DAGs    # Errors  Last Runtime    Last Run
---------------------------------------  -----  ---------  --------  ----------  --------------  -------------------
/opt/airflow/dags/fraud_pipeline_dag.py                           1           0  0.09s           2026-09-14T18:43:58
================================================================================
[2026-09-14T18:44:55.048+0000] {manager.py:878} INFO - 
================================================================================
DAG File Processing Stats

File Path                                PID    Runtime      # DAGs    # Errors  Last Runtime    Last Run
---------------------------------------  -----  ---------  --------  ----------  --------------  -------------------
/opt/airflow/dags/fraud_pipeline_dag.py                           1           0  0.09s           2026-09-14T18:44:28
================================================================================
[2026-09-14T18:45:25.272+0000] {manager.py:878} INFO - 
================================================================================
DAG File Processing Stats

File Path                                PID    Runtime      # DAGs    # Errors  Last Runtime    Last Run
---------------------------------------  -----  ---------  --------  ----------  --------------  -------------------
/opt/airflow/dags/fraud_pipeline_dag.py                           1           0  0.09s           2026-09-14T18:44:59
================================================================================
[2026-09-14T18:45:55.470+0000] {manager.py:878} INFO - 
================================================================================
DAG File Processing Stats

File Path                                PID    Runtime      # DAGs    # Errors  Last Runtime    Last Run
---------------------------------------  -----  ---------  --------  ----------  --------------  -------------------
/opt/airflow/dags/fraud_pipeline_dag.py                           1           0  0.10s           2026-09-14T18:45:29
================================================================================
[2026-09-14T18:46:25.695+0000] {manager.py:878} INFO - 
================================================================================
DAG File Processing Stats

File Path                                PID    Runtime      # DAGs    # Errors  Last Runtime    Last Run
---------------------------------------  -----  ---------  --------  ----------  --------------  -------------------
/opt/airflow/dags/fraud_pipeline_dag.py                           1           0  0.11s           2026-09-14T18:45:59
================================================================================
[2026-09-14T18:46:55.882+0000] {manager.py:878} INFO - 
================================================================================
DAG File Processing Stats

File Path                                PID    Runtime      # DAGs    # Errors  Last Runtime    Last Run
---------------------------------------  -----  ---------  --------  ----------  --------------  -------------------
/opt/airflow/dags/fraud_pipeline_dag.py                           1           0  0.10s           2026-09-14T18:46:29
================================================================================
[2026-09-14T18:47:26.110+0000] {manager.py:878} INFO - 
================================================================================
DAG File Processing Stats

File Path                                PID    Runtime      # DAGs    # Errors  Last Runtime    Last Run
---------------------------------------  -----  ---------  --------  ----------  --------------  -------------------
/opt/airflow/dags/fraud_pipeline_dag.py                           1           0  0.10s           2026-09-14T18:47:00
================================================================================
[2026-09-14T18:47:56.347+0000] {manager.py:878} INFO - 
================================================================================
DAG File Processing Stats

File Path                                PID    Runtime      # DAGs    # Errors  Last Runtime    Last Run
---------------------------------------  -----  ---------  --------  ----------  --------------  -------------------
/opt/airflow/dags/fraud_pipeline_dag.py                           1           0  0.10s           2026-09-14T18:47:30
================================================================================
[2026-09-14T18:48:26.559+0000] {manager.py:878} INFO - 
================================================================================
DAG File Processing Stats

File Path                                PID    Runtime      # DAGs    # Errors  Last Runtime    Last Run
---------------------------------------  -----  ---------  --------  ----------  --------------  -------------------
/opt/airflow/dags/fraud_pipeline_dag.py                           1           0  0.10s           2026-09-14T18:48:00
================================================================================
[2026-09-14T18:48:38.643+0000] {manager.py:737} INFO - Searching for files in /opt/airflow/dags
[2026-09-14T18:48:38.659+0000] {manager.py:740} INFO - There are 1 files in /opt/airflow/dags
[2026-09-14T18:48:56.778+0000] {manager.py:878} INFO - 
================================================================================
DAG File Processing Stats

File Path                                PID    Runtime      # DAGs    # Errors  Last Runtime    Last Run
---------------------------------------  -----  ---------  --------  ----------  --------------  -------------------
/opt/airflow/dags/fraud_pipeline_dag.py                           1           0  0.09s           2026-09-14T18:48:30
================================================================================
[2026-09-14T18:49:26.979+0000] {manager.py:878} INFO - 
================================================================================
DAG File Processing Stats

File Path                                PID    Runtime      # DAGs    # Errors  Last Runtime    Last Run
---------------------------------------  -----  ---------  --------  ----------  --------------  -------------------
/opt/airflow/dags/fraud_pipeline_dag.py                           1           0  0.09s           2026-09-14T18:49:00
================================================================================
[2026-09-14T18:49:57.175+0000] {manager.py:878} INFO - 
================================================================================
DAG File Processing Stats

File Path                                PID    Runtime      # DAGs    # Errors  Last Runtime    Last Run
---------------------------------------  -----  ---------  --------  ----------  --------------  -------------------
/opt/airflow/dags/fraud_pipeline_dag.py                           1           0  0.09s           2026-09-14T18:49:31
================================================================================
[2026-09-14T18:50:27.392+0000] {manager.py:878} INFO - 
================================================================================
DAG File Processing Stats

File Path                                PID    Runtime      # DAGs    # Errors  Last Runtime    Last Run
---------------------------------------  -----  ---------  --------  ----------  --------------  -------------------
/opt/airflow/dags/fraud_pipeline_dag.py                           1           0  0.10s           2026-09-14T18:50:01
================================================================================
[2026-09-14T18:50:57.575+0000] {manager.py:878} INFO - 
================================================================================
DAG File Processing Stats

File Path                                PID    Runtime      # DAGs    # Errors  Last Runtime    Last Run
---------------------------------------  -----  ---------  --------  ----------  --------------  -------------------
/opt/airflow/dags/fraud_pipeline_dag.py                           1           0  0.09s           2026-09-14T18:50:31
================================================================================
[2026-09-14T18:51:27.816+0000] {manager.py:878} INFO - 
================================================================================
DAG File Processing Stats

File Path                                PID    Runtime      # DAGs    # Errors  Last Runtime    Last Run
---------------------------------------  -----  ---------  --------  ----------  --------------  -------------------
/opt/airflow/dags/fraud_pipeline_dag.py                           1           0  0.09s           2026-09-14T18:51:01
================================================================================
[2026-09-14T18:51:58.013+0000] {manager.py:878} INFO - 
================================================================================
DAG File Processing Stats

File Path                                PID    Runtime      # DAGs    # Errors  Last Runtime    Last Run
---------------------------------------  -----  ---------  --------  ----------  --------------  -------------------
/opt/airflow/dags/fraud_pipeline_dag.py                           1           0  0.09s           2026-09-14T18:51:31
================================================================================
[2026-09-14T18:52:28.234+0000] {manager.py:878} INFO - 
================================================================================
DAG File Processing Stats

File Path                                PID    Runtime      # DAGs    # Errors  Last Runtime    Last Run
---------------------------------------  -----  ---------  --------  ----------  --------------  -------------------
/opt/airflow/dags/fraud_pipeline_dag.py                           1           0  0.10s           2026-09-14T18:52:02
================================================================================
[2026-09-14T18:52:58.470+0000] {manager.py:878} INFO - 
================================================================================
DAG File Processing Stats

File Path                                PID    Runtime      # DAGs    # Errors  Last Runtime    Last Run
---------------------------------------  -----  ---------  --------  ----------  --------------  -------------------
/opt/airflow/dags/fraud_pipeline_dag.py                           1           0  0.09s           2026-09-14T18:52:32
================================================================================
[2026-09-14T18:53:28.687+0000] {manager.py:878} INFO - 
================================================================================
DAG File Processing Stats

File Path                                PID    Runtime      # DAGs    # Errors  Last Runtime    Last Run
---------------------------------------  -----  ---------  --------  ----------  --------------  -------------------
/opt/airflow/dags/fraud_pipeline_dag.py                           1           0  0.09s           2026-09-14T18:53:02
================================================================================
[2026-09-14T18:53:38.805+0000] {manager.py:737} INFO - Searching for files in /opt/airflow/dags
[2026-09-14T18:53:38.817+0000] {manager.py:740} INFO - There are 1 files in /opt/airflow/dags
[2026-09-14T18:53:58.957+0000] {manager.py:878} INFO - 
================================================================================
DAG File Processing Stats

File Path                                PID    Runtime      # DAGs    # Errors  Last Runtime    Last Run
---------------------------------------  -----  ---------  --------  ----------  --------------  -------------------
/opt/airflow/dags/fraud_pipeline_dag.py                           1           0  0.09s           2026-09-14T18:53:32
================================================================================
[2026-09-14T18:54:29.154+0000] {manager.py:878} INFO - 
================================================================================
DAG File Processing Stats

File Path                                PID    Runtime      # DAGs    # Errors  Last Runtime    Last Run
---------------------------------------  -----  ---------  --------  ----------  --------------  -------------------
/opt/airflow/dags/fraud_pipeline_dag.py                           1           0  0.10s           2026-09-14T18:54:03
================================================================================
[2026-09-14T18:54:59.400+0000] {manager.py:878} INFO - 
================================================================================
DAG File Processing Stats

File Path                                PID    Runtime      # DAGs    # Errors  Last Runtime    Last Run
---------------------------------------  -----  ---------  --------  ----------  --------------  -------------------
/opt/airflow/dags/fraud_pipeline_dag.py                           1           0  0.10s           2026-09-14T18:54:33
================================================================================
[2026-09-14T18:55:29.610+0000] {manager.py:878} INFO - 
================================================================================
DAG File Processing Stats

File Path                                PID    Runtime      # DAGs    # Errors  Last Runtime    Last Run
---------------------------------------  -----  ---------  --------  ----------  --------------  -------------------
/opt/airflow/dags/fraud_pipeline_dag.py                           1           0  0.09s           2026-09-14T18:55:03
================================================================================
[2026-09-14T18:55:59.849+0000] {manager.py:878} INFO - 
================================================================================
DAG File Processing Stats

File Path                                PID    Runtime      # DAGs    # Errors  Last Runtime    Last Run
---------------------------------------  -----  ---------  --------  ----------  --------------  -------------------
/opt/airflow/dags/fraud_pipeline_dag.py                           1           0  0.09s           2026-09-14T18:55:33
================================================================================
[2026-09-14T18:56:30.045+0000] {manager.py:878} INFO - 
================================================================================
DAG File Processing Stats

File Path                                PID    Runtime      # DAGs    # Errors  Last Runtime    Last Run
---------------------------------------  -----  ---------  --------  ----------  --------------  -------------------
/opt/airflow/dags/fraud_pipeline_dag.py                           1           0  0.11s           2026-09-14T18:56:03
================================================================================
[2026-09-14T18:57:00.305+0000] {manager.py:878} INFO - 
================================================================================
DAG File Processing Stats

File Path                                PID    Runtime      # DAGs    # Errors  Last Runtime    Last Run
---------------------------------------  -----  ---------  --------  ----------  --------------  -------------------
/opt/airflow/dags/fraud_pipeline_dag.py                           1           0  0.08s           2026-09-14T18:56:34
================================================================================
[2026-09-14T18:57:30.512+0000] {manager.py:878} INFO - 
================================================================================
DAG File Processing Stats

File Path                                PID    Runtime      # DAGs    # Errors  Last Runtime    Last Run
---------------------------------------  -----  ---------  --------  ----------  --------------  -------------------
/opt/airflow/dags/fraud_pipeline_dag.py                           1           0  0.09s           2026-09-14T18:57:04
================================================================================
[2026-09-14T18:58:00.740+0000] {manager.py:878} INFO - 
================================================================================
DAG File Processing Stats

File Path                                PID    Runtime      # DAGs    # Errors  Last Runtime    Last Run
---------------------------------------  -----  ---------  --------  ----------  --------------  -------------------
/opt/airflow/dags/fraud_pipeline_dag.py                           1           0  0.09s           2026-09-14T18:57:34
================================================================================
[2026-09-14T18:58:30.921+0000] {manager.py:878} INFO - 
================================================================================
DAG File Processing Stats

File Path                                PID    Runtime      # DAGs    # Errors  Last Runtime    Last Run
---------------------------------------  -----  ---------  --------  ----------  --------------  -------------------
/opt/airflow/dags/fraud_pipeline_dag.py                           1           0  0.09s           2026-09-14T18:58:04
================================================================================
[2026-09-14T18:58:39.016+0000] {manager.py:737} INFO - Searching for files in /opt/airflow/dags
[2026-09-14T18:58:39.027+0000] {manager.py:740} INFO - There are 1 files in /opt/airflow/dags
[2026-09-14T18:59:01.185+0000] {manager.py:878} INFO - 
================================================================================
DAG File Processing Stats

File Path                                PID    Runtime      # DAGs    # Errors  Last Runtime    Last Run
---------------------------------------  -----  ---------  --------  ----------  --------------  -------------------
/opt/airflow/dags/fraud_pipeline_dag.py                           1           0  0.09s           2026-09-14T18:58:35
================================================================================
[2026-09-14T18:59:31.377+0000] {manager.py:878} INFO - 
================================================================================
DAG File Processing Stats

File Path                                PID    Runtime      # DAGs    # Errors  Last Runtime    Last Run
---------------------------------------  -----  ---------  --------  ----------  --------------  -------------------
/opt/airflow/dags/fraud_pipeline_dag.py                           1           0  0.11s           2026-09-14T18:59:05
================================================================================
[2026-09-14T19:00:01.635+0000] {manager.py:878} INFO - 
================================================================================
DAG File Processing Stats

File Path                                PID    Runtime      # DAGs    # Errors  Last Runtime    Last Run
---------------------------------------  -----  ---------  --------  ----------  --------------  -------------------
/opt/airflow/dags/fraud_pipeline_dag.py                           1           0  0.10s           2026-09-14T18:59:35
================================================================================
[2026-09-14T19:00:31.815+0000] {manager.py:878} INFO - 
================================================================================
DAG File Processing Stats

File Path                                PID    Runtime      # DAGs    # Errors  Last Runtime    Last Run
---------------------------------------  -----  ---------  --------  ----------  --------------  -------------------
/opt/airflow/dags/fraud_pipeline_dag.py                           1           0  0.09s           2026-09-14T19:00:05
================================================================================
[2026-09-14T19:01:02.044+0000] {manager.py:878} INFO - 
================================================================================
DAG File Processing Stats

File Path                                PID    Runtime      # DAGs    # Errors  Last Runtime    Last Run
---------------------------------------  -----  ---------  --------  ----------  --------------  -------------------
/opt/airflow/dags/fraud_pipeline_dag.py                           1           0  0.10s           2026-09-14T19:00:35
================================================================================
[2026-09-14T19:01:32.218+0000] {manager.py:878} INFO - 
================================================================================
DAG File Processing Stats

File Path                                PID    Runtime      # DAGs    # Errors  Last Runtime    Last Run
---------------------------------------  -----  ---------  --------  ----------  --------------  -------------------
/opt/airflow/dags/fraud_pipeline_dag.py                           1           0  0.09s           2026-09-14T19:01:06
================================================================================
[2026-09-14T19:02:02.430+0000] {manager.py:878} INFO - 
================================================================================
DAG File Processing Stats

File Path                                PID    Runtime      # DAGs    # Errors  Last Runtime    Last Run
---------------------------------------  -----  ---------  --------  ----------  --------------  -------------------
/opt/airflow/dags/fraud_pipeline_dag.py                           1           0  0.09s           2026-09-14T19:01:36
================================================================================
[2026-09-14T19:02:32.635+0000] {manager.py:878} INFO - 
================================================================================
DAG File Processing Stats

File Path                                PID    Runtime      # DAGs    # Errors  Last Runtime    Last Run
---------------------------------------  -----  ---------  --------  ----------  --------------  -------------------
/opt/airflow/dags/fraud_pipeline_dag.py                           1           0  0.10s           2026-09-14T19:02:06
================================================================================
[2026-09-14T19:03:02.852+0000] {manager.py:878} INFO - 
================================================================================
DAG File Processing Stats

File Path                                PID    Runtime      # DAGs    # Errors  Last Runtime    Last Run
---------------------------------------  -----  ---------  --------  ----------  --------------  -------------------
/opt/airflow/dags/fraud_pipeline_dag.py                           1           0  0.10s           2026-09-14T19:02:36
================================================================================
[2026-09-14T19:03:33.037+0000] {manager.py:878} INFO - 
================================================================================
DAG File Processing Stats

File Path                                PID    Runtime      # DAGs    # Errors  Last Runtime    Last Run
---------------------------------------  -----  ---------  --------  ----------  --------------  -------------------
/opt/airflow/dags/fraud_pipeline_dag.py                           1           0  0.09s           2026-09-14T19:03:06
================================================================================
[2026-09-14T19:03:39.105+0000] {manager.py:737} INFO - Searching for files in /opt/airflow/dags
[2026-09-14T19:03:39.117+0000] {manager.py:740} INFO - There are 1 files in /opt/airflow/dags
[2026-09-14T19:04:03.252+0000] {manager.py:878} INFO - 
================================================================================
DAG File Processing Stats

File Path                                PID    Runtime      # DAGs    # Errors  Last Runtime    Last Run
---------------------------------------  -----  ---------  --------  ----------  --------------  -------------------
/opt/airflow/dags/fraud_pipeline_dag.py                           1           0  0.10s           2026-09-14T19:03:37
================================================================================
[2026-09-14T19:04:33.438+0000] {manager.py:878} INFO - 
================================================================================
DAG File Processing Stats

File Path                                PID    Runtime      # DAGs    # Errors  Last Runtime    Last Run
---------------------------------------  -----  ---------  --------  ----------  --------------  -------------------
/opt/airflow/dags/fraud_pipeline_dag.py                           1           0  0.10s           2026-09-14T19:04:07
================================================================================
[2026-09-14T19:05:03.709+0000] {manager.py:878} INFO - 
================================================================================
DAG File Processing Stats

File Path                                PID    Runtime      # DAGs    # Errors  Last Runtime    Last Run
---------------------------------------  -----  ---------  --------  ----------  --------------  -------------------
/opt/airflow/dags/fraud_pipeline_dag.py                           1           0  0.11s           2026-09-14T19:04:37
================================================================================
[2026-09-14T19:05:33.888+0000] {manager.py:878} INFO - 
================================================================================
DAG File Processing Stats

File Path                                PID    Runtime      # DAGs    # Errors  Last Runtime    Last Run
---------------------------------------  -----  ---------  --------  ----------  --------------  -------------------
/opt/airflow/dags/fraud_pipeline_dag.py                           1           0  0.09s           2026-09-14T19:05:07
================================================================================
[2026-09-14T19:06:04.111+0000] {manager.py:878} INFO - 
================================================================================
DAG File Processing Stats

File Path                                PID    Runtime      # DAGs    # Errors  Last Runtime    Last Run
---------------------------------------  -----  ---------  --------  ----------  --------------  -------------------
/opt/airflow/dags/fraud_pipeline_dag.py                           1           0  0.10s           2026-09-14T19:05:38
================================================================================
[2026-09-14T19:06:34.270+0000] {manager.py:878} INFO - 
================================================================================
DAG File Processing Stats

File Path                                PID    Runtime      # DAGs    # Errors  Last Runtime    Last Run
---------------------------------------  -----  ---------  --------  ----------  --------------  -------------------
/opt/airflow/dags/fraud_pipeline_dag.py                           1           0  0.09s           2026-09-14T19:06:08
================================================================================
[2026-09-14T19:07:04.474+0000] {manager.py:878} INFO - 
================================================================================
DAG File Processing Stats

File Path                                PID    Runtime      # DAGs    # Errors  Last Runtime    Last Run
---------------------------------------  -----  ---------  --------  ----------  --------------  -------------------
/opt/airflow/dags/fraud_pipeline_dag.py                           1           0  0.10s           2026-09-14T19:06:38
================================================================================
[2026-09-14T19:07:15.219+0000] {manager.py:452} INFO - Exiting gracefully upon receiving signal 15
[2026-09-15T14:17:50.674+0000] {manager.py:470} INFO - Processing files using up to 2 processes at a time 
[2026-09-15T14:17:50.675+0000] {manager.py:471} INFO - Process each file at most once every 30 seconds
[2026-09-15T14:17:50.676+0000] {manager.py:472} INFO - Checking for new files in /opt/airflow/dags every 300 seconds
[2026-09-15T14:17:50.676+0000] {manager.py:737} INFO - Searching for files in /opt/airflow/dags
[2026-09-15T14:17:50.682+0000] {manager.py:740} INFO - There are 1 files in /opt/airflow/dags
[2026-09-15T14:17:50.802+0000] {manager.py:878} INFO - 
================================================================================
DAG File Processing Stats

File Path                                  PID  Runtime      # DAGs    # Errors  Last Runtime    Last Run
---------------------------------------  -----  ---------  --------  ----------  --------------  ----------
/opt/airflow/dags/fraud_pipeline_dag.py    168  0.04s             0           0
================================================================================
[2026-09-15T14:18:20.941+0000] {manager.py:878} INFO - 
================================================================================
DAG File Processing Stats

File Path                                PID    Runtime      # DAGs    # Errors  Last Runtime    Last Run
---------------------------------------  -----  ---------  --------  ----------  --------------  -------------------
/opt/airflow/dags/fraud_pipeline_dag.py                           1           0  0.33s           2026-09-15T14:17:51
================================================================================
[2026-09-15T14:18:51.519+0000] {manager.py:878} INFO - 
================================================================================
DAG File Processing Stats

File Path                                  PID  Runtime      # DAGs    # Errors  Last Runtime    Last Run
---------------------------------------  -----  ---------  --------  ----------  --------------  -------------------
/opt/airflow/dags/fraud_pipeline_dag.py    443  0.01s             1           0  0.12s           2026-09-15T14:18:21
================================================================================
[2026-09-15T14:19:21.761+0000] {manager.py:878} INFO - 
================================================================================
DAG File Processing Stats

File Path                                PID    Runtime      # DAGs    # Errors  Last Runtime    Last Run
---------------------------------------  -----  ---------  --------  ----------  --------------  -------------------
/opt/airflow/dags/fraud_pipeline_dag.py                           1           0  0.42s           2026-09-15T14:18:51
================================================================================
[2026-09-15T14:19:51.846+0000] {manager.py:878} INFO - 
================================================================================
DAG File Processing Stats

File Path                                PID    Runtime      # DAGs    # Errors  Last Runtime    Last Run
---------------------------------------  -----  ---------  --------  ----------  --------------  -------------------
/opt/airflow/dags/fraud_pipeline_dag.py                           1           0  0.18s           2026-09-15T14:19:22
================================================================================
[2026-09-15T14:20:22.018+0000] {manager.py:878} INFO - 
================================================================================
DAG File Processing Stats

File Path                                PID    Runtime      # DAGs    # Errors  Last Runtime    Last Run
---------------------------------------  -----  ---------  --------  ----------  --------------  -------------------
/opt/airflow/dags/fraud_pipeline_dag.py                           1           0  0.12s           2026-09-15T14:19:52
================================================================================
[2026-09-15T14:20:52.213+0000] {manager.py:878} INFO - 
================================================================================
DAG File Processing Stats

File Path                                PID    Runtime      # DAGs    # Errors  Last Runtime    Last Run
---------------------------------------  -----  ---------  --------  ----------  --------------  -------------------
/opt/airflow/dags/fraud_pipeline_dag.py                           1           0  0.11s           2026-09-15T14:20:23
================================================================================
[2026-09-15T14:21:22.414+0000] {manager.py:878} INFO - 
================================================================================
DAG File Processing Stats

File Path                                PID    Runtime      # DAGs    # Errors  Last Runtime    Last Run
---------------------------------------  -----  ---------  --------  ----------  --------------  -------------------
/opt/airflow/dags/fraud_pipeline_dag.py                           1           0  0.09s           2026-09-15T14:20:53
================================================================================
[2026-09-15T14:21:52.620+0000] {manager.py:878} INFO - 
================================================================================
DAG File Processing Stats

File Path                                PID    Runtime      # DAGs    # Errors  Last Runtime    Last Run
---------------------------------------  -----  ---------  --------  ----------  --------------  -------------------
/opt/airflow/dags/fraud_pipeline_dag.py                           1           0  0.11s           2026-09-15T14:21:23
================================================================================
[2026-09-15T14:22:22.866+0000] {manager.py:878} INFO - 
================================================================================
DAG File Processing Stats

File Path                                PID    Runtime      # DAGs    # Errors  Last Runtime    Last Run
---------------------------------------  -----  ---------  --------  ----------  --------------  -------------------
/opt/airflow/dags/fraud_pipeline_dag.py                           1           0  0.09s           2026-09-15T14:21:53
================================================================================
[2026-09-15T14:22:51.057+0000] {manager.py:737} INFO - Searching for files in /opt/airflow/dags
[2026-09-15T14:22:51.068+0000] {manager.py:740} INFO - There are 1 files in /opt/airflow/dags
[2026-09-15T14:22:53.090+0000] {manager.py:878} INFO - 
================================================================================
DAG File Processing Stats

File Path                                PID    Runtime      # DAGs    # Errors  Last Runtime    Last Run
---------------------------------------  -----  ---------  --------  ----------  --------------  -------------------
/opt/airflow/dags/fraud_pipeline_dag.py                           1           0  0.08s           2026-09-15T14:22:23
================================================================================
[2026-09-15T14:23:23.269+0000] {manager.py:878} INFO - 
================================================================================
DAG File Processing Stats

File Path                                PID    Runtime      # DAGs    # Errors  Last Runtime    Last Run
---------------------------------------  -----  ---------  --------  ----------  --------------  -------------------
/opt/airflow/dags/fraud_pipeline_dag.py                           1           0  0.09s           2026-09-15T14:22:54
================================================================================
[2026-09-15T14:23:53.514+0000] {manager.py:878} INFO - 
================================================================================
DAG File Processing Stats

File Path                                PID    Runtime      # DAGs    # Errors  Last Runtime    Last Run
---------------------------------------  -----  ---------  --------  ----------  --------------  -------------------
/opt/airflow/dags/fraud_pipeline_dag.py                           1           0  0.09s           2026-09-15T14:23:24
================================================================================
[2026-09-15T14:24:23.702+0000] {manager.py:878} INFO - 
================================================================================
DAG File Processing Stats

File Path                                PID    Runtime      # DAGs    # Errors  Last Runtime    Last Run
---------------------------------------  -----  ---------  --------  ----------  --------------  -------------------
/opt/airflow/dags/fraud_pipeline_dag.py                           1           0  0.08s           2026-09-15T14:23:54
================================================================================
[2026-09-15T14:24:53.917+0000] {manager.py:878} INFO - 
================================================================================
DAG File Processing Stats

File Path                                PID    Runtime      # DAGs    # Errors  Last Runtime    Last Run
---------------------------------------  -----  ---------  --------  ----------  --------------  -------------------
/opt/airflow/dags/fraud_pipeline_dag.py                           1           0  0.09s           2026-09-15T14:24:24
================================================================================
[2026-09-15T14:25:24.132+0000] {manager.py:878} INFO - 
================================================================================
DAG File Processing Stats

File Path                                PID    Runtime      # DAGs    # Errors  Last Runtime    Last Run
---------------------------------------  -----  ---------  --------  ----------  --------------  -------------------
/opt/airflow/dags/fraud_pipeline_dag.py                           1           0  0.11s           2026-09-15T14:24:55
================================================================================
[2026-09-15T14:25:54.370+0000] {manager.py:878} INFO - 
================================================================================
DAG File Processing Stats

File Path                                PID    Runtime      # DAGs    # Errors  Last Runtime    Last Run
---------------------------------------  -----  ---------  --------  ----------  --------------  -------------------
/opt/airflow/dags/fraud_pipeline_dag.py                           1           0  0.09s           2026-09-15T14:25:25
================================================================================
[2026-09-15T14:26:24.529+0000] {manager.py:878} INFO - 
================================================================================
DAG File Processing Stats

File Path                                PID    Runtime      # DAGs    # Errors  Last Runtime    Last Run
---------------------------------------  -----  ---------  --------  ----------  --------------  -------------------
/opt/airflow/dags/fraud_pipeline_dag.py                           1           0  0.09s           2026-09-15T14:25:55
================================================================================
[2026-09-15T14:26:54.732+0000] {manager.py:878} INFO - 
================================================================================
DAG File Processing Stats

File Path                                PID    Runtime      # DAGs    # Errors  Last Runtime    Last Run
---------------------------------------  -----  ---------  --------  ----------  --------------  -------------------
/opt/airflow/dags/fraud_pipeline_dag.py                           1           0  0.09s           2026-09-15T14:26:25
================================================================================
[2026-09-15T14:27:24.949+0000] {manager.py:878} INFO - 
================================================================================
DAG File Processing Stats

File Path                                PID    Runtime      # DAGs    # Errors  Last Runtime    Last Run
---------------------------------------  -----  ---------  --------  ----------  --------------  -------------------
/opt/airflow/dags/fraud_pipeline_dag.py                           1           0  0.09s           2026-09-15T14:26:55
================================================================================
[2026-09-15T14:27:51.152+0000] {manager.py:737} INFO - Searching for files in /opt/airflow/dags
[2026-09-15T14:27:51.163+0000] {manager.py:740} INFO - There are 1 files in /opt/airflow/dags
[2026-09-15T14:27:55.199+0000] {manager.py:878} INFO - 
================================================================================
DAG File Processing Stats

File Path                                PID    Runtime      # DAGs    # Errors  Last Runtime    Last Run
---------------------------------------  -----  ---------  --------  ----------  --------------  -------------------
/opt/airflow/dags/fraud_pipeline_dag.py                           1           0  0.09s           2026-09-15T14:27:26
================================================================================
[2026-09-15T14:28:25.390+0000] {manager.py:878} INFO - 
================================================================================
DAG File Processing Stats

File Path                                PID    Runtime      # DAGs    # Errors  Last Runtime    Last Run
---------------------------------------  -----  ---------  --------  ----------  --------------  -------------------
/opt/airflow/dags/fraud_pipeline_dag.py                           1           0  0.10s           2026-09-15T14:27:56
================================================================================
[2026-09-15T14:28:43.104+0000] {manager.py:452} INFO - Exiting gracefully upon receiving signal 15
[2026-09-15T14:31:26.963+0000] {manager.py:470} INFO - Processing files using up to 2 processes at a time 
[2026-09-15T14:31:26.964+0000] {manager.py:471} INFO - Process each file at most once every 30 seconds
[2026-09-15T14:31:26.965+0000] {manager.py:472} INFO - Checking for new files in /opt/airflow/dags every 300 seconds
[2026-09-15T14:31:26.965+0000] {manager.py:737} INFO - Searching for files in /opt/airflow/dags
[2026-09-15T14:31:26.976+0000] {manager.py:740} INFO - There are 1 files in /opt/airflow/dags
[2026-09-15T14:31:27.080+0000] {manager.py:878} INFO - 
================================================================================
DAG File Processing Stats

File Path                                  PID  Runtime      # DAGs    # Errors  Last Runtime    Last Run
---------------------------------------  -----  ---------  --------  ----------  --------------  ----------
/opt/airflow/dags/fraud_pipeline_dag.py    168  0.03s             0           0
================================================================================
[2026-09-15T14:31:57.216+0000] {manager.py:878} INFO - 
================================================================================
DAG File Processing Stats

File Path                                  PID  Runtime      # DAGs    # Errors  Last Runtime    Last Run
---------------------------------------  -----  ---------  --------  ----------  --------------  -------------------
/opt/airflow/dags/fraud_pipeline_dag.py    174  0.00s             1           0  0.09s           2026-09-15T14:31:27
================================================================================
[2026-09-15T14:32:27.518+0000] {manager.py:878} INFO - 
================================================================================
DAG File Processing Stats

File Path                                PID    Runtime      # DAGs    # Errors  Last Runtime    Last Run
---------------------------------------  -----  ---------  --------  ----------  --------------  -------------------
/opt/airflow/dags/fraud_pipeline_dag.py                           1           0  0.38s           2026-09-15T14:31:57
================================================================================
[2026-09-15T14:32:58.111+0000] {manager.py:878} INFO - 
================================================================================
DAG File Processing Stats

File Path                                  PID  Runtime      # DAGs    # Errors  Last Runtime    Last Run
---------------------------------------  -----  ---------  --------  ----------  --------------  -------------------
/opt/airflow/dags/fraud_pipeline_dag.py   1410  0.00s             1           0  0.13s           2026-09-15T14:32:27
================================================================================
[2026-09-15T14:33:28.386+0000] {manager.py:878} INFO - 
================================================================================
DAG File Processing Stats

File Path                                  PID  Runtime      # DAGs    # Errors  Last Runtime    Last Run
---------------------------------------  -----  ---------  --------  ----------  --------------  -------------------
/opt/airflow/dags/fraud_pipeline_dag.py   1415  0.00s             1           0  0.13s           2026-09-15T14:32:58
================================================================================
[2026-09-15T14:33:58.567+0000] {manager.py:878} INFO - 
================================================================================
DAG File Processing Stats

File Path                                  PID  Runtime      # DAGs    # Errors  Last Runtime    Last Run
---------------------------------------  -----  ---------  --------  ----------  --------------  -------------------
/opt/airflow/dags/fraud_pipeline_dag.py   1420  0.00s             1           0  0.09s           2026-09-15T14:33:28
================================================================================
[2026-09-15T14:34:28.797+0000] {manager.py:878} INFO - 
================================================================================
DAG File Processing Stats

File Path                                  PID  Runtime      # DAGs    # Errors  Last Runtime    Last Run
---------------------------------------  -----  ---------  --------  ----------  --------------  -------------------
/opt/airflow/dags/fraud_pipeline_dag.py   1425  0.00s             1           0  0.08s           2026-09-15T14:33:58
================================================================================
[2026-09-15T14:34:58.969+0000] {manager.py:878} INFO - 
================================================================================
DAG File Processing Stats

File Path                                  PID  Runtime      # DAGs    # Errors  Last Runtime    Last Run
---------------------------------------  -----  ---------  --------  ----------  --------------  -------------------
/opt/airflow/dags/fraud_pipeline_dag.py   1430  0.00s             1           0  0.09s           2026-09-15T14:34:28
================================================================================
[2026-09-15T14:35:29.208+0000] {manager.py:878} INFO - 
================================================================================
DAG File Processing Stats

File Path                                  PID  Runtime      # DAGs    # Errors  Last Runtime    Last Run
---------------------------------------  -----  ---------  --------  ----------  --------------  -------------------
/opt/airflow/dags/fraud_pipeline_dag.py   1435  0.00s             1           0  0.10s           2026-09-15T14:34:59
================================================================================
[2026-09-15T14:35:59.414+0000] {manager.py:878} INFO - 
================================================================================
DAG File Processing Stats

File Path                                  PID  Runtime      # DAGs    # Errors  Last Runtime    Last Run
---------------------------------------  -----  ---------  --------  ----------  --------------  -------------------
/opt/airflow/dags/fraud_pipeline_dag.py   1440  0.00s             1           0  0.08s           2026-09-15T14:35:29
================================================================================
[2026-09-15T14:36:27.586+0000] {manager.py:737} INFO - Searching for files in /opt/airflow/dags
[2026-09-15T14:36:27.597+0000] {manager.py:740} INFO - There are 1 files in /opt/airflow/dags
[2026-09-15T14:36:29.633+0000] {manager.py:878} INFO - 
================================================================================
DAG File Processing Stats

File Path                                  PID  Runtime      # DAGs    # Errors  Last Runtime    Last Run
---------------------------------------  -----  ---------  --------  ----------  --------------  -------------------
/opt/airflow/dags/fraud_pipeline_dag.py   1445  0.00s             1           0  0.08s           2026-09-15T14:35:59
================================================================================
[2026-09-15T14:36:59.845+0000] {manager.py:878} INFO - 
================================================================================
DAG File Processing Stats

File Path                                  PID  Runtime      # DAGs    # Errors  Last Runtime    Last Run
---------------------------------------  -----  ---------  --------  ----------  --------------  -------------------
/opt/airflow/dags/fraud_pipeline_dag.py   1450  0.00s             1           0  0.09s           2026-09-15T14:36:29
================================================================================
[2026-09-15T14:37:30.064+0000] {manager.py:878} INFO - 
================================================================================
DAG File Processing Stats

File Path                                  PID  Runtime      # DAGs    # Errors  Last Runtime    Last Run
---------------------------------------  -----  ---------  --------  ----------  --------------  -------------------
/opt/airflow/dags/fraud_pipeline_dag.py   1455  0.00s             1           0  0.08s           2026-09-15T14:36:59
================================================================================
[2026-09-15T14:38:00.237+0000] {manager.py:878} INFO - 
================================================================================
DAG File Processing Stats

File Path                                  PID  Runtime      # DAGs    # Errors  Last Runtime    Last Run
---------------------------------------  -----  ---------  --------  ----------  --------------  -------------------
/opt/airflow/dags/fraud_pipeline_dag.py   1460  0.00s             1           0  0.08s           2026-09-15T14:37:30
================================================================================
[2026-09-15T14:38:30.436+0000] {manager.py:878} INFO - 
================================================================================
DAG File Processing Stats

File Path                                  PID  Runtime      # DAGs    # Errors  Last Runtime    Last Run
---------------------------------------  -----  ---------  --------  ----------  --------------  -------------------
/opt/airflow/dags/fraud_pipeline_dag.py   1465  0.00s             1           0  0.10s           2026-09-15T14:38:00
================================================================================
[2026-09-15T14:38:39.268+0000] {manager.py:452} INFO - Exiting gracefully upon receiving signal 15
[2026-09-16T00:05:54.911+0000] {manager.py:470} INFO - Processing files using up to 2 processes at a time 
[2026-09-16T00:05:54.913+0000] {manager.py:471} INFO - Process each file at most once every 30 seconds
[2026-09-16T00:05:54.914+0000] {manager.py:472} INFO - Checking for new files in /opt/airflow/dags every 300 seconds
[2026-09-16T00:05:54.914+0000] {manager.py:737} INFO - Searching for files in /opt/airflow/dags
[2026-09-16T00:05:54.925+0000] {manager.py:740} INFO - There are 1 files in /opt/airflow/dags
[2026-09-16T00:05:55.071+0000] {manager.py:878} INFO - 
================================================================================
DAG File Processing Stats

File Path                                  PID  Runtime      # DAGs    # Errors  Last Runtime    Last Run
---------------------------------------  -----  ---------  --------  ----------  --------------  ----------
/opt/airflow/dags/fraud_pipeline_dag.py    168  0.04s             0           0
================================================================================
[2026-09-16T00:06:25.238+0000] {manager.py:878} INFO - 
================================================================================
DAG File Processing Stats

File Path                                  PID  Runtime      # DAGs    # Errors  Last Runtime    Last Run
---------------------------------------  -----  ---------  --------  ----------  --------------  -------------------
/opt/airflow/dags/fraud_pipeline_dag.py    173  0.01s             1           0  0.12s           2026-09-16T00:05:55
================================================================================
[2026-09-16T00:06:55.451+0000] {manager.py:878} INFO - 
================================================================================
DAG File Processing Stats

File Path                                PID    Runtime      # DAGs    # Errors  Last Runtime    Last Run
---------------------------------------  -----  ---------  --------  ----------  --------------  -------------------
/opt/airflow/dags/fraud_pipeline_dag.py                           1           0  0.29s           2026-09-16T00:06:25
================================================================================
[2026-09-16T00:07:27.819+0000] {manager.py:878} INFO - 
================================================================================
DAG File Processing Stats

File Path                                  PID  Runtime      # DAGs    # Errors  Last Runtime    Last Run
---------------------------------------  -----  ---------  --------  ----------  --------------  -------------------
/opt/airflow/dags/fraud_pipeline_dag.py    733  1.07s             1           0  0.21s           2026-09-16T00:06:55
================================================================================
[2026-09-16T00:07:58.062+0000] {manager.py:878} INFO - 
================================================================================
DAG File Processing Stats

File Path                                PID    Runtime      # DAGs    # Errors  Last Runtime    Last Run
---------------------------------------  -----  ---------  --------  ----------  --------------  -------------------
/opt/airflow/dags/fraud_pipeline_dag.py                           1           0  1.35s           2026-09-16T00:07:28
================================================================================
[2026-09-16T00:08:28.233+0000] {manager.py:878} INFO - 
================================================================================
DAG File Processing Stats

File Path                                PID    Runtime      # DAGs    # Errors  Last Runtime    Last Run
---------------------------------------  -----  ---------  --------  ----------  --------------  -------------------
/opt/airflow/dags/fraud_pipeline_dag.py                           1           0  0.74s           2026-09-16T00:07:59
================================================================================
[2026-09-16T00:08:58.411+0000] {manager.py:878} INFO - 
================================================================================
DAG File Processing Stats

File Path                                PID    Runtime      # DAGs    # Errors  Last Runtime    Last Run
---------------------------------------  -----  ---------  --------  ----------  --------------  -------------------
/opt/airflow/dags/fraud_pipeline_dag.py                           1           0  0.13s           2026-09-16T00:08:29
================================================================================
[2026-09-16T00:09:28.592+0000] {manager.py:878} INFO - 
================================================================================
DAG File Processing Stats

File Path                                PID    Runtime      # DAGs    # Errors  Last Runtime    Last Run
---------------------------------------  -----  ---------  --------  ----------  --------------  -------------------
/opt/airflow/dags/fraud_pipeline_dag.py                           1           0  0.10s           2026-09-16T00:08:59
================================================================================
[2026-09-16T00:09:58.823+0000] {manager.py:878} INFO - 
================================================================================
DAG File Processing Stats

File Path                                PID    Runtime      # DAGs    # Errors  Last Runtime    Last Run
---------------------------------------  -----  ---------  --------  ----------  --------------  -------------------
/opt/airflow/dags/fraud_pipeline_dag.py                           1           0  0.13s           2026-09-16T00:09:29
================================================================================
[2026-09-16T00:10:29.025+0000] {manager.py:878} INFO - 
================================================================================
DAG File Processing Stats

File Path                                PID    Runtime      # DAGs    # Errors  Last Runtime    Last Run
---------------------------------------  -----  ---------  --------  ----------  --------------  -------------------
/opt/airflow/dags/fraud_pipeline_dag.py                           1           0  0.12s           2026-09-16T00:09:59
================================================================================
[2026-09-16T00:10:55.226+0000] {manager.py:737} INFO - Searching for files in /opt/airflow/dags
[2026-09-16T00:10:55.238+0000] {manager.py:740} INFO - There are 1 files in /opt/airflow/dags
[2026-09-16T00:10:59.273+0000] {manager.py:878} INFO - 
================================================================================
DAG File Processing Stats

File Path                                PID    Runtime      # DAGs    # Errors  Last Runtime    Last Run
---------------------------------------  -----  ---------  --------  ----------  --------------  -------------------
/opt/airflow/dags/fraud_pipeline_dag.py                           1           0  0.10s           2026-09-16T00:10:30
================================================================================
[2026-09-16T00:11:29.502+0000] {manager.py:878} INFO - 
================================================================================
DAG File Processing Stats

File Path                                PID    Runtime      # DAGs    # Errors  Last Runtime    Last Run
---------------------------------------  -----  ---------  --------  ----------  --------------  -------------------
/opt/airflow/dags/fraud_pipeline_dag.py                           1           0  0.09s           2026-09-16T00:11:00
================================================================================
[2026-09-16T00:11:59.690+0000] {manager.py:878} INFO - 
================================================================================
DAG File Processing Stats

File Path                                PID    Runtime      # DAGs    # Errors  Last Runtime    Last Run
---------------------------------------  -----  ---------  --------  ----------  --------------  -------------------
/opt/airflow/dags/fraud_pipeline_dag.py                           1           0  0.09s           2026-09-16T00:11:30
================================================================================
[2026-09-16T00:12:29.950+0000] {manager.py:878} INFO - 
================================================================================
DAG File Processing Stats

File Path                                PID    Runtime      # DAGs    # Errors  Last Runtime    Last Run
---------------------------------------  -----  ---------  --------  ----------  --------------  -------------------
/opt/airflow/dags/fraud_pipeline_dag.py                           1           0  0.09s           2026-09-16T00:12:00
================================================================================
[2026-09-16T00:13:00.173+0000] {manager.py:878} INFO - 
================================================================================
DAG File Processing Stats

File Path                                PID    Runtime      # DAGs    # Errors  Last Runtime    Last Run
---------------------------------------  -----  ---------  --------  ----------  --------------  -------------------
/opt/airflow/dags/fraud_pipeline_dag.py                           1           0  0.09s           2026-09-16T00:12:31
================================================================================
[2026-09-16T00:13:30.395+0000] {manager.py:878} INFO - 
================================================================================
DAG File Processing Stats

File Path                                PID    Runtime      # DAGs    # Errors  Last Runtime    Last Run
---------------------------------------  -----  ---------  --------  ----------  --------------  -------------------
/opt/airflow/dags/fraud_pipeline_dag.py                           1           0  0.09s           2026-09-16T00:13:01
================================================================================
[2026-09-16T00:14:00.616+0000] {manager.py:878} INFO - 
================================================================================
DAG File Processing Stats

File Path                                PID    Runtime      # DAGs    # Errors  Last Runtime    Last Run
---------------------------------------  -----  ---------  --------  ----------  --------------  -------------------
/opt/airflow/dags/fraud_pipeline_dag.py                           1           0  0.09s           2026-09-16T00:13:31
================================================================================
[2026-09-16T00:14:30.841+0000] {manager.py:878} INFO - 
================================================================================
DAG File Processing Stats

File Path                                PID    Runtime      # DAGs    # Errors  Last Runtime    Last Run
---------------------------------------  -----  ---------  --------  ----------  --------------  -------------------
/opt/airflow/dags/fraud_pipeline_dag.py                           1           0  0.10s           2026-09-16T00:14:01
================================================================================
[2026-09-16T00:15:01.033+0000] {manager.py:878} INFO - 
================================================================================
DAG File Processing Stats

File Path                                PID    Runtime      # DAGs    # Errors  Last Runtime    Last Run
---------------------------------------  -----  ---------  --------  ----------  --------------  -------------------
/opt/airflow/dags/fraud_pipeline_dag.py                           1           0  0.09s           2026-09-16T00:14:31
================================================================================
[2026-09-16T00:15:31.259+0000] {manager.py:878} INFO - 
================================================================================
DAG File Processing Stats

File Path                                PID    Runtime      # DAGs    # Errors  Last Runtime    Last Run
---------------------------------------  -----  ---------  --------  ----------  --------------  -------------------
/opt/airflow/dags/fraud_pipeline_dag.py                           1           0  0.09s           2026-09-16T00:15:02
================================================================================
[2026-09-16T00:15:55.423+0000] {manager.py:737} INFO - Searching for files in /opt/airflow/dags
[2026-09-16T00:15:55.436+0000] {manager.py:740} INFO - There are 1 files in /opt/airflow/dags
[2026-09-16T00:16:01.480+0000] {manager.py:878} INFO - 
================================================================================
DAG File Processing Stats

File Path                                PID    Runtime      # DAGs    # Errors  Last Runtime    Last Run
---------------------------------------  -----  ---------  --------  ----------  --------------  -------------------
/opt/airflow/dags/fraud_pipeline_dag.py                           1           0  0.09s           2026-09-16T00:15:32
================================================================================
[2026-09-16T00:16:31.677+0000] {manager.py:878} INFO - 
================================================================================
DAG File Processing Stats

File Path                                PID    Runtime      # DAGs    # Errors  Last Runtime    Last Run
---------------------------------------  -----  ---------  --------  ----------  --------------  -------------------
/opt/airflow/dags/fraud_pipeline_dag.py                           1           0  0.09s           2026-09-16T00:16:02
================================================================================
[2026-09-16T00:17:01.880+0000] {manager.py:878} INFO - 
================================================================================
DAG File Processing Stats

File Path                                PID    Runtime      # DAGs    # Errors  Last Runtime    Last Run
---------------------------------------  -----  ---------  --------  ----------  --------------  -------------------
/opt/airflow/dags/fraud_pipeline_dag.py                           1           0  0.10s           2026-09-16T00:16:32
================================================================================
[2026-09-16T00:17:32.123+0000] {manager.py:878} INFO - 
================================================================================
DAG File Processing Stats

File Path                                PID    Runtime      # DAGs    # Errors  Last Runtime    Last Run
---------------------------------------  -----  ---------  --------  ----------  --------------  -------------------
/opt/airflow/dags/fraud_pipeline_dag.py                           1           0  0.09s           2026-09-16T00:17:02
================================================================================
[2026-09-16T00:18:02.297+0000] {manager.py:878} INFO - 
================================================================================
DAG File Processing Stats

File Path                                PID    Runtime      # DAGs    # Errors  Last Runtime    Last Run
---------------------------------------  -----  ---------  --------  ----------  --------------  -------------------
/opt/airflow/dags/fraud_pipeline_dag.py                           1           0  0.10s           2026-09-16T00:17:33
================================================================================
[2026-09-16T00:18:32.525+0000] {manager.py:878} INFO - 
================================================================================
DAG File Processing Stats

File Path                                PID    Runtime      # DAGs    # Errors  Last Runtime    Last Run
---------------------------------------  -----  ---------  --------  ----------  --------------  -------------------
/opt/airflow/dags/fraud_pipeline_dag.py                           1           0  0.16s           2026-09-16T00:18:03
================================================================================
[2026-09-16T00:19:02.779+0000] {manager.py:878} INFO - 
================================================================================
DAG File Processing Stats

File Path                                PID    Runtime      # DAGs    # Errors  Last Runtime    Last Run
---------------------------------------  -----  ---------  --------  ----------  --------------  -------------------
/opt/airflow/dags/fraud_pipeline_dag.py                           1           0  0.12s           2026-09-16T00:18:33
================================================================================
[2026-09-16T00:19:32.981+0000] {manager.py:878} INFO - 
================================================================================
DAG File Processing Stats

File Path                                PID    Runtime      # DAGs    # Errors  Last Runtime    Last Run
---------------------------------------  -----  ---------  --------  ----------  --------------  -------------------
/opt/airflow/dags/fraud_pipeline_dag.py                           1           0  0.10s           2026-09-16T00:19:03
================================================================================
[2026-09-16T00:20:03.196+0000] {manager.py:878} INFO - 
================================================================================
DAG File Processing Stats

File Path                                PID    Runtime      # DAGs    # Errors  Last Runtime    Last Run
---------------------------------------  -----  ---------  --------  ----------  --------------  -------------------
/opt/airflow/dags/fraud_pipeline_dag.py                           1           0  0.11s           2026-09-16T00:19:34
================================================================================
[2026-09-16T00:20:33.378+0000] {manager.py:878} INFO - 
================================================================================
DAG File Processing Stats

File Path                                PID    Runtime      # DAGs    # Errors  Last Runtime    Last Run
---------------------------------------  -----  ---------  --------  ----------  --------------  -------------------
/opt/airflow/dags/fraud_pipeline_dag.py                           1           0  0.11s           2026-09-16T00:20:04
================================================================================
[2026-09-16T00:20:55.566+0000] {manager.py:737} INFO - Searching for files in /opt/airflow/dags
[2026-09-16T00:20:55.579+0000] {manager.py:740} INFO - There are 1 files in /opt/airflow/dags
[2026-09-16T00:21:03.633+0000] {manager.py:878} INFO - 
================================================================================
DAG File Processing Stats

File Path                                PID    Runtime      # DAGs    # Errors  Last Runtime    Last Run
---------------------------------------  -----  ---------  --------  ----------  --------------  -------------------
/opt/airflow/dags/fraud_pipeline_dag.py                           1           0  0.13s           2026-09-16T00:20:34
================================================================================
[2026-09-16T00:21:33.815+0000] {manager.py:878} INFO - 
================================================================================
DAG File Processing Stats

File Path                                PID    Runtime      # DAGs    # Errors  Last Runtime    Last Run
---------------------------------------  -----  ---------  --------  ----------  --------------  -------------------
/opt/airflow/dags/fraud_pipeline_dag.py                           1           0  0.10s           2026-09-16T00:21:04
================================================================================
[2026-09-16T00:22:04.047+0000] {manager.py:878} INFO - 
================================================================================
DAG File Processing Stats

File Path                                PID    Runtime      # DAGs    # Errors  Last Runtime    Last Run
---------------------------------------  -----  ---------  --------  ----------  --------------  -------------------
/opt/airflow/dags/fraud_pipeline_dag.py                           1           0  0.09s           2026-09-16T00:21:34
================================================================================
[2026-09-16T00:22:34.211+0000] {manager.py:878} INFO - 
================================================================================
DAG File Processing Stats

File Path                                PID    Runtime      # DAGs    # Errors  Last Runtime    Last Run
---------------------------------------  -----  ---------  --------  ----------  --------------  -------------------
/opt/airflow/dags/fraud_pipeline_dag.py                           1           0  0.13s           2026-09-16T00:22:05
================================================================================
[2026-09-16T00:23:04.393+0000] {manager.py:878} INFO - 
================================================================================
DAG File Processing Stats

File Path                                PID    Runtime      # DAGs    # Errors  Last Runtime    Last Run
---------------------------------------  -----  ---------  --------  ----------  --------------  -------------------
/opt/airflow/dags/fraud_pipeline_dag.py                           1           0  0.09s           2026-09-16T00:22:35
================================================================================
[2026-09-16T00:23:34.589+0000] {manager.py:878} INFO - 
================================================================================
DAG File Processing Stats

File Path                                PID    Runtime      # DAGs    # Errors  Last Runtime    Last Run
---------------------------------------  -----  ---------  --------  ----------  --------------  -------------------
/opt/airflow/dags/fraud_pipeline_dag.py                           1           0  0.09s           2026-09-16T00:23:05
================================================================================
[2026-09-16T00:24:04.764+0000] {manager.py:878} INFO - 
================================================================================
DAG File Processing Stats

File Path                                PID    Runtime      # DAGs    # Errors  Last Runtime    Last Run
---------------------------------------  -----  ---------  --------  ----------  --------------  -------------------
/opt/airflow/dags/fraud_pipeline_dag.py                           1           0  0.09s           2026-09-16T00:23:35
================================================================================
[2026-09-16T00:24:34.977+0000] {manager.py:878} INFO - 
================================================================================
DAG File Processing Stats

File Path                                PID    Runtime      # DAGs    # Errors  Last Runtime    Last Run
---------------------------------------  -----  ---------  --------  ----------  --------------  -------------------
/opt/airflow/dags/fraud_pipeline_dag.py                           1           0  0.10s           2026-09-16T00:24:05
================================================================================
[2026-09-16T00:25:05.135+0000] {manager.py:878} INFO - 
================================================================================
DAG File Processing Stats

File Path                                PID    Runtime      # DAGs    # Errors  Last Runtime    Last Run
---------------------------------------  -----  ---------  --------  ----------  --------------  -------------------
/opt/airflow/dags/fraud_pipeline_dag.py                           1           0  0.10s           2026-09-16T00:24:36
================================================================================
[2026-09-16T00:25:35.374+0000] {manager.py:878} INFO - 
================================================================================
DAG File Processing Stats

File Path                                PID    Runtime      # DAGs    # Errors  Last Runtime    Last Run
---------------------------------------  -----  ---------  --------  ----------  --------------  -------------------
/opt/airflow/dags/fraud_pipeline_dag.py                           1           0  0.12s           2026-09-16T00:25:06
================================================================================
[2026-09-16T00:25:56.492+0000] {manager.py:737} INFO - Searching for files in /opt/airflow/dags
[2026-09-16T00:25:56.505+0000] {manager.py:740} INFO - There are 1 files in /opt/airflow/dags
[2026-09-16T00:26:05.571+0000] {manager.py:878} INFO - 
================================================================================
DAG File Processing Stats

File Path                                PID    Runtime      # DAGs    # Errors  Last Runtime    Last Run
---------------------------------------  -----  ---------  --------  ----------  --------------  -------------------
/opt/airflow/dags/fraud_pipeline_dag.py                           1           0  0.09s           2026-09-16T00:25:36
================================================================================
[2026-09-16T00:26:35.779+0000] {manager.py:878} INFO - 
================================================================================
DAG File Processing Stats

File Path                                PID    Runtime      # DAGs    # Errors  Last Runtime    Last Run
---------------------------------------  -----  ---------  --------  ----------  --------------  -------------------
/opt/airflow/dags/fraud_pipeline_dag.py                           1           0  0.09s           2026-09-16T00:26:06
================================================================================
[2026-09-16T00:27:05.965+0000] {manager.py:878} INFO - 
================================================================================
DAG File Processing Stats

File Path                                PID    Runtime      # DAGs    # Errors  Last Runtime    Last Run
---------------------------------------  -----  ---------  --------  ----------  --------------  -------------------
/opt/airflow/dags/fraud_pipeline_dag.py                           1           0  0.09s           2026-09-16T00:26:36
================================================================================
[2026-09-16T00:27:36.182+0000] {manager.py:878} INFO - 
================================================================================
DAG File Processing Stats

File Path                                PID    Runtime      # DAGs    # Errors  Last Runtime    Last Run
---------------------------------------  -----  ---------  --------  ----------  --------------  -------------------
/opt/airflow/dags/fraud_pipeline_dag.py                           1           0  0.09s           2026-09-16T00:27:07
================================================================================
[2026-09-16T00:28:06.378+0000] {manager.py:878} INFO - 
================================================================================
DAG File Processing Stats

File Path                                PID    Runtime      # DAGs    # Errors  Last Runtime    Last Run
---------------------------------------  -----  ---------  --------  ----------  --------------  -------------------
/opt/airflow/dags/fraud_pipeline_dag.py                           1           0  0.09s           2026-09-16T00:27:37
================================================================================
[2026-09-16T00:28:36.585+0000] {manager.py:878} INFO - 
================================================================================
DAG File Processing Stats

File Path                                PID    Runtime      # DAGs    # Errors  Last Runtime    Last Run
---------------------------------------  -----  ---------  --------  ----------  --------------  -------------------
/opt/airflow/dags/fraud_pipeline_dag.py                           1           0  0.10s           2026-09-16T00:28:07
================================================================================
[2026-09-16T00:29:06.786+0000] {manager.py:878} INFO - 
================================================================================
DAG File Processing Stats

File Path                                PID    Runtime      # DAGs    # Errors  Last Runtime    Last Run
---------------------------------------  -----  ---------  --------  ----------  --------------  -------------------
/opt/airflow/dags/fraud_pipeline_dag.py                           1           0  0.09s           2026-09-16T00:28:37
================================================================================
[2026-09-16T00:29:36.987+0000] {manager.py:878} INFO - 
================================================================================
DAG File Processing Stats

File Path                                PID    Runtime      # DAGs    # Errors  Last Runtime    Last Run
---------------------------------------  -----  ---------  --------  ----------  --------------  -------------------
/opt/airflow/dags/fraud_pipeline_dag.py                           1           0  0.11s           2026-09-16T00:29:07
================================================================================
[2026-09-16T00:30:07.229+0000] {manager.py:878} INFO - 
================================================================================
DAG File Processing Stats

File Path                                PID    Runtime      # DAGs    # Errors  Last Runtime    Last Run
---------------------------------------  -----  ---------  --------  ----------  --------------  -------------------
/opt/airflow/dags/fraud_pipeline_dag.py                           1           0  0.09s           2026-09-16T00:29:38
================================================================================
[2026-09-16T00:30:37.418+0000] {manager.py:878} INFO - 
================================================================================
DAG File Processing Stats

File Path                                PID    Runtime      # DAGs    # Errors  Last Runtime    Last Run
---------------------------------------  -----  ---------  --------  ----------  --------------  -------------------
/opt/airflow/dags/fraud_pipeline_dag.py                           1           0  0.12s           2026-09-16T00:30:08
================================================================================
[2026-09-16T00:30:56.633+0000] {manager.py:737} INFO - Searching for files in /opt/airflow/dags
[2026-09-16T00:30:56.646+0000] {manager.py:740} INFO - There are 1 files in /opt/airflow/dags
[2026-09-16T00:31:07.724+0000] {manager.py:878} INFO - 
================================================================================
DAG File Processing Stats

File Path                                PID    Runtime      # DAGs    # Errors  Last Runtime    Last Run
---------------------------------------  -----  ---------  --------  ----------  --------------  -------------------
/opt/airflow/dags/fraud_pipeline_dag.py                           1           0  0.10s           2026-09-16T00:30:38
================================================================================
[2026-09-16T00:31:37.897+0000] {manager.py:878} INFO - 
================================================================================
DAG File Processing Stats

File Path                                PID    Runtime      # DAGs    # Errors  Last Runtime    Last Run
---------------------------------------  -----  ---------  --------  ----------  --------------  -------------------
/opt/airflow/dags/fraud_pipeline_dag.py                           1           0  0.09s           2026-09-16T00:31:08
================================================================================
[2026-09-16T00:32:08.122+0000] {manager.py:878} INFO - 
================================================================================
DAG File Processing Stats

File Path                                PID    Runtime      # DAGs    # Errors  Last Runtime    Last Run
---------------------------------------  -----  ---------  --------  ----------  --------------  -------------------
/opt/airflow/dags/fraud_pipeline_dag.py                           1           0  0.10s           2026-09-16T00:31:39
================================================================================
[2026-09-16T00:32:38.304+0000] {manager.py:878} INFO - 
================================================================================
DAG File Processing Stats

File Path                                PID    Runtime      # DAGs    # Errors  Last Runtime    Last Run
---------------------------------------  -----  ---------  --------  ----------  --------------  -------------------
/opt/airflow/dags/fraud_pipeline_dag.py                           1           0  0.10s           2026-09-16T00:32:09
================================================================================
[2026-09-16T00:33:08.532+0000] {manager.py:878} INFO - 
================================================================================
DAG File Processing Stats

File Path                                PID    Runtime      # DAGs    # Errors  Last Runtime    Last Run
---------------------------------------  -----  ---------  --------  ----------  --------------  -------------------
/opt/airflow/dags/fraud_pipeline_dag.py                           1           0  0.09s           2026-09-16T00:32:39
================================================================================
[2026-09-16T00:33:38.703+0000] {manager.py:878} INFO - 
================================================================================
DAG File Processing Stats

File Path                                PID    Runtime      # DAGs    # Errors  Last Runtime    Last Run
---------------------------------------  -----  ---------  --------  ----------  --------------  -------------------
/opt/airflow/dags/fraud_pipeline_dag.py                           1           0  0.12s           2026-09-16T00:33:09
================================================================================
[2026-09-16T00:34:08.961+0000] {manager.py:878} INFO - 
================================================================================
DAG File Processing Stats

File Path                                PID    Runtime      # DAGs    # Errors  Last Runtime    Last Run
---------------------------------------  -----  ---------  --------  ----------  --------------  -------------------
/opt/airflow/dags/fraud_pipeline_dag.py                           1           0  0.12s           2026-09-16T00:33:39
================================================================================
[2026-09-16T00:34:39.169+0000] {manager.py:878} INFO - 
================================================================================
DAG File Processing Stats

File Path                                PID    Runtime      # DAGs    # Errors  Last Runtime    Last Run
---------------------------------------  -----  ---------  --------  ----------  --------------  -------------------
/opt/airflow/dags/fraud_pipeline_dag.py                           1           0  0.11s           2026-09-16T00:34:10
================================================================================
[2026-09-16T00:35:09.398+0000] {manager.py:878} INFO - 
================================================================================
DAG File Processing Stats

File Path                                PID    Runtime      # DAGs    # Errors  Last Runtime    Last Run
---------------------------------------  -----  ---------  --------  ----------  --------------  -------------------
/opt/airflow/dags/fraud_pipeline_dag.py                           1           0  0.09s           2026-09-16T00:34:40
================================================================================
[2026-09-16T00:35:39.580+0000] {manager.py:878} INFO - 
================================================================================
DAG File Processing Stats

File Path                                PID    Runtime      # DAGs    # Errors  Last Runtime    Last Run
---------------------------------------  -----  ---------  --------  ----------  --------------  -------------------
/opt/airflow/dags/fraud_pipeline_dag.py                           1           0  0.10s           2026-09-16T00:35:10
================================================================================
[2026-09-16T00:35:56.724+0000] {manager.py:737} INFO - Searching for files in /opt/airflow/dags
[2026-09-16T00:35:56.734+0000] {manager.py:740} INFO - There are 1 files in /opt/airflow/dags
[2026-09-16T00:36:09.822+0000] {manager.py:878} INFO - 
================================================================================
DAG File Processing Stats

File Path                                PID    Runtime      # DAGs    # Errors  Last Runtime    Last Run
---------------------------------------  -----  ---------  --------  ----------  --------------  -------------------
/opt/airflow/dags/fraud_pipeline_dag.py                           1           0  0.10s           2026-09-16T00:35:40
================================================================================
[2026-09-16T00:36:39.995+0000] {manager.py:878} INFO - 
================================================================================
DAG File Processing Stats

File Path                                PID    Runtime      # DAGs    # Errors  Last Runtime    Last Run
---------------------------------------  -----  ---------  --------  ----------  --------------  -------------------
/opt/airflow/dags/fraud_pipeline_dag.py                           1           0  0.09s           2026-09-16T00:36:10
================================================================================
[2026-09-16T00:37:10.208+0000] {manager.py:878} INFO - 
================================================================================
DAG File Processing Stats

File Path                                PID    Runtime      # DAGs    # Errors  Last Runtime    Last Run
---------------------------------------  -----  ---------  --------  ----------  --------------  -------------------
/opt/airflow/dags/fraud_pipeline_dag.py                           1           0  0.09s           2026-09-16T00:36:41
================================================================================
[2026-09-16T00:37:40.416+0000] {manager.py:878} INFO - 
================================================================================
DAG File Processing Stats

File Path                                PID    Runtime      # DAGs    # Errors  Last Runtime    Last Run
---------------------------------------  -----  ---------  --------  ----------  --------------  -------------------
/opt/airflow/dags/fraud_pipeline_dag.py                           1           0  0.09s           2026-09-16T00:37:11
================================================================================
[2026-09-16T00:38:10.656+0000] {manager.py:878} INFO - 
================================================================================
DAG File Processing Stats

File Path                                PID    Runtime      # DAGs    # Errors  Last Runtime    Last Run
---------------------------------------  -----  ---------  --------  ----------  --------------  -------------------
/opt/airflow/dags/fraud_pipeline_dag.py                           1           0  0.09s           2026-09-16T00:37:41
================================================================================
[2026-09-16T00:38:40.845+0000] {manager.py:878} INFO - 
================================================================================
DAG File Processing Stats

File Path                                PID    Runtime      # DAGs    # Errors  Last Runtime    Last Run
---------------------------------------  -----  ---------  --------  ----------  --------------  -------------------
/opt/airflow/dags/fraud_pipeline_dag.py                           1           0  0.13s           2026-09-16T00:38:11
================================================================================
[2026-09-16T00:39:11.091+0000] {manager.py:878} INFO - 
================================================================================
DAG File Processing Stats

File Path                                PID    Runtime      # DAGs    # Errors  Last Runtime    Last Run
---------------------------------------  -----  ---------  --------  ----------  --------------  -------------------
/opt/airflow/dags/fraud_pipeline_dag.py                           1           0  0.11s           2026-09-16T00:38:41
================================================================================
[2026-09-16T00:39:41.262+0000] {manager.py:878} INFO - 
================================================================================
DAG File Processing Stats

File Path                                PID    Runtime      # DAGs    # Errors  Last Runtime    Last Run
---------------------------------------  -----  ---------  --------  ----------  --------------  -------------------
/opt/airflow/dags/fraud_pipeline_dag.py                           1           0  0.11s           2026-09-16T00:39:12
================================================================================
[2026-09-16T00:40:11.440+0000] {manager.py:878} INFO - 
================================================================================
DAG File Processing Stats

File Path                                PID    Runtime      # DAGs    # Errors  Last Runtime    Last Run
---------------------------------------  -----  ---------  --------  ----------  --------------  -------------------
/opt/airflow/dags/fraud_pipeline_dag.py                           1           0  0.09s           2026-09-16T00:39:42
================================================================================
[2026-09-16T00:40:41.663+0000] {manager.py:878} INFO - 
================================================================================
DAG File Processing Stats

File Path                                PID    Runtime      # DAGs    # Errors  Last Runtime    Last Run
---------------------------------------  -----  ---------  --------  ----------  --------------  -------------------
/opt/airflow/dags/fraud_pipeline_dag.py                           1           0  0.09s           2026-09-16T00:40:12
================================================================================
[2026-09-16T00:40:56.738+0000] {manager.py:737} INFO - Searching for files in /opt/airflow/dags
[2026-09-16T00:40:56.748+0000] {manager.py:740} INFO - There are 1 files in /opt/airflow/dags
[2026-09-16T00:41:11.832+0000] {manager.py:878} INFO - 
================================================================================
DAG File Processing Stats

File Path                                PID    Runtime      # DAGs    # Errors  Last Runtime    Last Run
---------------------------------------  -----  ---------  --------  ----------  --------------  -------------------
/opt/airflow/dags/fraud_pipeline_dag.py                           1           0  0.12s           2026-09-16T00:40:42
================================================================================
[2026-09-16T00:41:42.074+0000] {manager.py:878} INFO - 
================================================================================
DAG File Processing Stats

File Path                                PID    Runtime      # DAGs    # Errors  Last Runtime    Last Run
---------------------------------------  -----  ---------  --------  ----------  --------------  -------------------
/opt/airflow/dags/fraud_pipeline_dag.py                           1           0  0.10s           2026-09-16T00:41:12
================================================================================
[2026-09-16T00:42:12.240+0000] {manager.py:878} INFO - 
================================================================================
DAG File Processing Stats

File Path                                PID    Runtime      # DAGs    # Errors  Last Runtime    Last Run
---------------------------------------  -----  ---------  --------  ----------  --------------  -------------------
/opt/airflow/dags/fraud_pipeline_dag.py                           1           0  0.10s           2026-09-16T00:41:43
================================================================================
[2026-09-16T00:42:42.481+0000] {manager.py:878} INFO - 
================================================================================
DAG File Processing Stats

File Path                                PID    Runtime      # DAGs    # Errors  Last Runtime    Last Run
---------------------------------------  -----  ---------  --------  ----------  --------------  -------------------
/opt/airflow/dags/fraud_pipeline_dag.py                           1           0  0.09s           2026-09-16T00:42:13
================================================================================
[2026-09-16T00:43:12.670+0000] {manager.py:878} INFO - 
================================================================================
DAG File Processing Stats

File Path                                PID    Runtime      # DAGs    # Errors  Last Runtime    Last Run
---------------------------------------  -----  ---------  --------  ----------  --------------  -------------------
/opt/airflow/dags/fraud_pipeline_dag.py                           1           0  0.11s           2026-09-16T00:42:43
================================================================================
[2026-09-16T00:43:42.885+0000] {manager.py:878} INFO - 
================================================================================
DAG File Processing Stats

File Path                                PID    Runtime      # DAGs    # Errors  Last Runtime    Last Run
---------------------------------------  -----  ---------  --------  ----------  --------------  -------------------
/opt/airflow/dags/fraud_pipeline_dag.py                           1           0  0.11s           2026-09-16T00:43:13
================================================================================
[2026-09-16T00:44:13.083+0000] {manager.py:878} INFO - 
================================================================================
DAG File Processing Stats

File Path                                PID    Runtime      # DAGs    # Errors  Last Runtime    Last Run
---------------------------------------  -----  ---------  --------  ----------  --------------  -------------------
/opt/airflow/dags/fraud_pipeline_dag.py                           1           0  0.10s           2026-09-16T00:43:43
================================================================================
[2026-09-16T00:44:43.313+0000] {manager.py:878} INFO - 
================================================================================
DAG File Processing Stats

File Path                                PID    Runtime      # DAGs    # Errors  Last Runtime    Last Run
---------------------------------------  -----  ---------  --------  ----------  --------------  -------------------
/opt/airflow/dags/fraud_pipeline_dag.py                           1           0  0.09s           2026-09-16T00:44:14
================================================================================
[2026-09-16T00:45:13.526+0000] {manager.py:878} INFO - 
================================================================================
DAG File Processing Stats

File Path                                PID    Runtime      # DAGs    # Errors  Last Runtime    Last Run
---------------------------------------  -----  ---------  --------  ----------  --------------  -------------------
/opt/airflow/dags/fraud_pipeline_dag.py                           1           0  0.09s           2026-09-16T00:44:44
================================================================================
[2026-09-16T00:45:43.705+0000] {manager.py:878} INFO - 
================================================================================
DAG File Processing Stats

File Path                                PID    Runtime      # DAGs    # Errors  Last Runtime    Last Run
---------------------------------------  -----  ---------  --------  ----------  --------------  -------------------
/opt/airflow/dags/fraud_pipeline_dag.py                           1           0  0.09s           2026-09-16T00:45:14
================================================================================
[2026-09-16T00:45:56.792+0000] {manager.py:737} INFO - Searching for files in /opt/airflow/dags
[2026-09-16T00:45:56.800+0000] {manager.py:740} INFO - There are 1 files in /opt/airflow/dags
[2026-09-16T00:46:13.897+0000] {manager.py:878} INFO - 
================================================================================
DAG File Processing Stats

File Path                                PID    Runtime      # DAGs    # Errors  Last Runtime    Last Run
---------------------------------------  -----  ---------  --------  ----------  --------------  -------------------
/opt/airflow/dags/fraud_pipeline_dag.py                           1           0  0.09s           2026-09-16T00:45:44
================================================================================
[2026-09-16T00:46:44.075+0000] {manager.py:878} INFO - 
================================================================================
DAG File Processing Stats

File Path                                PID    Runtime      # DAGs    # Errors  Last Runtime    Last Run
---------------------------------------  -----  ---------  --------  ----------  --------------  -------------------
/opt/airflow/dags/fraud_pipeline_dag.py                           1           0  0.10s           2026-09-16T00:46:15
================================================================================
[2026-09-16T00:47:14.411+0000] {manager.py:878} INFO - 
================================================================================
DAG File Processing Stats

File Path                                PID    Runtime      # DAGs    # Errors  Last Runtime    Last Run
---------------------------------------  -----  ---------  --------  ----------  --------------  -------------------
/opt/airflow/dags/fraud_pipeline_dag.py                           1           0  0.23s           2026-09-16T00:46:45
================================================================================
[2026-09-16T00:47:44.782+0000] {manager.py:878} INFO - 
================================================================================
DAG File Processing Stats

File Path                                PID    Runtime      # DAGs    # Errors  Last Runtime    Last Run
---------------------------------------  -----  ---------  --------  ----------  --------------  -------------------
/opt/airflow/dags/fraud_pipeline_dag.py                           1           0  0.10s           2026-09-16T00:47:15
================================================================================
[2026-09-16T00:48:14.928+0000] {manager.py:878} INFO - 
================================================================================
DAG File Processing Stats

File Path                                PID    Runtime      # DAGs    # Errors  Last Runtime    Last Run
---------------------------------------  -----  ---------  --------  ----------  --------------  -------------------
/opt/airflow/dags/fraud_pipeline_dag.py                           1           0  0.09s           2026-09-16T00:47:45
================================================================================
[2026-09-16T00:48:45.152+0000] {manager.py:878} INFO - 
================================================================================
DAG File Processing Stats

File Path                                PID    Runtime      # DAGs    # Errors  Last Runtime    Last Run
---------------------------------------  -----  ---------  --------  ----------  --------------  -------------------
/opt/airflow/dags/fraud_pipeline_dag.py                           1           0  0.12s           2026-09-16T00:48:16
================================================================================
[2026-09-16T00:49:15.325+0000] {manager.py:878} INFO - 
================================================================================
DAG File Processing Stats

File Path                                PID    Runtime      # DAGs    # Errors  Last Runtime    Last Run
---------------------------------------  -----  ---------  --------  ----------  --------------  -------------------
/opt/airflow/dags/fraud_pipeline_dag.py                           1           0  0.10s           2026-09-16T00:48:46
================================================================================
[2026-09-16T00:49:45.533+0000] {manager.py:878} INFO - 
================================================================================
DAG File Processing Stats

File Path                                PID    Runtime      # DAGs    # Errors  Last Runtime    Last Run
---------------------------------------  -----  ---------  --------  ----------  --------------  -------------------
/opt/airflow/dags/fraud_pipeline_dag.py                           1           0  0.09s           2026-09-16T00:49:16
================================================================================
[2026-09-16T00:50:15.691+0000] {manager.py:878} INFO - 
================================================================================
DAG File Processing Stats

File Path                                PID    Runtime      # DAGs    # Errors  Last Runtime    Last Run
---------------------------------------  -----  ---------  --------  ----------  --------------  -------------------
/opt/airflow/dags/fraud_pipeline_dag.py                           1           0  0.09s           2026-09-16T00:49:46
================================================================================
[2026-09-16T00:50:45.884+0000] {manager.py:878} INFO - 
================================================================================
DAG File Processing Stats

File Path                                PID    Runtime      # DAGs    # Errors  Last Runtime    Last Run
---------------------------------------  -----  ---------  --------  ----------  --------------  -------------------
/opt/airflow/dags/fraud_pipeline_dag.py                           1           0  0.09s           2026-09-16T00:50:16
================================================================================
[2026-09-16T00:50:56.955+0000] {manager.py:737} INFO - Searching for files in /opt/airflow/dags
[2026-09-16T00:50:56.968+0000] {manager.py:740} INFO - There are 1 files in /opt/airflow/dags
[2026-09-16T00:51:16.076+0000] {manager.py:878} INFO - 
================================================================================
DAG File Processing Stats

File Path                                PID    Runtime      # DAGs    # Errors  Last Runtime    Last Run
---------------------------------------  -----  ---------  --------  ----------  --------------  -------------------
/opt/airflow/dags/fraud_pipeline_dag.py                           1           0  0.09s           2026-09-16T00:50:46
================================================================================
[2026-09-16T00:51:46.261+0000] {manager.py:878} INFO - 
================================================================================
DAG File Processing Stats

File Path                                PID    Runtime      # DAGs    # Errors  Last Runtime    Last Run
---------------------------------------  -----  ---------  --------  ----------  --------------  -------------------
/opt/airflow/dags/fraud_pipeline_dag.py                           1           0  0.10s           2026-09-16T00:51:17
================================================================================
[2026-09-16T00:52:16.427+0000] {manager.py:878} INFO - 
================================================================================
DAG File Processing Stats

File Path                                PID    Runtime      # DAGs    # Errors  Last Runtime    Last Run
---------------------------------------  -----  ---------  --------  ----------  --------------  -------------------
/opt/airflow/dags/fraud_pipeline_dag.py                           1           0  0.10s           2026-09-16T00:51:47
================================================================================
[2026-09-16T00:52:46.637+0000] {manager.py:878} INFO - 
================================================================================
DAG File Processing Stats

File Path                                PID    Runtime      # DAGs    # Errors  Last Runtime    Last Run
---------------------------------------  -----  ---------  --------  ----------  --------------  -------------------
/opt/airflow/dags/fraud_pipeline_dag.py                           1           0  0.10s           2026-09-16T00:52:17
================================================================================
[2026-09-16T00:53:16.811+0000] {manager.py:878} INFO - 
================================================================================
DAG File Processing Stats

File Path                                PID    Runtime      # DAGs    # Errors  Last Runtime    Last Run
---------------------------------------  -----  ---------  --------  ----------  --------------  -------------------
/opt/airflow/dags/fraud_pipeline_dag.py                           1           0  0.10s           2026-09-16T00:52:47
================================================================================
[2026-09-16T00:53:47.018+0000] {manager.py:878} INFO - 
================================================================================
DAG File Processing Stats

File Path                                PID    Runtime      # DAGs    # Errors  Last Runtime    Last Run
---------------------------------------  -----  ---------  --------  ----------  --------------  -------------------
/opt/airflow/dags/fraud_pipeline_dag.py                           1           0  0.10s           2026-09-16T00:53:17
================================================================================
[2026-09-16T00:54:17.194+0000] {manager.py:878} INFO - 
================================================================================
DAG File Processing Stats

File Path                                PID    Runtime      # DAGs    # Errors  Last Runtime    Last Run
---------------------------------------  -----  ---------  --------  ----------  --------------  -------------------
/opt/airflow/dags/fraud_pipeline_dag.py                           1           0  0.11s           2026-09-16T00:53:48
================================================================================
[2026-09-16T00:54:47.437+0000] {manager.py:878} INFO - 
================================================================================
DAG File Processing Stats

File Path                                PID    Runtime      # DAGs    # Errors  Last Runtime    Last Run
---------------------------------------  -----  ---------  --------  ----------  --------------  -------------------
/opt/airflow/dags/fraud_pipeline_dag.py                           1           0  0.09s           2026-09-16T00:54:18
================================================================================
[2026-09-16T00:55:17.592+0000] {manager.py:878} INFO - 
================================================================================
DAG File Processing Stats

File Path                                PID    Runtime      # DAGs    # Errors  Last Runtime    Last Run
---------------------------------------  -----  ---------  --------  ----------  --------------  -------------------
/opt/airflow/dags/fraud_pipeline_dag.py                           1           0  0.10s           2026-09-16T00:54:48
================================================================================
[2026-09-16T00:55:47.781+0000] {manager.py:878} INFO - 
================================================================================
DAG File Processing Stats

File Path                                PID    Runtime      # DAGs    # Errors  Last Runtime    Last Run
---------------------------------------  -----  ---------  --------  ----------  --------------  -------------------
/opt/airflow/dags/fraud_pipeline_dag.py                           1           0  0.10s           2026-09-16T00:55:18
================================================================================
[2026-09-16T00:55:57.841+0000] {manager.py:737} INFO - Searching for files in /opt/airflow/dags
[2026-09-16T00:55:57.852+0000] {manager.py:740} INFO - There are 1 files in /opt/airflow/dags
[2026-09-16T00:56:17.959+0000] {manager.py:878} INFO - 
================================================================================
DAG File Processing Stats

File Path                                PID    Runtime      # DAGs    # Errors  Last Runtime    Last Run
---------------------------------------  -----  ---------  --------  ----------  --------------  -------------------
/opt/airflow/dags/fraud_pipeline_dag.py                           1           0  0.10s           2026-09-16T00:55:48
================================================================================
[2026-09-16T00:56:48.150+0000] {manager.py:878} INFO - 
================================================================================
DAG File Processing Stats

File Path                                PID    Runtime      # DAGs    # Errors  Last Runtime    Last Run
---------------------------------------  -----  ---------  --------  ----------  --------------  -------------------
/opt/airflow/dags/fraud_pipeline_dag.py                           1           0  0.10s           2026-09-16T00:56:19
================================================================================
[2026-09-16T00:57:18.361+0000] {manager.py:878} INFO - 
================================================================================
DAG File Processing Stats

File Path                                PID    Runtime      # DAGs    # Errors  Last Runtime    Last Run
---------------------------------------  -----  ---------  --------  ----------  --------------  -------------------
/opt/airflow/dags/fraud_pipeline_dag.py                           1           0  0.12s           2026-09-16T00:56:49
================================================================================
[2026-09-16T00:57:48.600+0000] {manager.py:878} INFO - 
================================================================================
DAG File Processing Stats

File Path                                PID    Runtime      # DAGs    # Errors  Last Runtime    Last Run
---------------------------------------  -----  ---------  --------  ----------  --------------  -------------------
/opt/airflow/dags/fraud_pipeline_dag.py                           1           0  0.09s           2026-09-16T00:57:19
================================================================================
[2026-09-16T00:58:18.796+0000] {manager.py:878} INFO - 
================================================================================
DAG File Processing Stats

File Path                                PID    Runtime      # DAGs    # Errors  Last Runtime    Last Run
---------------------------------------  -----  ---------  --------  ----------  --------------  -------------------
/opt/airflow/dags/fraud_pipeline_dag.py                           1           0  0.09s           2026-09-16T00:57:49
================================================================================
[2026-09-16T00:58:49.032+0000] {manager.py:878} INFO - 
================================================================================
DAG File Processing Stats

File Path                                PID    Runtime      # DAGs    # Errors  Last Runtime    Last Run
---------------------------------------  -----  ---------  --------  ----------  --------------  -------------------
/opt/airflow/dags/fraud_pipeline_dag.py                           1           0  0.09s           2026-09-16T00:58:19
================================================================================
[2026-09-16T00:59:19.211+0000] {manager.py:878} INFO - 
================================================================================
DAG File Processing Stats

File Path                                PID    Runtime      # DAGs    # Errors  Last Runtime    Last Run
---------------------------------------  -----  ---------  --------  ----------  --------------  -------------------
/opt/airflow/dags/fraud_pipeline_dag.py                           1           0  0.12s           2026-09-16T00:58:50
================================================================================
[2026-09-16T00:59:49.491+0000] {manager.py:878} INFO - 
================================================================================
DAG File Processing Stats

File Path                                PID    Runtime      # DAGs    # Errors  Last Runtime    Last Run
---------------------------------------  -----  ---------  --------  ----------  --------------  -------------------
/opt/airflow/dags/fraud_pipeline_dag.py                           1           0  0.09s           2026-09-16T00:59:20
================================================================================
[2026-09-16T01:00:19.677+0000] {manager.py:878} INFO - 
================================================================================
DAG File Processing Stats

File Path                                PID    Runtime      # DAGs    # Errors  Last Runtime    Last Run
---------------------------------------  -----  ---------  --------  ----------  --------------  -------------------
/opt/airflow/dags/fraud_pipeline_dag.py                           1           0  0.10s           2026-09-16T00:59:50
================================================================================
[2026-09-16T01:00:49.909+0000] {manager.py:878} INFO - 
================================================================================
DAG File Processing Stats

File Path                                PID    Runtime      # DAGs    # Errors  Last Runtime    Last Run
---------------------------------------  -----  ---------  --------  ----------  --------------  -------------------
/opt/airflow/dags/fraud_pipeline_dag.py                           1           0  0.09s           2026-09-16T01:00:20
================================================================================
[2026-09-16T01:00:57.963+0000] {manager.py:737} INFO - Searching for files in /opt/airflow/dags
[2026-09-16T01:00:57.974+0000] {manager.py:740} INFO - There are 1 files in /opt/airflow/dags
[2026-09-16T01:01:20.079+0000] {manager.py:878} INFO - 
================================================================================
DAG File Processing Stats

File Path                                PID    Runtime      # DAGs    # Errors  Last Runtime    Last Run
---------------------------------------  -----  ---------  --------  ----------  --------------  -------------------
/opt/airflow/dags/fraud_pipeline_dag.py                           1           0  0.09s           2026-09-16T01:00:51
================================================================================
[2026-09-16T01:01:50.275+0000] {manager.py:878} INFO - 
================================================================================
DAG File Processing Stats

File Path                                PID    Runtime      # DAGs    # Errors  Last Runtime    Last Run
---------------------------------------  -----  ---------  --------  ----------  --------------  -------------------
/opt/airflow/dags/fraud_pipeline_dag.py                           1           0  0.11s           2026-09-16T01:01:21
================================================================================
[2026-09-16T01:02:20.495+0000] {manager.py:878} INFO - 
================================================================================
DAG File Processing Stats

File Path                                PID    Runtime      # DAGs    # Errors  Last Runtime    Last Run
---------------------------------------  -----  ---------  --------  ----------  --------------  -------------------
/opt/airflow/dags/fraud_pipeline_dag.py                           1           0  0.10s           2026-09-16T01:01:51
================================================================================
[2026-09-16T01:02:50.665+0000] {manager.py:878} INFO - 
================================================================================
DAG File Processing Stats

File Path                                PID    Runtime      # DAGs    # Errors  Last Runtime    Last Run
---------------------------------------  -----  ---------  --------  ----------  --------------  -------------------
/opt/airflow/dags/fraud_pipeline_dag.py                           1           0  0.09s           2026-09-16T01:02:21
================================================================================
[2026-09-16T01:03:20.869+0000] {manager.py:878} INFO - 
================================================================================
DAG File Processing Stats

File Path                                PID    Runtime      # DAGs    # Errors  Last Runtime    Last Run
---------------------------------------  -----  ---------  --------  ----------  --------------  -------------------
/opt/airflow/dags/fraud_pipeline_dag.py                           1           0  0.09s           2026-09-16T01:02:51
================================================================================
[2026-09-16T01:03:51.038+0000] {manager.py:878} INFO - 
================================================================================
DAG File Processing Stats

File Path                                PID    Runtime      # DAGs    # Errors  Last Runtime    Last Run
---------------------------------------  -----  ---------  --------  ----------  --------------  -------------------
/opt/airflow/dags/fraud_pipeline_dag.py                           1           0  0.10s           2026-09-16T01:03:21
================================================================================
[2026-09-16T01:04:21.249+0000] {manager.py:878} INFO - 
================================================================================
DAG File Processing Stats

File Path                                PID    Runtime      # DAGs    # Errors  Last Runtime    Last Run
---------------------------------------  -----  ---------  --------  ----------  --------------  -------------------
/opt/airflow/dags/fraud_pipeline_dag.py                           1           0  0.11s           2026-09-16T01:03:52
================================================================================
[2026-09-16T01:04:51.413+0000] {manager.py:878} INFO - 
================================================================================
DAG File Processing Stats

File Path                                PID    Runtime      # DAGs    # Errors  Last Runtime    Last Run
---------------------------------------  -----  ---------  --------  ----------  --------------  -------------------
/opt/airflow/dags/fraud_pipeline_dag.py                           1           0  0.11s           2026-09-16T01:04:22
================================================================================
[2026-09-16T01:05:21.628+0000] {manager.py:878} INFO - 
================================================================================
DAG File Processing Stats

File Path                                PID    Runtime      # DAGs    # Errors  Last Runtime    Last Run
---------------------------------------  -----  ---------  --------  ----------  --------------  -------------------
/opt/airflow/dags/fraud_pipeline_dag.py                           1           0  0.12s           2026-09-16T01:04:52
================================================================================
[2026-09-16T01:05:51.793+0000] {manager.py:878} INFO - 
================================================================================
DAG File Processing Stats

File Path                                PID    Runtime      # DAGs    # Errors  Last Runtime    Last Run
---------------------------------------  -----  ---------  --------  ----------  --------------  -------------------
/opt/airflow/dags/fraud_pipeline_dag.py                           1           0  0.10s           2026-09-16T01:05:22
================================================================================
[2026-09-16T01:05:58.885+0000] {manager.py:737} INFO - Searching for files in /opt/airflow/dags
[2026-09-16T01:05:58.894+0000] {manager.py:740} INFO - There are 1 files in /opt/airflow/dags
[2026-09-16T01:06:22.009+0000] {manager.py:878} INFO - 
================================================================================
DAG File Processing Stats

File Path                                PID    Runtime      # DAGs    # Errors  Last Runtime    Last Run
---------------------------------------  -----  ---------  --------  ----------  --------------  -------------------
/opt/airflow/dags/fraud_pipeline_dag.py                           1           0  0.10s           2026-09-16T01:05:52
================================================================================
[2026-09-16T01:06:52.157+0000] {manager.py:878} INFO - 
================================================================================
DAG File Processing Stats

File Path                                PID    Runtime      # DAGs    # Errors  Last Runtime    Last Run
---------------------------------------  -----  ---------  --------  ----------  --------------  -------------------
/opt/airflow/dags/fraud_pipeline_dag.py                           1           0  0.11s           2026-09-16T01:06:23
================================================================================
[2026-09-16T01:07:22.330+0000] {manager.py:878} INFO - 
================================================================================
DAG File Processing Stats

File Path                                PID    Runtime      # DAGs    # Errors  Last Runtime    Last Run
---------------------------------------  -----  ---------  --------  ----------  --------------  -------------------
/opt/airflow/dags/fraud_pipeline_dag.py                           1           0  0.09s           2026-09-16T01:06:53
================================================================================
[2026-09-16T01:07:52.552+0000] {manager.py:878} INFO - 
================================================================================
DAG File Processing Stats

File Path                                PID    Runtime      # DAGs    # Errors  Last Runtime    Last Run
---------------------------------------  -----  ---------  --------  ----------  --------------  -------------------
/opt/airflow/dags/fraud_pipeline_dag.py                           1           0  0.09s           2026-09-16T01:07:23
================================================================================
[2026-09-16T01:08:22.773+0000] {manager.py:878} INFO - 
================================================================================
DAG File Processing Stats

File Path                                PID    Runtime      # DAGs    # Errors  Last Runtime    Last Run
---------------------------------------  -----  ---------  --------  ----------  --------------  -------------------
/opt/airflow/dags/fraud_pipeline_dag.py                           1           0  0.09s           2026-09-16T01:07:53
================================================================================
[2026-09-16T01:08:52.975+0000] {manager.py:878} INFO - 
================================================================================
DAG File Processing Stats

File Path                                PID    Runtime      # DAGs    # Errors  Last Runtime    Last Run
---------------------------------------  -----  ---------  --------  ----------  --------------  -------------------
/opt/airflow/dags/fraud_pipeline_dag.py                           1           0  0.09s           2026-09-16T01:08:23
================================================================================
[2026-09-16T01:09:23.221+0000] {manager.py:878} INFO - 
================================================================================
DAG File Processing Stats

File Path                                PID    Runtime      # DAGs    # Errors  Last Runtime    Last Run
---------------------------------------  -----  ---------  --------  ----------  --------------  -------------------
/opt/airflow/dags/fraud_pipeline_dag.py                           1           0  0.10s           2026-09-16T01:08:54
================================================================================
[2026-09-16T01:09:53.453+0000] {manager.py:878} INFO - 
================================================================================
DAG File Processing Stats

File Path                                PID    Runtime      # DAGs    # Errors  Last Runtime    Last Run
---------------------------------------  -----  ---------  --------  ----------  --------------  -------------------
/opt/airflow/dags/fraud_pipeline_dag.py                           1           0  0.08s           2026-09-16T01:09:24
================================================================================
[2026-09-16T01:10:23.667+0000] {manager.py:878} INFO - 
================================================================================
DAG File Processing Stats

File Path                                PID    Runtime      # DAGs    # Errors  Last Runtime    Last Run
---------------------------------------  -----  ---------  --------  ----------  --------------  -------------------
/opt/airflow/dags/fraud_pipeline_dag.py                           1           0  0.12s           2026-09-16T01:09:54
================================================================================
[2026-09-16T01:10:53.952+0000] {manager.py:878} INFO - 
================================================================================
DAG File Processing Stats

File Path                                PID    Runtime      # DAGs    # Errors  Last Runtime    Last Run
---------------------------------------  -----  ---------  --------  ----------  --------------  -------------------
/opt/airflow/dags/fraud_pipeline_dag.py                           1           0  0.09s           2026-09-16T01:10:24
================================================================================
[2026-09-16T01:10:59.007+0000] {manager.py:737} INFO - Searching for files in /opt/airflow/dags
[2026-09-16T01:10:59.020+0000] {manager.py:740} INFO - There are 1 files in /opt/airflow/dags
[2026-09-16T01:11:24.166+0000] {manager.py:878} INFO - 
================================================================================
DAG File Processing Stats

File Path                                PID    Runtime      # DAGs    # Errors  Last Runtime    Last Run
---------------------------------------  -----  ---------  --------  ----------  --------------  -------------------
/opt/airflow/dags/fraud_pipeline_dag.py                           1           0  0.08s           2026-09-16T01:10:55
================================================================================
[2026-09-16T01:11:54.387+0000] {manager.py:878} INFO - 
================================================================================
DAG File Processing Stats

File Path                                PID    Runtime      # DAGs    # Errors  Last Runtime    Last Run
---------------------------------------  -----  ---------  --------  ----------  --------------  -------------------
/opt/airflow/dags/fraud_pipeline_dag.py                           1           0  0.09s           2026-09-16T01:11:25
================================================================================
[2026-09-16T01:12:24.643+0000] {manager.py:878} INFO - 
================================================================================
DAG File Processing Stats

File Path                                PID    Runtime      # DAGs    # Errors  Last Runtime    Last Run
---------------------------------------  -----  ---------  --------  ----------  --------------  -------------------
/opt/airflow/dags/fraud_pipeline_dag.py                           1           0  0.09s           2026-09-16T01:11:55
================================================================================
[2026-09-16T01:12:54.832+0000] {manager.py:878} INFO - 
================================================================================
DAG File Processing Stats

File Path                                PID    Runtime      # DAGs    # Errors  Last Runtime    Last Run
---------------------------------------  -----  ---------  --------  ----------  --------------  -------------------
/opt/airflow/dags/fraud_pipeline_dag.py                           1           0  0.09s           2026-09-16T01:12:25
================================================================================
[2026-09-16T01:13:25.098+0000] {manager.py:878} INFO - 
================================================================================
DAG File Processing Stats

File Path                                PID    Runtime      # DAGs    # Errors  Last Runtime    Last Run
---------------------------------------  -----  ---------  --------  ----------  --------------  -------------------
/opt/airflow/dags/fraud_pipeline_dag.py                           1           0  0.09s           2026-09-16T01:12:55
================================================================================
[2026-09-16T01:13:55.315+0000] {manager.py:878} INFO - 
================================================================================
DAG File Processing Stats

File Path                                PID    Runtime      # DAGs    # Errors  Last Runtime    Last Run
---------------------------------------  -----  ---------  --------  ----------  --------------  -------------------
/opt/airflow/dags/fraud_pipeline_dag.py                           1           0  0.09s           2026-09-16T01:13:26
================================================================================
[2026-09-16T01:14:25.547+0000] {manager.py:878} INFO - 
================================================================================
DAG File Processing Stats

File Path                                PID    Runtime      # DAGs    # Errors  Last Runtime    Last Run
---------------------------------------  -----  ---------  --------  ----------  --------------  -------------------
/opt/airflow/dags/fraud_pipeline_dag.py                           1           0  0.10s           2026-09-16T01:13:56
================================================================================
[2026-09-16T01:14:55.787+0000] {manager.py:878} INFO - 
================================================================================
DAG File Processing Stats

File Path                                PID    Runtime      # DAGs    # Errors  Last Runtime    Last Run
---------------------------------------  -----  ---------  --------  ----------  --------------  -------------------
/opt/airflow/dags/fraud_pipeline_dag.py                           1           0  0.09s           2026-09-16T01:14:26
================================================================================
[2026-09-16T01:15:25.992+0000] {manager.py:878} INFO - 
================================================================================
DAG File Processing Stats

File Path                                PID    Runtime      # DAGs    # Errors  Last Runtime    Last Run
---------------------------------------  -----  ---------  --------  ----------  --------------  -------------------
/opt/airflow/dags/fraud_pipeline_dag.py                           1           0  0.09s           2026-09-16T01:14:56
================================================================================
[2026-09-16T01:15:56.223+0000] {manager.py:878} INFO - 
================================================================================
DAG File Processing Stats

File Path                                PID    Runtime      # DAGs    # Errors  Last Runtime    Last Run
---------------------------------------  -----  ---------  --------  ----------  --------------  -------------------
/opt/airflow/dags/fraud_pipeline_dag.py                           1           0  0.09s           2026-09-16T01:15:27
================================================================================
[2026-09-16T01:15:59.263+0000] {manager.py:737} INFO - Searching for files in /opt/airflow/dags
[2026-09-16T01:15:59.276+0000] {manager.py:740} INFO - There are 1 files in /opt/airflow/dags
[2026-09-16T01:16:26.463+0000] {manager.py:878} INFO - 
================================================================================
DAG File Processing Stats

File Path                                PID    Runtime      # DAGs    # Errors  Last Runtime    Last Run
---------------------------------------  -----  ---------  --------  ----------  --------------  -------------------
/opt/airflow/dags/fraud_pipeline_dag.py                           1           0  0.09s           2026-09-16T01:15:57
================================================================================
[2026-09-16T01:16:56.664+0000] {manager.py:878} INFO - 
================================================================================
DAG File Processing Stats

File Path                                PID    Runtime      # DAGs    # Errors  Last Runtime    Last Run
---------------------------------------  -----  ---------  --------  ----------  --------------  -------------------
/opt/airflow/dags/fraud_pipeline_dag.py                           1           0  0.09s           2026-09-16T01:16:27
================================================================================
[2026-09-16T01:17:26.935+0000] {manager.py:878} INFO - 
================================================================================
DAG File Processing Stats

File Path                                PID    Runtime      # DAGs    # Errors  Last Runtime    Last Run
---------------------------------------  -----  ---------  --------  ----------  --------------  -------------------
/opt/airflow/dags/fraud_pipeline_dag.py                           1           0  0.09s           2026-09-16T01:16:57
================================================================================
[2026-09-16T01:17:57.156+0000] {manager.py:878} INFO - 
================================================================================
DAG File Processing Stats

File Path                                PID    Runtime      # DAGs    # Errors  Last Runtime    Last Run
---------------------------------------  -----  ---------  --------  ----------  --------------  -------------------
/opt/airflow/dags/fraud_pipeline_dag.py                           1           0  0.09s           2026-09-16T01:17:28
================================================================================
[2026-09-16T01:18:27.398+0000] {manager.py:878} INFO - 
================================================================================
DAG File Processing Stats

File Path                                PID    Runtime      # DAGs    # Errors  Last Runtime    Last Run
---------------------------------------  -----  ---------  --------  ----------  --------------  -------------------
/opt/airflow/dags/fraud_pipeline_dag.py                           1           0  0.10s           2026-09-16T01:17:58
================================================================================
[2026-09-16T01:18:57.627+0000] {manager.py:878} INFO - 
================================================================================
DAG File Processing Stats

File Path                                PID    Runtime      # DAGs    # Errors  Last Runtime    Last Run
---------------------------------------  -----  ---------  --------  ----------  --------------  -------------------
/opt/airflow/dags/fraud_pipeline_dag.py                           1           0  0.09s           2026-09-16T01:18:28
================================================================================
[2026-09-16T01:19:27.843+0000] {manager.py:878} INFO - 
================================================================================
DAG File Processing Stats

File Path                                PID    Runtime      # DAGs    # Errors  Last Runtime    Last Run
---------------------------------------  -----  ---------  --------  ----------  --------------  -------------------
/opt/airflow/dags/fraud_pipeline_dag.py                           1           0  0.09s           2026-09-16T01:18:58
================================================================================
[2026-09-16T01:19:58.099+0000] {manager.py:878} INFO - 
================================================================================
DAG File Processing Stats

File Path                                PID    Runtime      # DAGs    # Errors  Last Runtime    Last Run
---------------------------------------  -----  ---------  --------  ----------  --------------  -------------------
/opt/airflow/dags/fraud_pipeline_dag.py                           1           0  0.09s           2026-09-16T01:19:28
================================================================================
[2026-09-16T01:20:28.327+0000] {manager.py:878} INFO - 
================================================================================
DAG File Processing Stats

File Path                                PID    Runtime      # DAGs    # Errors  Last Runtime    Last Run
---------------------------------------  -----  ---------  --------  ----------  --------------  -------------------
/opt/airflow/dags/fraud_pipeline_dag.py                           1           0  0.09s           2026-09-16T01:19:59
================================================================================
[2026-09-16T01:20:58.567+0000] {manager.py:878} INFO - 
================================================================================
DAG File Processing Stats

File Path                                PID    Runtime      # DAGs    # Errors  Last Runtime    Last Run
---------------------------------------  -----  ---------  --------  ----------  --------------  -------------------
/opt/airflow/dags/fraud_pipeline_dag.py                           1           0  0.10s           2026-09-16T01:20:29
================================================================================
[2026-09-16T01:20:59.574+0000] {manager.py:737} INFO - Searching for files in /opt/airflow/dags
[2026-09-16T01:20:59.587+0000] {manager.py:740} INFO - There are 1 files in /opt/airflow/dags
[2026-09-16T01:21:28.798+0000] {manager.py:878} INFO - 
================================================================================
DAG File Processing Stats

File Path                                PID    Runtime      # DAGs    # Errors  Last Runtime    Last Run
---------------------------------------  -----  ---------  --------  ----------  --------------  -------------------
/opt/airflow/dags/fraud_pipeline_dag.py                           1           0  0.09s           2026-09-16T01:20:59
================================================================================
[2026-09-16T01:21:59.018+0000] {manager.py:878} INFO - 
================================================================================
DAG File Processing Stats

File Path                                PID    Runtime      # DAGs    # Errors  Last Runtime    Last Run
---------------------------------------  -----  ---------  --------  ----------  --------------  -------------------
/opt/airflow/dags/fraud_pipeline_dag.py                           1           0  0.09s           2026-09-16T01:21:29
================================================================================
[2026-09-16T01:22:29.225+0000] {manager.py:878} INFO - 
================================================================================
DAG File Processing Stats

File Path                                PID    Runtime      # DAGs    # Errors  Last Runtime    Last Run
---------------------------------------  -----  ---------  --------  ----------  --------------  -------------------
/opt/airflow/dags/fraud_pipeline_dag.py                           1           0  0.10s           2026-09-16T01:22:00
================================================================================
[2026-09-16T01:22:59.544+0000] {manager.py:878} INFO - 
================================================================================
DAG File Processing Stats

File Path                                PID    Runtime      # DAGs    # Errors  Last Runtime    Last Run
---------------------------------------  -----  ---------  --------  ----------  --------------  -------------------
/opt/airflow/dags/fraud_pipeline_dag.py                           1           0  0.09s           2026-09-16T01:22:30
================================================================================
[2026-09-16T01:23:29.744+0000] {manager.py:878} INFO - 
================================================================================
DAG File Processing Stats

File Path                                PID    Runtime      # DAGs    # Errors  Last Runtime    Last Run
---------------------------------------  -----  ---------  --------  ----------  --------------  -------------------
/opt/airflow/dags/fraud_pipeline_dag.py                           1           0  0.09s           2026-09-16T01:23:00
================================================================================
[2026-09-16T01:24:00.004+0000] {manager.py:878} INFO - 
================================================================================
DAG File Processing Stats

File Path                                PID    Runtime      # DAGs    # Errors  Last Runtime    Last Run
---------------------------------------  -----  ---------  --------  ----------  --------------  -------------------
/opt/airflow/dags/fraud_pipeline_dag.py                           1           0  0.09s           2026-09-16T01:23:30
================================================================================
[2026-09-16T01:24:30.176+0000] {manager.py:878} INFO - 
================================================================================
DAG File Processing Stats

File Path                                PID    Runtime      # DAGs    # Errors  Last Runtime    Last Run
---------------------------------------  -----  ---------  --------  ----------  --------------  -------------------
/opt/airflow/dags/fraud_pipeline_dag.py                           1           0  0.09s           2026-09-16T01:24:01
================================================================================
[2026-09-16T01:25:00.431+0000] {manager.py:878} INFO - 
================================================================================
DAG File Processing Stats

File Path                                PID    Runtime      # DAGs    # Errors  Last Runtime    Last Run
---------------------------------------  -----  ---------  --------  ----------  --------------  -------------------
/opt/airflow/dags/fraud_pipeline_dag.py                           1           0  0.09s           2026-09-16T01:24:31
================================================================================
[2026-09-16T01:25:30.648+0000] {manager.py:878} INFO - 
================================================================================
DAG File Processing Stats

File Path                                PID    Runtime      # DAGs    # Errors  Last Runtime    Last Run
---------------------------------------  -----  ---------  --------  ----------  --------------  -------------------
/opt/airflow/dags/fraud_pipeline_dag.py                           1           0  0.09s           2026-09-16T01:25:01
================================================================================
[2026-09-16T01:25:59.863+0000] {manager.py:737} INFO - Searching for files in /opt/airflow/dags
[2026-09-16T01:25:59.876+0000] {manager.py:740} INFO - There are 1 files in /opt/airflow/dags
[2026-09-16T01:26:00.892+0000] {manager.py:878} INFO - 
================================================================================
DAG File Processing Stats

File Path                                PID    Runtime      # DAGs    # Errors  Last Runtime    Last Run
---------------------------------------  -----  ---------  --------  ----------  --------------  -------------------
/opt/airflow/dags/fraud_pipeline_dag.py                           1           0  0.09s           2026-09-16T01:25:31
================================================================================
[2026-09-16T01:26:31.122+0000] {manager.py:878} INFO - 
================================================================================
DAG File Processing Stats

File Path                                PID    Runtime      # DAGs    # Errors  Last Runtime    Last Run
---------------------------------------  -----  ---------  --------  ----------  --------------  -------------------
/opt/airflow/dags/fraud_pipeline_dag.py                           1           0  0.09s           2026-09-16T01:26:01
================================================================================
[2026-09-16T01:27:01.370+0000] {manager.py:878} INFO - 
================================================================================
DAG File Processing Stats

File Path                                PID    Runtime      # DAGs    # Errors  Last Runtime    Last Run
---------------------------------------  -----  ---------  --------  ----------  --------------  -------------------
/opt/airflow/dags/fraud_pipeline_dag.py                           1           0  0.11s           2026-09-16T01:26:32
================================================================================
[2026-09-16T01:27:31.603+0000] {manager.py:878} INFO - 
================================================================================
DAG File Processing Stats

File Path                                PID    Runtime      # DAGs    # Errors  Last Runtime    Last Run
---------------------------------------  -----  ---------  --------  ----------  --------------  -------------------
/opt/airflow/dags/fraud_pipeline_dag.py                           1           0  0.09s           2026-09-16T01:27:02
================================================================================
[2026-09-16T01:28:01.816+0000] {manager.py:878} INFO - 
================================================================================
DAG File Processing Stats

File Path                                PID    Runtime      # DAGs    # Errors  Last Runtime    Last Run
---------------------------------------  -----  ---------  --------  ----------  --------------  -------------------
/opt/airflow/dags/fraud_pipeline_dag.py                           1           0  0.10s           2026-09-16T01:27:32
================================================================================
[2026-09-16T01:28:32.031+0000] {manager.py:878} INFO - 
================================================================================
DAG File Processing Stats

File Path                                PID    Runtime      # DAGs    # Errors  Last Runtime    Last Run
---------------------------------------  -----  ---------  --------  ----------  --------------  -------------------
/opt/airflow/dags/fraud_pipeline_dag.py                           1           0  0.09s           2026-09-16T01:28:02
================================================================================
[2026-09-16T01:29:02.219+0000] {manager.py:878} INFO - 
================================================================================
DAG File Processing Stats

File Path                                PID    Runtime      # DAGs    # Errors  Last Runtime    Last Run
---------------------------------------  -----  ---------  --------  ----------  --------------  -------------------
/opt/airflow/dags/fraud_pipeline_dag.py                           1           0  0.10s           2026-09-16T01:28:33
================================================================================
[2026-09-16T01:29:32.438+0000] {manager.py:878} INFO - 
================================================================================
DAG File Processing Stats

File Path                                PID    Runtime      # DAGs    # Errors  Last Runtime    Last Run
---------------------------------------  -----  ---------  --------  ----------  --------------  -------------------
/opt/airflow/dags/fraud_pipeline_dag.py                           1           0  0.09s           2026-09-16T01:29:03
================================================================================
[2026-09-16T01:30:02.611+0000] {manager.py:878} INFO - 
================================================================================
DAG File Processing Stats

File Path                                PID    Runtime      # DAGs    # Errors  Last Runtime    Last Run
---------------------------------------  -----  ---------  --------  ----------  --------------  -------------------
/opt/airflow/dags/fraud_pipeline_dag.py                           1           0  0.15s           2026-09-16T01:29:33
================================================================================
[2026-09-16T01:30:32.798+0000] {manager.py:878} INFO - 
================================================================================
DAG File Processing Stats

File Path                                PID    Runtime      # DAGs    # Errors  Last Runtime    Last Run
---------------------------------------  -----  ---------  --------  ----------  --------------  -------------------
/opt/airflow/dags/fraud_pipeline_dag.py                           1           0  0.09s           2026-09-16T01:30:03
================================================================================
[2026-09-16T01:31:00.010+0000] {manager.py:737} INFO - Searching for files in /opt/airflow/dags
[2026-09-16T01:31:00.023+0000] {manager.py:740} INFO - There are 1 files in /opt/airflow/dags
[2026-09-16T01:31:03.050+0000] {manager.py:878} INFO - 
================================================================================
DAG File Processing Stats

File Path                                PID    Runtime      # DAGs    # Errors  Last Runtime    Last Run
---------------------------------------  -----  ---------  --------  ----------  --------------  -------------------
/opt/airflow/dags/fraud_pipeline_dag.py                           1           0  0.09s           2026-09-16T01:30:33
================================================================================
[2026-09-16T01:31:33.298+0000] {manager.py:878} INFO - 
================================================================================
DAG File Processing Stats

File Path                                PID    Runtime      # DAGs    # Errors  Last Runtime    Last Run
---------------------------------------  -----  ---------  --------  ----------  --------------  -------------------
/opt/airflow/dags/fraud_pipeline_dag.py                           1           0  0.21s           2026-09-16T01:31:04
================================================================================
[2026-09-16T01:32:03.476+0000] {manager.py:878} INFO - 
================================================================================
DAG File Processing Stats

File Path                                PID    Runtime      # DAGs    # Errors  Last Runtime    Last Run
---------------------------------------  -----  ---------  --------  ----------  --------------  -------------------
/opt/airflow/dags/fraud_pipeline_dag.py                           1           0  0.09s           2026-09-16T01:31:34
================================================================================
[2026-09-16T01:32:33.710+0000] {manager.py:878} INFO - 
================================================================================
DAG File Processing Stats

File Path                                PID    Runtime      # DAGs    # Errors  Last Runtime    Last Run
---------------------------------------  -----  ---------  --------  ----------  --------------  -------------------
/opt/airflow/dags/fraud_pipeline_dag.py                           1           0  0.10s           2026-09-16T01:32:04
================================================================================
[2026-09-16T01:33:03.893+0000] {manager.py:878} INFO - 
================================================================================
DAG File Processing Stats

File Path                                PID    Runtime      # DAGs    # Errors  Last Runtime    Last Run
---------------------------------------  -----  ---------  --------  ----------  --------------  -------------------
/opt/airflow/dags/fraud_pipeline_dag.py                           1           0  0.10s           2026-09-16T01:32:34
================================================================================
[2026-09-16T01:33:34.137+0000] {manager.py:878} INFO - 
================================================================================
DAG File Processing Stats

File Path                                PID    Runtime      # DAGs    # Errors  Last Runtime    Last Run
---------------------------------------  -----  ---------  --------  ----------  --------------  -------------------
/opt/airflow/dags/fraud_pipeline_dag.py                           1           0  0.09s           2026-09-16T01:33:04
================================================================================
[2026-09-16T01:34:04.306+0000] {manager.py:878} INFO - 
================================================================================
DAG File Processing Stats

File Path                                PID    Runtime      # DAGs    # Errors  Last Runtime    Last Run
---------------------------------------  -----  ---------  --------  ----------  --------------  -------------------
/opt/airflow/dags/fraud_pipeline_dag.py                           1           0  0.10s           2026-09-16T01:33:35
================================================================================
[2026-09-16T01:34:34.547+0000] {manager.py:878} INFO - 
================================================================================
DAG File Processing Stats

File Path                                PID    Runtime      # DAGs    # Errors  Last Runtime    Last Run
---------------------------------------  -----  ---------  --------  ----------  --------------  -------------------
/opt/airflow/dags/fraud_pipeline_dag.py                           1           0  0.11s           2026-09-16T01:34:05
================================================================================
[2026-09-16T01:35:04.744+0000] {manager.py:878} INFO - 
================================================================================
DAG File Processing Stats

File Path                                PID    Runtime      # DAGs    # Errors  Last Runtime    Last Run
---------------------------------------  -----  ---------  --------  ----------  --------------  -------------------
/opt/airflow/dags/fraud_pipeline_dag.py                           1           0  0.09s           2026-09-16T01:34:35
================================================================================
[2026-09-16T01:35:34.970+0000] {manager.py:878} INFO - 
================================================================================
DAG File Processing Stats

File Path                                PID    Runtime      # DAGs    # Errors  Last Runtime    Last Run
---------------------------------------  -----  ---------  --------  ----------  --------------  -------------------
/opt/airflow/dags/fraud_pipeline_dag.py                           1           0  0.11s           2026-09-16T01:35:05
================================================================================
[2026-09-16T01:36:00.155+0000] {manager.py:737} INFO - Searching for files in /opt/airflow/dags
[2026-09-16T01:36:00.170+0000] {manager.py:740} INFO - There are 1 files in /opt/airflow/dags
[2026-09-16T01:36:40.303+0000] {manager.py:470} INFO - Processing files using up to 2 processes at a time 
[2026-09-16T01:36:40.304+0000] {manager.py:471} INFO - Process each file at most once every 30 seconds
[2026-09-16T01:36:40.305+0000] {manager.py:472} INFO - Checking for new files in /opt/airflow/dags every 300 seconds
[2026-09-16T01:36:40.306+0000] {manager.py:737} INFO - Searching for files in /opt/airflow/dags
[2026-09-16T01:36:40.316+0000] {manager.py:740} INFO - There are 1 files in /opt/airflow/dags
[2026-09-16T01:36:40.431+0000] {manager.py:878} INFO - 
================================================================================
DAG File Processing Stats

File Path                                  PID  Runtime      # DAGs    # Errors  Last Runtime    Last Run
---------------------------------------  -----  ---------  --------  ----------  --------------  ----------
/opt/airflow/dags/fraud_pipeline_dag.py    168  0.04s             0           0
================================================================================
[2026-09-16T01:37:10.596+0000] {manager.py:878} INFO - 
================================================================================
DAG File Processing Stats

File Path                                  PID  Runtime      # DAGs    # Errors  Last Runtime    Last Run
---------------------------------------  -----  ---------  --------  ----------  --------------  -------------------
/opt/airflow/dags/fraud_pipeline_dag.py    173  0.00s             1           0  0.11s           2026-09-16T01:36:40
================================================================================
[2026-09-16T01:37:40.816+0000] {manager.py:878} INFO - 
================================================================================
DAG File Processing Stats

File Path                                PID    Runtime      # DAGs    # Errors  Last Runtime    Last Run
---------------------------------------  -----  ---------  --------  ----------  --------------  -------------------
/opt/airflow/dags/fraud_pipeline_dag.py                           1           0  0.25s           2026-09-16T01:37:10
================================================================================
[2026-09-16T01:38:11.596+0000] {manager.py:878} INFO - 
================================================================================
DAG File Processing Stats

File Path                                  PID  Runtime      # DAGs    # Errors  Last Runtime    Last Run
---------------------------------------  -----  ---------  --------  ----------  --------------  -------------------
/opt/airflow/dags/fraud_pipeline_dag.py   1054  0.00s             1           0  0.13s           2026-09-16T01:37:41
================================================================================
[2026-09-16T01:38:41.673+0000] {manager.py:878} INFO - 
================================================================================
DAG File Processing Stats

File Path                                PID    Runtime      # DAGs    # Errors  Last Runtime    Last Run
---------------------------------------  -----  ---------  --------  ----------  --------------  -------------------
/opt/airflow/dags/fraud_pipeline_dag.py                           1           0  2.87s           2026-09-16T01:38:14
================================================================================
[2026-09-16T01:39:11.969+0000] {manager.py:878} INFO - 
================================================================================
DAG File Processing Stats

File Path                                PID    Runtime      # DAGs    # Errors  Last Runtime    Last Run
---------------------------------------  -----  ---------  --------  ----------  --------------  -------------------
/opt/airflow/dags/fraud_pipeline_dag.py                           1           0  0.16s           2026-09-16T01:38:44
================================================================================
[2026-09-16T01:39:42.153+0000] {manager.py:878} INFO - 
================================================================================
DAG File Processing Stats

File Path                                PID    Runtime      # DAGs    # Errors  Last Runtime    Last Run
---------------------------------------  -----  ---------  --------  ----------  --------------  -------------------
/opt/airflow/dags/fraud_pipeline_dag.py                           1           0  0.09s           2026-09-16T01:39:15
================================================================================
[2026-09-16T01:40:12.347+0000] {manager.py:878} INFO - 
================================================================================
DAG File Processing Stats

File Path                                PID    Runtime      # DAGs    # Errors  Last Runtime    Last Run
---------------------------------------  -----  ---------  --------  ----------  --------------  -------------------
/opt/airflow/dags/fraud_pipeline_dag.py                           1           0  0.10s           2026-09-16T01:39:45
================================================================================
[2026-09-16T01:40:42.532+0000] {manager.py:878} INFO - 
================================================================================
DAG File Processing Stats

File Path                                PID    Runtime      # DAGs    # Errors  Last Runtime    Last Run
---------------------------------------  -----  ---------  --------  ----------  --------------  -------------------
/opt/airflow/dags/fraud_pipeline_dag.py                           1           0  0.11s           2026-09-16T01:40:15
================================================================================
[2026-09-16T01:41:12.740+0000] {manager.py:878} INFO - 
================================================================================
DAG File Processing Stats

File Path                                PID    Runtime      # DAGs    # Errors  Last Runtime    Last Run
---------------------------------------  -----  ---------  --------  ----------  --------------  -------------------
/opt/airflow/dags/fraud_pipeline_dag.py                           1           0  0.10s           2026-09-16T01:40:45
================================================================================
[2026-09-16T01:41:40.896+0000] {manager.py:737} INFO - Searching for files in /opt/airflow/dags
[2026-09-16T01:41:40.905+0000] {manager.py:740} INFO - There are 1 files in /opt/airflow/dags
[2026-09-16T01:41:42.928+0000] {manager.py:878} INFO - 
================================================================================
DAG File Processing Stats

File Path                                PID    Runtime      # DAGs    # Errors  Last Runtime    Last Run
---------------------------------------  -----  ---------  --------  ----------  --------------  -------------------
/opt/airflow/dags/fraud_pipeline_dag.py                           1           0  0.11s           2026-09-16T01:41:15
================================================================================
[2026-09-16T01:42:13.139+0000] {manager.py:878} INFO - 
================================================================================
DAG File Processing Stats

File Path                                PID    Runtime      # DAGs    # Errors  Last Runtime    Last Run
---------------------------------------  -----  ---------  --------  ----------  --------------  -------------------
/opt/airflow/dags/fraud_pipeline_dag.py                           1           0  0.10s           2026-09-16T01:41:46
================================================================================
[2026-09-16T01:42:43.389+0000] {manager.py:878} INFO - 
================================================================================
DAG File Processing Stats

File Path                                PID    Runtime      # DAGs    # Errors  Last Runtime    Last Run
---------------------------------------  -----  ---------  --------  ----------  --------------  -------------------
/opt/airflow/dags/fraud_pipeline_dag.py                           1           0  0.08s           2026-09-16T01:42:16
================================================================================
