[2026-09-16T00:05:55.060+0000] {processor.py:161} INFO - Started process (PID=168) to work on /opt/airflow/dags/fraud_pipeline_dag.py
[2026-09-16T00:05:55.061+0000] {processor.py:830} INFO - Processing file /opt/airflow/dags/fraud_pipeline_dag.py for tasks to queue
[2026-09-16T00:05:55.063+0000] {logging_mixin.py:188} INFO - [2026-09-16T00:05:55.062+0000] {dagbag.py:540} INFO - Filling up the DagBag from /opt/airflow/dags/fraud_pipeline_dag.py
[2026-09-16T00:05:55.080+0000] {processor.py:840} INFO - DAG(s) 'fraud_pipeline' retrieved from /opt/airflow/dags/fraud_pipeline_dag.py
[2026-09-16T00:05:55.107+0000] {logging_mixin.py:188} INFO - [2026-09-16T00:05:55.107+0000] {dag.py:3096} INFO - Sync 1 DAGs
[2026-09-16T00:05:55.120+0000] {logging_mixin.py:188} INFO - [2026-09-16T00:05:55.120+0000] {dag.py:3954} INFO - Setting next_dagrun for fraud_pipeline to None, run_after=None
[2026-09-16T00:05:55.141+0000] {processor.py:183} INFO - Processing /opt/airflow/dags/fraud_pipeline_dag.py took 0.086 seconds
[2026-09-16T00:06:25.255+0000] {processor.py:161} INFO - Started process (PID=173) to work on /opt/airflow/dags/fraud_pipeline_dag.py
[2026-09-16T00:06:25.255+0000] {processor.py:830} INFO - Processing file /opt/airflow/dags/fraud_pipeline_dag.py for tasks to queue
[2026-09-16T00:06:25.257+0000] {logging_mixin.py:188} INFO - [2026-09-16T00:06:25.257+0000] {dagbag.py:540} INFO - Filling up the DagBag from /opt/airflow/dags/fraud_pipeline_dag.py
[2026-09-16T00:06:25.276+0000] {processor.py:840} INFO - DAG(s) 'fraud_pipeline' retrieved from /opt/airflow/dags/fraud_pipeline_dag.py
[2026-09-16T00:06:25.468+0000] {logging_mixin.py:188} INFO - [2026-09-16T00:06:25.467+0000] {dag.py:3096} INFO - Sync 1 DAGs
[2026-09-16T00:06:25.477+0000] {logging_mixin.py:188} INFO - [2026-09-16T00:06:25.477+0000] {dag.py:3954} INFO - Setting next_dagrun for fraud_pipeline to None, run_after=None
[2026-09-16T00:06:25.514+0000] {processor.py:183} INFO - Processing /opt/airflow/dags/fraud_pipeline_dag.py took 0.266 seconds
[2026-09-16T00:06:55.718+0000] {processor.py:161} INFO - Started process (PID=312) to work on /opt/airflow/dags/fraud_pipeline_dag.py
[2026-09-16T00:06:55.720+0000] {processor.py:830} INFO - Processing file /opt/airflow/dags/fraud_pipeline_dag.py for tasks to queue
[2026-09-16T00:06:55.726+0000] {logging_mixin.py:188} INFO - [2026-09-16T00:06:55.725+0000] {dagbag.py:540} INFO - Filling up the DagBag from /opt/airflow/dags/fraud_pipeline_dag.py
[2026-09-16T00:06:55.779+0000] {processor.py:840} INFO - DAG(s) 'fraud_pipeline' retrieved from /opt/airflow/dags/fraud_pipeline_dag.py
[2026-09-16T00:06:55.830+0000] {logging_mixin.py:188} INFO - [2026-09-16T00:06:55.830+0000] {dag.py:3096} INFO - Sync 1 DAGs
[2026-09-16T00:06:55.853+0000] {logging_mixin.py:188} INFO - [2026-09-16T00:06:55.853+0000] {dag.py:3954} INFO - Setting next_dagrun for fraud_pipeline to None, run_after=None
[2026-09-16T00:06:55.882+0000] {processor.py:183} INFO - Processing /opt/airflow/dags/fraud_pipeline_dag.py took 0.179 seconds
[2026-09-16T00:07:27.866+0000] {processor.py:161} INFO - Started process (PID=733) to work on /opt/airflow/dags/fraud_pipeline_dag.py
[2026-09-16T00:07:27.872+0000] {processor.py:830} INFO - Processing file /opt/airflow/dags/fraud_pipeline_dag.py for tasks to queue
[2026-09-16T00:07:27.874+0000] {logging_mixin.py:188} INFO - [2026-09-16T00:07:27.874+0000] {dagbag.py:540} INFO - Filling up the DagBag from /opt/airflow/dags/fraud_pipeline_dag.py
[2026-09-16T00:07:27.922+0000] {processor.py:840} INFO - DAG(s) 'fraud_pipeline' retrieved from /opt/airflow/dags/fraud_pipeline_dag.py
[2026-09-16T00:07:28.018+0000] {logging_mixin.py:188} INFO - [2026-09-16T00:07:28.017+0000] {dag.py:3096} INFO - Sync 1 DAGs
[2026-09-16T00:07:28.043+0000] {logging_mixin.py:188} INFO - [2026-09-16T00:07:28.042+0000] {dag.py:3954} INFO - Setting next_dagrun for fraud_pipeline to None, run_after=None
[2026-09-16T00:07:28.073+0000] {processor.py:183} INFO - Processing /opt/airflow/dags/fraud_pipeline_dag.py took 0.230 seconds
[2026-09-16T00:07:58.477+0000] {processor.py:161} INFO - Started process (PID=1262) to work on /opt/airflow/dags/fraud_pipeline_dag.py
[2026-09-16T00:07:58.479+0000] {processor.py:830} INFO - Processing file /opt/airflow/dags/fraud_pipeline_dag.py for tasks to queue
[2026-09-16T00:07:58.487+0000] {logging_mixin.py:188} INFO - [2026-09-16T00:07:58.483+0000] {dagbag.py:540} INFO - Filling up the DagBag from /opt/airflow/dags/fraud_pipeline_dag.py
[2026-09-16T00:07:58.581+0000] {processor.py:840} INFO - DAG(s) 'fraud_pipeline' retrieved from /opt/airflow/dags/fraud_pipeline_dag.py
[2026-09-16T00:07:58.783+0000] {logging_mixin.py:188} INFO - [2026-09-16T00:07:58.782+0000] {dag.py:3096} INFO - Sync 1 DAGs
[2026-09-16T00:07:58.886+0000] {logging_mixin.py:188} INFO - [2026-09-16T00:07:58.885+0000] {dag.py:3954} INFO - Setting next_dagrun for fraud_pipeline to None, run_after=None
[2026-09-16T00:07:58.999+0000] {processor.py:183} INFO - Processing /opt/airflow/dags/fraud_pipeline_dag.py took 0.565 seconds
[2026-09-16T00:08:29.263+0000] {processor.py:161} INFO - Started process (PID=1436) to work on /opt/airflow/dags/fraud_pipeline_dag.py
[2026-09-16T00:08:29.265+0000] {processor.py:830} INFO - Processing file /opt/airflow/dags/fraud_pipeline_dag.py for tasks to queue
[2026-09-16T00:08:29.267+0000] {logging_mixin.py:188} INFO - [2026-09-16T00:08:29.266+0000] {dagbag.py:540} INFO - Filling up the DagBag from /opt/airflow/dags/fraud_pipeline_dag.py
[2026-09-16T00:08:29.294+0000] {processor.py:840} INFO - DAG(s) 'fraud_pipeline' retrieved from /opt/airflow/dags/fraud_pipeline_dag.py
[2026-09-16T00:08:29.329+0000] {logging_mixin.py:188} INFO - [2026-09-16T00:08:29.329+0000] {dag.py:3096} INFO - Sync 1 DAGs
[2026-09-16T00:08:29.347+0000] {logging_mixin.py:188} INFO - [2026-09-16T00:08:29.347+0000] {dag.py:3954} INFO - Setting next_dagrun for fraud_pipeline to None, run_after=None
[2026-09-16T00:08:29.364+0000] {processor.py:183} INFO - Processing /opt/airflow/dags/fraud_pipeline_dag.py took 0.107 seconds
[2026-09-16T00:08:59.438+0000] {processor.py:161} INFO - Started process (PID=1441) to work on /opt/airflow/dags/fraud_pipeline_dag.py
[2026-09-16T00:08:59.439+0000] {processor.py:830} INFO - Processing file /opt/airflow/dags/fraud_pipeline_dag.py for tasks to queue
[2026-09-16T00:08:59.441+0000] {logging_mixin.py:188} INFO - [2026-09-16T00:08:59.441+0000] {dagbag.py:540} INFO - Filling up the DagBag from /opt/airflow/dags/fraud_pipeline_dag.py
[2026-09-16T00:08:59.453+0000] {processor.py:840} INFO - DAG(s) 'fraud_pipeline' retrieved from /opt/airflow/dags/fraud_pipeline_dag.py
[2026-09-16T00:08:59.481+0000] {logging_mixin.py:188} INFO - [2026-09-16T00:08:59.481+0000] {dag.py:3096} INFO - Sync 1 DAGs
[2026-09-16T00:08:59.494+0000] {logging_mixin.py:188} INFO - [2026-09-16T00:08:59.494+0000] {dag.py:3954} INFO - Setting next_dagrun for fraud_pipeline to None, run_after=None
[2026-09-16T00:08:59.511+0000] {processor.py:183} INFO - Processing /opt/airflow/dags/fraud_pipeline_dag.py took 0.078 seconds
[2026-09-16T00:09:29.637+0000] {processor.py:161} INFO - Started process (PID=1446) to work on /opt/airflow/dags/fraud_pipeline_dag.py
[2026-09-16T00:09:29.638+0000] {processor.py:830} INFO - Processing file /opt/airflow/dags/fraud_pipeline_dag.py for tasks to queue
[2026-09-16T00:09:29.640+0000] {logging_mixin.py:188} INFO - [2026-09-16T00:09:29.640+0000] {dagbag.py:540} INFO - Filling up the DagBag from /opt/airflow/dags/fraud_pipeline_dag.py
[2026-09-16T00:09:29.657+0000] {processor.py:840} INFO - DAG(s) 'fraud_pipeline' retrieved from /opt/airflow/dags/fraud_pipeline_dag.py
[2026-09-16T00:09:29.695+0000] {logging_mixin.py:188} INFO - [2026-09-16T00:09:29.695+0000] {dag.py:3096} INFO - Sync 1 DAGs
[2026-09-16T00:09:29.709+0000] {logging_mixin.py:188} INFO - [2026-09-16T00:09:29.709+0000] {dag.py:3954} INFO - Setting next_dagrun for fraud_pipeline to None, run_after=None
[2026-09-16T00:09:29.727+0000] {processor.py:183} INFO - Processing /opt/airflow/dags/fraud_pipeline_dag.py took 0.100 seconds
[2026-09-16T00:09:59.869+0000] {processor.py:161} INFO - Started process (PID=1451) to work on /opt/airflow/dags/fraud_pipeline_dag.py
[2026-09-16T00:09:59.870+0000] {processor.py:830} INFO - Processing file /opt/airflow/dags/fraud_pipeline_dag.py for tasks to queue
[2026-09-16T00:09:59.871+0000] {logging_mixin.py:188} INFO - [2026-09-16T00:09:59.871+0000] {dagbag.py:540} INFO - Filling up the DagBag from /opt/airflow/dags/fraud_pipeline_dag.py
[2026-09-16T00:09:59.884+0000] {processor.py:840} INFO - DAG(s) 'fraud_pipeline' retrieved from /opt/airflow/dags/fraud_pipeline_dag.py
[2026-09-16T00:09:59.912+0000] {logging_mixin.py:188} INFO - [2026-09-16T00:09:59.911+0000] {dag.py:3096} INFO - Sync 1 DAGs
[2026-09-16T00:09:59.924+0000] {logging_mixin.py:188} INFO - [2026-09-16T00:09:59.924+0000] {dag.py:3954} INFO - Setting next_dagrun for fraud_pipeline to None, run_after=None
[2026-09-16T00:09:59.943+0000] {processor.py:183} INFO - Processing /opt/airflow/dags/fraud_pipeline_dag.py took 0.078 seconds
[2026-09-16T00:10:30.053+0000] {processor.py:161} INFO - Started process (PID=1456) to work on /opt/airflow/dags/fraud_pipeline_dag.py
[2026-09-16T00:10:30.054+0000] {processor.py:830} INFO - Processing file /opt/airflow/dags/fraud_pipeline_dag.py for tasks to queue
[2026-09-16T00:10:30.056+0000] {logging_mixin.py:188} INFO - [2026-09-16T00:10:30.056+0000] {dagbag.py:540} INFO - Filling up the DagBag from /opt/airflow/dags/fraud_pipeline_dag.py
[2026-09-16T00:10:30.070+0000] {processor.py:840} INFO - DAG(s) 'fraud_pipeline' retrieved from /opt/airflow/dags/fraud_pipeline_dag.py
[2026-09-16T00:10:30.102+0000] {logging_mixin.py:188} INFO - [2026-09-16T00:10:30.102+0000] {dag.py:3096} INFO - Sync 1 DAGs
[2026-09-16T00:10:30.115+0000] {logging_mixin.py:188} INFO - [2026-09-16T00:10:30.115+0000] {dag.py:3954} INFO - Setting next_dagrun for fraud_pipeline to None, run_after=None
[2026-09-16T00:10:30.131+0000] {processor.py:183} INFO - Processing /opt/airflow/dags/fraud_pipeline_dag.py took 0.086 seconds
[2026-09-16T00:11:00.298+0000] {processor.py:161} INFO - Started process (PID=1461) to work on /opt/airflow/dags/fraud_pipeline_dag.py
[2026-09-16T00:11:00.299+0000] {processor.py:830} INFO - Processing file /opt/airflow/dags/fraud_pipeline_dag.py for tasks to queue
[2026-09-16T00:11:00.301+0000] {logging_mixin.py:188} INFO - [2026-09-16T00:11:00.300+0000] {dagbag.py:540} INFO - Filling up the DagBag from /opt/airflow/dags/fraud_pipeline_dag.py
[2026-09-16T00:11:00.313+0000] {processor.py:840} INFO - DAG(s) 'fraud_pipeline' retrieved from /opt/airflow/dags/fraud_pipeline_dag.py
[2026-09-16T00:11:00.337+0000] {logging_mixin.py:188} INFO - [2026-09-16T00:11:00.336+0000] {dag.py:3096} INFO - Sync 1 DAGs
[2026-09-16T00:11:00.349+0000] {logging_mixin.py:188} INFO - [2026-09-16T00:11:00.348+0000] {dag.py:3954} INFO - Setting next_dagrun for fraud_pipeline to None, run_after=None
[2026-09-16T00:11:00.365+0000] {processor.py:183} INFO - Processing /opt/airflow/dags/fraud_pipeline_dag.py took 0.071 seconds
[2026-09-16T00:11:30.528+0000] {processor.py:161} INFO - Started process (PID=1466) to work on /opt/airflow/dags/fraud_pipeline_dag.py
[2026-09-16T00:11:30.529+0000] {processor.py:830} INFO - Processing file /opt/airflow/dags/fraud_pipeline_dag.py for tasks to queue
[2026-09-16T00:11:30.531+0000] {logging_mixin.py:188} INFO - [2026-09-16T00:11:30.531+0000] {dagbag.py:540} INFO - Filling up the DagBag from /opt/airflow/dags/fraud_pipeline_dag.py
[2026-09-16T00:11:30.543+0000] {processor.py:840} INFO - DAG(s) 'fraud_pipeline' retrieved from /opt/airflow/dags/fraud_pipeline_dag.py
[2026-09-16T00:11:30.569+0000] {logging_mixin.py:188} INFO - [2026-09-16T00:11:30.568+0000] {dag.py:3096} INFO - Sync 1 DAGs
[2026-09-16T00:11:30.580+0000] {logging_mixin.py:188} INFO - [2026-09-16T00:11:30.580+0000] {dag.py:3954} INFO - Setting next_dagrun for fraud_pipeline to None, run_after=None
[2026-09-16T00:11:30.598+0000] {processor.py:183} INFO - Processing /opt/airflow/dags/fraud_pipeline_dag.py took 0.075 seconds
[2026-09-16T00:12:00.716+0000] {processor.py:161} INFO - Started process (PID=1471) to work on /opt/airflow/dags/fraud_pipeline_dag.py
[2026-09-16T00:12:00.716+0000] {processor.py:830} INFO - Processing file /opt/airflow/dags/fraud_pipeline_dag.py for tasks to queue
[2026-09-16T00:12:00.718+0000] {logging_mixin.py:188} INFO - [2026-09-16T00:12:00.717+0000] {dagbag.py:540} INFO - Filling up the DagBag from /opt/airflow/dags/fraud_pipeline_dag.py
[2026-09-16T00:12:00.730+0000] {processor.py:840} INFO - DAG(s) 'fraud_pipeline' retrieved from /opt/airflow/dags/fraud_pipeline_dag.py
[2026-09-16T00:12:00.755+0000] {logging_mixin.py:188} INFO - [2026-09-16T00:12:00.755+0000] {dag.py:3096} INFO - Sync 1 DAGs
[2026-09-16T00:12:00.766+0000] {logging_mixin.py:188} INFO - [2026-09-16T00:12:00.766+0000] {dag.py:3954} INFO - Setting next_dagrun for fraud_pipeline to None, run_after=None
[2026-09-16T00:12:00.783+0000] {processor.py:183} INFO - Processing /opt/airflow/dags/fraud_pipeline_dag.py took 0.072 seconds
[2026-09-16T00:12:30.980+0000] {processor.py:161} INFO - Started process (PID=1476) to work on /opt/airflow/dags/fraud_pipeline_dag.py
[2026-09-16T00:12:30.981+0000] {processor.py:830} INFO - Processing file /opt/airflow/dags/fraud_pipeline_dag.py for tasks to queue
[2026-09-16T00:12:30.982+0000] {logging_mixin.py:188} INFO - [2026-09-16T00:12:30.982+0000] {dagbag.py:540} INFO - Filling up the DagBag from /opt/airflow/dags/fraud_pipeline_dag.py
[2026-09-16T00:12:30.994+0000] {processor.py:840} INFO - DAG(s) 'fraud_pipeline' retrieved from /opt/airflow/dags/fraud_pipeline_dag.py
[2026-09-16T00:12:31.018+0000] {logging_mixin.py:188} INFO - [2026-09-16T00:12:31.018+0000] {dag.py:3096} INFO - Sync 1 DAGs
[2026-09-16T00:12:31.029+0000] {logging_mixin.py:188} INFO - [2026-09-16T00:12:31.029+0000] {dag.py:3954} INFO - Setting next_dagrun for fraud_pipeline to None, run_after=None
[2026-09-16T00:12:31.045+0000] {processor.py:183} INFO - Processing /opt/airflow/dags/fraud_pipeline_dag.py took 0.069 seconds
[2026-09-16T00:13:01.203+0000] {processor.py:161} INFO - Started process (PID=1481) to work on /opt/airflow/dags/fraud_pipeline_dag.py
[2026-09-16T00:13:01.204+0000] {processor.py:830} INFO - Processing file /opt/airflow/dags/fraud_pipeline_dag.py for tasks to queue
[2026-09-16T00:13:01.205+0000] {logging_mixin.py:188} INFO - [2026-09-16T00:13:01.205+0000] {dagbag.py:540} INFO - Filling up the DagBag from /opt/airflow/dags/fraud_pipeline_dag.py
[2026-09-16T00:13:01.217+0000] {processor.py:840} INFO - DAG(s) 'fraud_pipeline' retrieved from /opt/airflow/dags/fraud_pipeline_dag.py
[2026-09-16T00:13:01.241+0000] {logging_mixin.py:188} INFO - [2026-09-16T00:13:01.241+0000] {dag.py:3096} INFO - Sync 1 DAGs
[2026-09-16T00:13:01.252+0000] {logging_mixin.py:188} INFO - [2026-09-16T00:13:01.251+0000] {dag.py:3954} INFO - Setting next_dagrun for fraud_pipeline to None, run_after=None
[2026-09-16T00:13:01.270+0000] {processor.py:183} INFO - Processing /opt/airflow/dags/fraud_pipeline_dag.py took 0.071 seconds
[2026-09-16T00:13:31.426+0000] {processor.py:161} INFO - Started process (PID=1486) to work on /opt/airflow/dags/fraud_pipeline_dag.py
[2026-09-16T00:13:31.427+0000] {processor.py:830} INFO - Processing file /opt/airflow/dags/fraud_pipeline_dag.py for tasks to queue
[2026-09-16T00:13:31.428+0000] {logging_mixin.py:188} INFO - [2026-09-16T00:13:31.428+0000] {dagbag.py:540} INFO - Filling up the DagBag from /opt/airflow/dags/fraud_pipeline_dag.py
[2026-09-16T00:13:31.439+0000] {processor.py:840} INFO - DAG(s) 'fraud_pipeline' retrieved from /opt/airflow/dags/fraud_pipeline_dag.py
[2026-09-16T00:13:31.463+0000] {logging_mixin.py:188} INFO - [2026-09-16T00:13:31.463+0000] {dag.py:3096} INFO - Sync 1 DAGs
[2026-09-16T00:13:31.475+0000] {logging_mixin.py:188} INFO - [2026-09-16T00:13:31.475+0000] {dag.py:3954} INFO - Setting next_dagrun for fraud_pipeline to None, run_after=None
[2026-09-16T00:13:31.491+0000] {processor.py:183} INFO - Processing /opt/airflow/dags/fraud_pipeline_dag.py took 0.069 seconds
[2026-09-16T00:14:01.648+0000] {processor.py:161} INFO - Started process (PID=1491) to work on /opt/airflow/dags/fraud_pipeline_dag.py
[2026-09-16T00:14:01.649+0000] {processor.py:830} INFO - Processing file /opt/airflow/dags/fraud_pipeline_dag.py for tasks to queue
[2026-09-16T00:14:01.651+0000] {logging_mixin.py:188} INFO - [2026-09-16T00:14:01.650+0000] {dagbag.py:540} INFO - Filling up the DagBag from /opt/airflow/dags/fraud_pipeline_dag.py
[2026-09-16T00:14:01.663+0000] {processor.py:840} INFO - DAG(s) 'fraud_pipeline' retrieved from /opt/airflow/dags/fraud_pipeline_dag.py
[2026-09-16T00:14:01.691+0000] {logging_mixin.py:188} INFO - [2026-09-16T00:14:01.691+0000] {dag.py:3096} INFO - Sync 1 DAGs
[2026-09-16T00:14:01.703+0000] {logging_mixin.py:188} INFO - [2026-09-16T00:14:01.703+0000] {dag.py:3954} INFO - Setting next_dagrun for fraud_pipeline to None, run_after=None
[2026-09-16T00:14:01.719+0000] {processor.py:183} INFO - Processing /opt/airflow/dags/fraud_pipeline_dag.py took 0.079 seconds
[2026-09-16T00:14:31.872+0000] {processor.py:161} INFO - Started process (PID=1496) to work on /opt/airflow/dags/fraud_pipeline_dag.py
[2026-09-16T00:14:31.873+0000] {processor.py:830} INFO - Processing file /opt/airflow/dags/fraud_pipeline_dag.py for tasks to queue
[2026-09-16T00:14:31.874+0000] {logging_mixin.py:188} INFO - [2026-09-16T00:14:31.874+0000] {dagbag.py:540} INFO - Filling up the DagBag from /opt/airflow/dags/fraud_pipeline_dag.py
[2026-09-16T00:14:31.885+0000] {processor.py:840} INFO - DAG(s) 'fraud_pipeline' retrieved from /opt/airflow/dags/fraud_pipeline_dag.py
[2026-09-16T00:14:31.909+0000] {logging_mixin.py:188} INFO - [2026-09-16T00:14:31.909+0000] {dag.py:3096} INFO - Sync 1 DAGs
[2026-09-16T00:14:31.921+0000] {logging_mixin.py:188} INFO - [2026-09-16T00:14:31.921+0000] {dag.py:3954} INFO - Setting next_dagrun for fraud_pipeline to None, run_after=None
[2026-09-16T00:14:31.938+0000] {processor.py:183} INFO - Processing /opt/airflow/dags/fraud_pipeline_dag.py took 0.070 seconds
[2026-09-16T00:15:02.057+0000] {processor.py:161} INFO - Started process (PID=1501) to work on /opt/airflow/dags/fraud_pipeline_dag.py
[2026-09-16T00:15:02.058+0000] {processor.py:830} INFO - Processing file /opt/airflow/dags/fraud_pipeline_dag.py for tasks to queue
[2026-09-16T00:15:02.059+0000] {logging_mixin.py:188} INFO - [2026-09-16T00:15:02.059+0000] {dagbag.py:540} INFO - Filling up the DagBag from /opt/airflow/dags/fraud_pipeline_dag.py
[2026-09-16T00:15:02.071+0000] {processor.py:840} INFO - DAG(s) 'fraud_pipeline' retrieved from /opt/airflow/dags/fraud_pipeline_dag.py
[2026-09-16T00:15:02.099+0000] {logging_mixin.py:188} INFO - [2026-09-16T00:15:02.099+0000] {dag.py:3096} INFO - Sync 1 DAGs
[2026-09-16T00:15:02.111+0000] {logging_mixin.py:188} INFO - [2026-09-16T00:15:02.111+0000] {dag.py:3954} INFO - Setting next_dagrun for fraud_pipeline to None, run_after=None
[2026-09-16T00:15:02.129+0000] {processor.py:183} INFO - Processing /opt/airflow/dags/fraud_pipeline_dag.py took 0.076 seconds
[2026-09-16T00:15:32.291+0000] {processor.py:161} INFO - Started process (PID=1506) to work on /opt/airflow/dags/fraud_pipeline_dag.py
[2026-09-16T00:15:32.292+0000] {processor.py:830} INFO - Processing file /opt/airflow/dags/fraud_pipeline_dag.py for tasks to queue
[2026-09-16T00:15:32.293+0000] {logging_mixin.py:188} INFO - [2026-09-16T00:15:32.293+0000] {dagbag.py:540} INFO - Filling up the DagBag from /opt/airflow/dags/fraud_pipeline_dag.py
[2026-09-16T00:15:32.305+0000] {processor.py:840} INFO - DAG(s) 'fraud_pipeline' retrieved from /opt/airflow/dags/fraud_pipeline_dag.py
[2026-09-16T00:15:32.329+0000] {logging_mixin.py:188} INFO - [2026-09-16T00:15:32.329+0000] {dag.py:3096} INFO - Sync 1 DAGs
[2026-09-16T00:15:32.341+0000] {logging_mixin.py:188} INFO - [2026-09-16T00:15:32.341+0000] {dag.py:3954} INFO - Setting next_dagrun for fraud_pipeline to None, run_after=None
[2026-09-16T00:15:32.359+0000] {processor.py:183} INFO - Processing /opt/airflow/dags/fraud_pipeline_dag.py took 0.072 seconds
[2026-09-16T00:16:02.505+0000] {processor.py:161} INFO - Started process (PID=1511) to work on /opt/airflow/dags/fraud_pipeline_dag.py
[2026-09-16T00:16:02.506+0000] {processor.py:830} INFO - Processing file /opt/airflow/dags/fraud_pipeline_dag.py for tasks to queue
[2026-09-16T00:16:02.507+0000] {logging_mixin.py:188} INFO - [2026-09-16T00:16:02.507+0000] {dagbag.py:540} INFO - Filling up the DagBag from /opt/airflow/dags/fraud_pipeline_dag.py
[2026-09-16T00:16:02.518+0000] {processor.py:840} INFO - DAG(s) 'fraud_pipeline' retrieved from /opt/airflow/dags/fraud_pipeline_dag.py
[2026-09-16T00:16:02.542+0000] {logging_mixin.py:188} INFO - [2026-09-16T00:16:02.542+0000] {dag.py:3096} INFO - Sync 1 DAGs
[2026-09-16T00:16:02.553+0000] {logging_mixin.py:188} INFO - [2026-09-16T00:16:02.553+0000] {dag.py:3954} INFO - Setting next_dagrun for fraud_pipeline to None, run_after=None
[2026-09-16T00:16:02.571+0000] {processor.py:183} INFO - Processing /opt/airflow/dags/fraud_pipeline_dag.py took 0.071 seconds
[2026-09-16T00:16:32.703+0000] {processor.py:161} INFO - Started process (PID=1516) to work on /opt/airflow/dags/fraud_pipeline_dag.py
[2026-09-16T00:16:32.704+0000] {processor.py:830} INFO - Processing file /opt/airflow/dags/fraud_pipeline_dag.py for tasks to queue
[2026-09-16T00:16:32.706+0000] {logging_mixin.py:188} INFO - [2026-09-16T00:16:32.705+0000] {dagbag.py:540} INFO - Filling up the DagBag from /opt/airflow/dags/fraud_pipeline_dag.py
[2026-09-16T00:16:32.720+0000] {processor.py:840} INFO - DAG(s) 'fraud_pipeline' retrieved from /opt/airflow/dags/fraud_pipeline_dag.py
[2026-09-16T00:16:32.751+0000] {logging_mixin.py:188} INFO - [2026-09-16T00:16:32.750+0000] {dag.py:3096} INFO - Sync 1 DAGs
[2026-09-16T00:16:32.763+0000] {logging_mixin.py:188} INFO - [2026-09-16T00:16:32.763+0000] {dag.py:3954} INFO - Setting next_dagrun for fraud_pipeline to None, run_after=None
[2026-09-16T00:16:32.778+0000] {processor.py:183} INFO - Processing /opt/airflow/dags/fraud_pipeline_dag.py took 0.080 seconds
[2026-09-16T00:17:02.910+0000] {processor.py:161} INFO - Started process (PID=1521) to work on /opt/airflow/dags/fraud_pipeline_dag.py
[2026-09-16T00:17:02.911+0000] {processor.py:830} INFO - Processing file /opt/airflow/dags/fraud_pipeline_dag.py for tasks to queue
[2026-09-16T00:17:02.912+0000] {logging_mixin.py:188} INFO - [2026-09-16T00:17:02.912+0000] {dagbag.py:540} INFO - Filling up the DagBag from /opt/airflow/dags/fraud_pipeline_dag.py
[2026-09-16T00:17:02.924+0000] {processor.py:840} INFO - DAG(s) 'fraud_pipeline' retrieved from /opt/airflow/dags/fraud_pipeline_dag.py
[2026-09-16T00:17:02.949+0000] {logging_mixin.py:188} INFO - [2026-09-16T00:17:02.949+0000] {dag.py:3096} INFO - Sync 1 DAGs
[2026-09-16T00:17:02.962+0000] {logging_mixin.py:188} INFO - [2026-09-16T00:17:02.962+0000] {dag.py:3954} INFO - Setting next_dagrun for fraud_pipeline to None, run_after=None
[2026-09-16T00:17:02.979+0000] {processor.py:183} INFO - Processing /opt/airflow/dags/fraud_pipeline_dag.py took 0.074 seconds
[2026-09-16T00:17:33.151+0000] {processor.py:161} INFO - Started process (PID=1526) to work on /opt/airflow/dags/fraud_pipeline_dag.py
[2026-09-16T00:17:33.152+0000] {processor.py:830} INFO - Processing file /opt/airflow/dags/fraud_pipeline_dag.py for tasks to queue
[2026-09-16T00:17:33.153+0000] {logging_mixin.py:188} INFO - [2026-09-16T00:17:33.153+0000] {dagbag.py:540} INFO - Filling up the DagBag from /opt/airflow/dags/fraud_pipeline_dag.py
[2026-09-16T00:17:33.168+0000] {processor.py:840} INFO - DAG(s) 'fraud_pipeline' retrieved from /opt/airflow/dags/fraud_pipeline_dag.py
[2026-09-16T00:17:33.198+0000] {logging_mixin.py:188} INFO - [2026-09-16T00:17:33.197+0000] {dag.py:3096} INFO - Sync 1 DAGs
[2026-09-16T00:17:33.214+0000] {logging_mixin.py:188} INFO - [2026-09-16T00:17:33.213+0000] {dag.py:3954} INFO - Setting next_dagrun for fraud_pipeline to None, run_after=None
[2026-09-16T00:17:33.229+0000] {processor.py:183} INFO - Processing /opt/airflow/dags/fraud_pipeline_dag.py took 0.083 seconds
[2026-09-16T00:18:03.334+0000] {processor.py:161} INFO - Started process (PID=1531) to work on /opt/airflow/dags/fraud_pipeline_dag.py
[2026-09-16T00:18:03.336+0000] {processor.py:830} INFO - Processing file /opt/airflow/dags/fraud_pipeline_dag.py for tasks to queue
[2026-09-16T00:18:03.338+0000] {logging_mixin.py:188} INFO - [2026-09-16T00:18:03.337+0000] {dagbag.py:540} INFO - Filling up the DagBag from /opt/airflow/dags/fraud_pipeline_dag.py
[2026-09-16T00:18:03.357+0000] {processor.py:840} INFO - DAG(s) 'fraud_pipeline' retrieved from /opt/airflow/dags/fraud_pipeline_dag.py
[2026-09-16T00:18:03.406+0000] {logging_mixin.py:188} INFO - [2026-09-16T00:18:03.406+0000] {dag.py:3096} INFO - Sync 1 DAGs
[2026-09-16T00:18:03.426+0000] {logging_mixin.py:188} INFO - [2026-09-16T00:18:03.425+0000] {dag.py:3954} INFO - Setting next_dagrun for fraud_pipeline to None, run_after=None
[2026-09-16T00:18:03.456+0000] {processor.py:183} INFO - Processing /opt/airflow/dags/fraud_pipeline_dag.py took 0.130 seconds
[2026-09-16T00:18:33.560+0000] {processor.py:161} INFO - Started process (PID=1536) to work on /opt/airflow/dags/fraud_pipeline_dag.py
[2026-09-16T00:18:33.561+0000] {processor.py:830} INFO - Processing file /opt/airflow/dags/fraud_pipeline_dag.py for tasks to queue
[2026-09-16T00:18:33.564+0000] {logging_mixin.py:188} INFO - [2026-09-16T00:18:33.563+0000] {dagbag.py:540} INFO - Filling up the DagBag from /opt/airflow/dags/fraud_pipeline_dag.py
[2026-09-16T00:18:33.582+0000] {processor.py:840} INFO - DAG(s) 'fraud_pipeline' retrieved from /opt/airflow/dags/fraud_pipeline_dag.py
[2026-09-16T00:18:33.621+0000] {logging_mixin.py:188} INFO - [2026-09-16T00:18:33.621+0000] {dag.py:3096} INFO - Sync 1 DAGs
[2026-09-16T00:18:33.635+0000] {logging_mixin.py:188} INFO - [2026-09-16T00:18:33.635+0000] {dag.py:3954} INFO - Setting next_dagrun for fraud_pipeline to None, run_after=None
[2026-09-16T00:18:33.650+0000] {processor.py:183} INFO - Processing /opt/airflow/dags/fraud_pipeline_dag.py took 0.097 seconds
[2026-09-16T00:19:03.812+0000] {processor.py:161} INFO - Started process (PID=1541) to work on /opt/airflow/dags/fraud_pipeline_dag.py
[2026-09-16T00:19:03.813+0000] {processor.py:830} INFO - Processing file /opt/airflow/dags/fraud_pipeline_dag.py for tasks to queue
[2026-09-16T00:19:03.815+0000] {logging_mixin.py:188} INFO - [2026-09-16T00:19:03.815+0000] {dagbag.py:540} INFO - Filling up the DagBag from /opt/airflow/dags/fraud_pipeline_dag.py
[2026-09-16T00:19:03.828+0000] {processor.py:840} INFO - DAG(s) 'fraud_pipeline' retrieved from /opt/airflow/dags/fraud_pipeline_dag.py
[2026-09-16T00:19:03.862+0000] {logging_mixin.py:188} INFO - [2026-09-16T00:19:03.862+0000] {dag.py:3096} INFO - Sync 1 DAGs
[2026-09-16T00:19:03.875+0000] {logging_mixin.py:188} INFO - [2026-09-16T00:19:03.875+0000] {dag.py:3954} INFO - Setting next_dagrun for fraud_pipeline to None, run_after=None
[2026-09-16T00:19:03.891+0000] {processor.py:183} INFO - Processing /opt/airflow/dags/fraud_pipeline_dag.py took 0.084 seconds
[2026-09-16T00:19:34.008+0000] {processor.py:161} INFO - Started process (PID=1546) to work on /opt/airflow/dags/fraud_pipeline_dag.py
[2026-09-16T00:19:34.009+0000] {processor.py:830} INFO - Processing file /opt/airflow/dags/fraud_pipeline_dag.py for tasks to queue
[2026-09-16T00:19:34.011+0000] {logging_mixin.py:188} INFO - [2026-09-16T00:19:34.011+0000] {dagbag.py:540} INFO - Filling up the DagBag from /opt/airflow/dags/fraud_pipeline_dag.py
[2026-09-16T00:19:34.024+0000] {processor.py:840} INFO - DAG(s) 'fraud_pipeline' retrieved from /opt/airflow/dags/fraud_pipeline_dag.py
[2026-09-16T00:19:34.060+0000] {logging_mixin.py:188} INFO - [2026-09-16T00:19:34.060+0000] {dag.py:3096} INFO - Sync 1 DAGs
[2026-09-16T00:19:34.075+0000] {logging_mixin.py:188} INFO - [2026-09-16T00:19:34.075+0000] {dag.py:3954} INFO - Setting next_dagrun for fraud_pipeline to None, run_after=None
[2026-09-16T00:19:34.091+0000] {processor.py:183} INFO - Processing /opt/airflow/dags/fraud_pipeline_dag.py took 0.088 seconds
[2026-09-16T00:20:04.224+0000] {processor.py:161} INFO - Started process (PID=1551) to work on /opt/airflow/dags/fraud_pipeline_dag.py
[2026-09-16T00:20:04.225+0000] {processor.py:830} INFO - Processing file /opt/airflow/dags/fraud_pipeline_dag.py for tasks to queue
[2026-09-16T00:20:04.227+0000] {logging_mixin.py:188} INFO - [2026-09-16T00:20:04.227+0000] {dagbag.py:540} INFO - Filling up the DagBag from /opt/airflow/dags/fraud_pipeline_dag.py
[2026-09-16T00:20:04.242+0000] {processor.py:840} INFO - DAG(s) 'fraud_pipeline' retrieved from /opt/airflow/dags/fraud_pipeline_dag.py
[2026-09-16T00:20:04.267+0000] {logging_mixin.py:188} INFO - [2026-09-16T00:20:04.267+0000] {dag.py:3096} INFO - Sync 1 DAGs
[2026-09-16T00:20:04.279+0000] {logging_mixin.py:188} INFO - [2026-09-16T00:20:04.278+0000] {dag.py:3954} INFO - Setting next_dagrun for fraud_pipeline to None, run_after=None
[2026-09-16T00:20:04.315+0000] {processor.py:183} INFO - Processing /opt/airflow/dags/fraud_pipeline_dag.py took 0.097 seconds
[2026-09-16T00:20:34.413+0000] {processor.py:161} INFO - Started process (PID=1556) to work on /opt/airflow/dags/fraud_pipeline_dag.py
[2026-09-16T00:20:34.414+0000] {processor.py:830} INFO - Processing file /opt/airflow/dags/fraud_pipeline_dag.py for tasks to queue
[2026-09-16T00:20:34.416+0000] {logging_mixin.py:188} INFO - [2026-09-16T00:20:34.416+0000] {dagbag.py:540} INFO - Filling up the DagBag from /opt/airflow/dags/fraud_pipeline_dag.py
[2026-09-16T00:20:34.431+0000] {processor.py:840} INFO - DAG(s) 'fraud_pipeline' retrieved from /opt/airflow/dags/fraud_pipeline_dag.py
[2026-09-16T00:20:34.465+0000] {logging_mixin.py:188} INFO - [2026-09-16T00:20:34.464+0000] {dag.py:3096} INFO - Sync 1 DAGs
[2026-09-16T00:20:34.479+0000] {logging_mixin.py:188} INFO - [2026-09-16T00:20:34.479+0000] {dag.py:3954} INFO - Setting next_dagrun for fraud_pipeline to None, run_after=None
[2026-09-16T00:20:34.517+0000] {processor.py:183} INFO - Processing /opt/airflow/dags/fraud_pipeline_dag.py took 0.111 seconds
[2026-09-16T00:21:04.661+0000] {processor.py:161} INFO - Started process (PID=1561) to work on /opt/airflow/dags/fraud_pipeline_dag.py
[2026-09-16T00:21:04.662+0000] {processor.py:830} INFO - Processing file /opt/airflow/dags/fraud_pipeline_dag.py for tasks to queue
[2026-09-16T00:21:04.664+0000] {logging_mixin.py:188} INFO - [2026-09-16T00:21:04.663+0000] {dagbag.py:540} INFO - Filling up the DagBag from /opt/airflow/dags/fraud_pipeline_dag.py
[2026-09-16T00:21:04.677+0000] {processor.py:840} INFO - DAG(s) 'fraud_pipeline' retrieved from /opt/airflow/dags/fraud_pipeline_dag.py
[2026-09-16T00:21:04.704+0000] {logging_mixin.py:188} INFO - [2026-09-16T00:21:04.704+0000] {dag.py:3096} INFO - Sync 1 DAGs
[2026-09-16T00:21:04.717+0000] {logging_mixin.py:188} INFO - [2026-09-16T00:21:04.717+0000] {dag.py:3954} INFO - Setting next_dagrun for fraud_pipeline to None, run_after=None
[2026-09-16T00:21:04.736+0000] {processor.py:183} INFO - Processing /opt/airflow/dags/fraud_pipeline_dag.py took 0.082 seconds
[2026-09-16T00:21:34.844+0000] {processor.py:161} INFO - Started process (PID=1566) to work on /opt/airflow/dags/fraud_pipeline_dag.py
[2026-09-16T00:21:34.845+0000] {processor.py:830} INFO - Processing file /opt/airflow/dags/fraud_pipeline_dag.py for tasks to queue
[2026-09-16T00:21:34.846+0000] {logging_mixin.py:188} INFO - [2026-09-16T00:21:34.846+0000] {dagbag.py:540} INFO - Filling up the DagBag from /opt/airflow/dags/fraud_pipeline_dag.py
[2026-09-16T00:21:34.859+0000] {processor.py:840} INFO - DAG(s) 'fraud_pipeline' retrieved from /opt/airflow/dags/fraud_pipeline_dag.py
[2026-09-16T00:21:34.886+0000] {logging_mixin.py:188} INFO - [2026-09-16T00:21:34.886+0000] {dag.py:3096} INFO - Sync 1 DAGs
[2026-09-16T00:21:34.898+0000] {logging_mixin.py:188} INFO - [2026-09-16T00:21:34.898+0000] {dag.py:3954} INFO - Setting next_dagrun for fraud_pipeline to None, run_after=None
[2026-09-16T00:21:34.912+0000] {processor.py:183} INFO - Processing /opt/airflow/dags/fraud_pipeline_dag.py took 0.073 seconds
[2026-09-16T00:22:05.079+0000] {processor.py:161} INFO - Started process (PID=1571) to work on /opt/airflow/dags/fraud_pipeline_dag.py
[2026-09-16T00:22:05.080+0000] {processor.py:830} INFO - Processing file /opt/airflow/dags/fraud_pipeline_dag.py for tasks to queue
[2026-09-16T00:22:05.082+0000] {logging_mixin.py:188} INFO - [2026-09-16T00:22:05.081+0000] {dagbag.py:540} INFO - Filling up the DagBag from /opt/airflow/dags/fraud_pipeline_dag.py
[2026-09-16T00:22:05.101+0000] {processor.py:840} INFO - DAG(s) 'fraud_pipeline' retrieved from /opt/airflow/dags/fraud_pipeline_dag.py
[2026-09-16T00:22:05.143+0000] {logging_mixin.py:188} INFO - [2026-09-16T00:22:05.143+0000] {dag.py:3096} INFO - Sync 1 DAGs
[2026-09-16T00:22:05.160+0000] {logging_mixin.py:188} INFO - [2026-09-16T00:22:05.160+0000] {dag.py:3954} INFO - Setting next_dagrun for fraud_pipeline to None, run_after=None
[2026-09-16T00:22:05.179+0000] {processor.py:183} INFO - Processing /opt/airflow/dags/fraud_pipeline_dag.py took 0.107 seconds
[2026-09-16T00:22:35.234+0000] {processor.py:161} INFO - Started process (PID=1576) to work on /opt/airflow/dags/fraud_pipeline_dag.py
[2026-09-16T00:22:35.235+0000] {processor.py:830} INFO - Processing file /opt/airflow/dags/fraud_pipeline_dag.py for tasks to queue
[2026-09-16T00:22:35.237+0000] {logging_mixin.py:188} INFO - [2026-09-16T00:22:35.236+0000] {dagbag.py:540} INFO - Filling up the DagBag from /opt/airflow/dags/fraud_pipeline_dag.py
[2026-09-16T00:22:35.248+0000] {processor.py:840} INFO - DAG(s) 'fraud_pipeline' retrieved from /opt/airflow/dags/fraud_pipeline_dag.py
[2026-09-16T00:22:35.275+0000] {logging_mixin.py:188} INFO - [2026-09-16T00:22:35.274+0000] {dag.py:3096} INFO - Sync 1 DAGs
[2026-09-16T00:22:35.287+0000] {logging_mixin.py:188} INFO - [2026-09-16T00:22:35.287+0000] {dag.py:3954} INFO - Setting next_dagrun for fraud_pipeline to None, run_after=None
[2026-09-16T00:22:35.302+0000] {processor.py:183} INFO - Processing /opt/airflow/dags/fraud_pipeline_dag.py took 0.072 seconds
[2026-09-16T00:23:05.421+0000] {processor.py:161} INFO - Started process (PID=1581) to work on /opt/airflow/dags/fraud_pipeline_dag.py
[2026-09-16T00:23:05.421+0000] {processor.py:830} INFO - Processing file /opt/airflow/dags/fraud_pipeline_dag.py for tasks to queue
[2026-09-16T00:23:05.423+0000] {logging_mixin.py:188} INFO - [2026-09-16T00:23:05.422+0000] {dagbag.py:540} INFO - Filling up the DagBag from /opt/airflow/dags/fraud_pipeline_dag.py
[2026-09-16T00:23:05.435+0000] {processor.py:840} INFO - DAG(s) 'fraud_pipeline' retrieved from /opt/airflow/dags/fraud_pipeline_dag.py
[2026-09-16T00:23:05.461+0000] {logging_mixin.py:188} INFO - [2026-09-16T00:23:05.461+0000] {dag.py:3096} INFO - Sync 1 DAGs
[2026-09-16T00:23:05.472+0000] {logging_mixin.py:188} INFO - [2026-09-16T00:23:05.472+0000] {dag.py:3954} INFO - Setting next_dagrun for fraud_pipeline to None, run_after=None
[2026-09-16T00:23:05.486+0000] {processor.py:183} INFO - Processing /opt/airflow/dags/fraud_pipeline_dag.py took 0.070 seconds
[2026-09-16T00:23:35.612+0000] {processor.py:161} INFO - Started process (PID=1586) to work on /opt/airflow/dags/fraud_pipeline_dag.py
[2026-09-16T00:23:35.612+0000] {processor.py:830} INFO - Processing file /opt/airflow/dags/fraud_pipeline_dag.py for tasks to queue
[2026-09-16T00:23:35.614+0000] {logging_mixin.py:188} INFO - [2026-09-16T00:23:35.614+0000] {dagbag.py:540} INFO - Filling up the DagBag from /opt/airflow/dags/fraud_pipeline_dag.py
[2026-09-16T00:23:35.626+0000] {processor.py:840} INFO - DAG(s) 'fraud_pipeline' retrieved from /opt/airflow/dags/fraud_pipeline_dag.py
[2026-09-16T00:23:35.650+0000] {logging_mixin.py:188} INFO - [2026-09-16T00:23:35.650+0000] {dag.py:3096} INFO - Sync 1 DAGs
[2026-09-16T00:23:35.661+0000] {logging_mixin.py:188} INFO - [2026-09-16T00:23:35.661+0000] {dag.py:3954} INFO - Setting next_dagrun for fraud_pipeline to None, run_after=None
[2026-09-16T00:23:35.678+0000] {processor.py:183} INFO - Processing /opt/airflow/dags/fraud_pipeline_dag.py took 0.070 seconds
[2026-09-16T00:24:05.792+0000] {processor.py:161} INFO - Started process (PID=1591) to work on /opt/airflow/dags/fraud_pipeline_dag.py
[2026-09-16T00:24:05.792+0000] {processor.py:830} INFO - Processing file /opt/airflow/dags/fraud_pipeline_dag.py for tasks to queue
[2026-09-16T00:24:05.794+0000] {logging_mixin.py:188} INFO - [2026-09-16T00:24:05.794+0000] {dagbag.py:540} INFO - Filling up the DagBag from /opt/airflow/dags/fraud_pipeline_dag.py
[2026-09-16T00:24:05.807+0000] {processor.py:840} INFO - DAG(s) 'fraud_pipeline' retrieved from /opt/airflow/dags/fraud_pipeline_dag.py
[2026-09-16T00:24:05.834+0000] {logging_mixin.py:188} INFO - [2026-09-16T00:24:05.834+0000] {dag.py:3096} INFO - Sync 1 DAGs
[2026-09-16T00:24:05.846+0000] {logging_mixin.py:188} INFO - [2026-09-16T00:24:05.846+0000] {dag.py:3954} INFO - Setting next_dagrun for fraud_pipeline to None, run_after=None
[2026-09-16T00:24:05.864+0000] {processor.py:183} INFO - Processing /opt/airflow/dags/fraud_pipeline_dag.py took 0.078 seconds
[2026-09-16T00:24:36.001+0000] {processor.py:161} INFO - Started process (PID=1596) to work on /opt/airflow/dags/fraud_pipeline_dag.py
[2026-09-16T00:24:36.001+0000] {processor.py:830} INFO - Processing file /opt/airflow/dags/fraud_pipeline_dag.py for tasks to queue
[2026-09-16T00:24:36.003+0000] {logging_mixin.py:188} INFO - [2026-09-16T00:24:36.003+0000] {dagbag.py:540} INFO - Filling up the DagBag from /opt/airflow/dags/fraud_pipeline_dag.py
[2026-09-16T00:24:36.015+0000] {processor.py:840} INFO - DAG(s) 'fraud_pipeline' retrieved from /opt/airflow/dags/fraud_pipeline_dag.py
[2026-09-16T00:24:36.044+0000] {logging_mixin.py:188} INFO - [2026-09-16T00:24:36.044+0000] {dag.py:3096} INFO - Sync 1 DAGs
[2026-09-16T00:24:36.056+0000] {logging_mixin.py:188} INFO - [2026-09-16T00:24:36.056+0000] {dag.py:3954} INFO - Setting next_dagrun for fraud_pipeline to None, run_after=None
[2026-09-16T00:24:36.075+0000] {processor.py:183} INFO - Processing /opt/airflow/dags/fraud_pipeline_dag.py took 0.078 seconds
[2026-09-16T00:25:06.158+0000] {processor.py:161} INFO - Started process (PID=1601) to work on /opt/airflow/dags/fraud_pipeline_dag.py
[2026-09-16T00:25:06.159+0000] {processor.py:830} INFO - Processing file /opt/airflow/dags/fraud_pipeline_dag.py for tasks to queue
[2026-09-16T00:25:06.161+0000] {logging_mixin.py:188} INFO - [2026-09-16T00:25:06.160+0000] {dagbag.py:540} INFO - Filling up the DagBag from /opt/airflow/dags/fraud_pipeline_dag.py
[2026-09-16T00:25:06.173+0000] {processor.py:840} INFO - DAG(s) 'fraud_pipeline' retrieved from /opt/airflow/dags/fraud_pipeline_dag.py
[2026-09-16T00:25:06.208+0000] {logging_mixin.py:188} INFO - [2026-09-16T00:25:06.208+0000] {dag.py:3096} INFO - Sync 1 DAGs
[2026-09-16T00:25:06.221+0000] {logging_mixin.py:188} INFO - [2026-09-16T00:25:06.221+0000] {dag.py:3954} INFO - Setting next_dagrun for fraud_pipeline to None, run_after=None
[2026-09-16T00:25:06.257+0000] {processor.py:183} INFO - Processing /opt/airflow/dags/fraud_pipeline_dag.py took 0.103 seconds
[2026-09-16T00:25:36.402+0000] {processor.py:161} INFO - Started process (PID=1606) to work on /opt/airflow/dags/fraud_pipeline_dag.py
[2026-09-16T00:25:36.403+0000] {processor.py:830} INFO - Processing file /opt/airflow/dags/fraud_pipeline_dag.py for tasks to queue
[2026-09-16T00:25:36.404+0000] {logging_mixin.py:188} INFO - [2026-09-16T00:25:36.404+0000] {dagbag.py:540} INFO - Filling up the DagBag from /opt/airflow/dags/fraud_pipeline_dag.py
[2026-09-16T00:25:36.415+0000] {processor.py:840} INFO - DAG(s) 'fraud_pipeline' retrieved from /opt/airflow/dags/fraud_pipeline_dag.py
[2026-09-16T00:25:36.439+0000] {logging_mixin.py:188} INFO - [2026-09-16T00:25:36.439+0000] {dag.py:3096} INFO - Sync 1 DAGs
[2026-09-16T00:25:36.451+0000] {logging_mixin.py:188} INFO - [2026-09-16T00:25:36.451+0000] {dag.py:3954} INFO - Setting next_dagrun for fraud_pipeline to None, run_after=None
[2026-09-16T00:25:36.469+0000] {processor.py:183} INFO - Processing /opt/airflow/dags/fraud_pipeline_dag.py took 0.071 seconds
[2026-09-16T00:26:06.599+0000] {processor.py:161} INFO - Started process (PID=1611) to work on /opt/airflow/dags/fraud_pipeline_dag.py
[2026-09-16T00:26:06.599+0000] {processor.py:830} INFO - Processing file /opt/airflow/dags/fraud_pipeline_dag.py for tasks to queue
[2026-09-16T00:26:06.601+0000] {logging_mixin.py:188} INFO - [2026-09-16T00:26:06.601+0000] {dagbag.py:540} INFO - Filling up the DagBag from /opt/airflow/dags/fraud_pipeline_dag.py
[2026-09-16T00:26:06.613+0000] {processor.py:840} INFO - DAG(s) 'fraud_pipeline' retrieved from /opt/airflow/dags/fraud_pipeline_dag.py
[2026-09-16T00:26:06.638+0000] {logging_mixin.py:188} INFO - [2026-09-16T00:26:06.638+0000] {dag.py:3096} INFO - Sync 1 DAGs
[2026-09-16T00:26:06.650+0000] {logging_mixin.py:188} INFO - [2026-09-16T00:26:06.650+0000] {dag.py:3954} INFO - Setting next_dagrun for fraud_pipeline to None, run_after=None
[2026-09-16T00:26:06.665+0000] {processor.py:183} INFO - Processing /opt/airflow/dags/fraud_pipeline_dag.py took 0.071 seconds
[2026-09-16T00:26:36.808+0000] {processor.py:161} INFO - Started process (PID=1616) to work on /opt/airflow/dags/fraud_pipeline_dag.py
[2026-09-16T00:26:36.809+0000] {processor.py:830} INFO - Processing file /opt/airflow/dags/fraud_pipeline_dag.py for tasks to queue
[2026-09-16T00:26:36.810+0000] {logging_mixin.py:188} INFO - [2026-09-16T00:26:36.810+0000] {dagbag.py:540} INFO - Filling up the DagBag from /opt/airflow/dags/fraud_pipeline_dag.py
[2026-09-16T00:26:36.823+0000] {processor.py:840} INFO - DAG(s) 'fraud_pipeline' retrieved from /opt/airflow/dags/fraud_pipeline_dag.py
[2026-09-16T00:26:36.851+0000] {logging_mixin.py:188} INFO - [2026-09-16T00:26:36.850+0000] {dag.py:3096} INFO - Sync 1 DAGs
[2026-09-16T00:26:36.862+0000] {logging_mixin.py:188} INFO - [2026-09-16T00:26:36.862+0000] {dag.py:3954} INFO - Setting next_dagrun for fraud_pipeline to None, run_after=None
[2026-09-16T00:26:36.877+0000] {processor.py:183} INFO - Processing /opt/airflow/dags/fraud_pipeline_dag.py took 0.074 seconds
[2026-09-16T00:27:06.994+0000] {processor.py:161} INFO - Started process (PID=1621) to work on /opt/airflow/dags/fraud_pipeline_dag.py
[2026-09-16T00:27:06.995+0000] {processor.py:830} INFO - Processing file /opt/airflow/dags/fraud_pipeline_dag.py for tasks to queue
[2026-09-16T00:27:06.997+0000] {logging_mixin.py:188} INFO - [2026-09-16T00:27:06.996+0000] {dagbag.py:540} INFO - Filling up the DagBag from /opt/airflow/dags/fraud_pipeline_dag.py
[2026-09-16T00:27:07.008+0000] {processor.py:840} INFO - DAG(s) 'fraud_pipeline' retrieved from /opt/airflow/dags/fraud_pipeline_dag.py
[2026-09-16T00:27:07.036+0000] {logging_mixin.py:188} INFO - [2026-09-16T00:27:07.036+0000] {dag.py:3096} INFO - Sync 1 DAGs
[2026-09-16T00:27:07.048+0000] {logging_mixin.py:188} INFO - [2026-09-16T00:27:07.047+0000] {dag.py:3954} INFO - Setting next_dagrun for fraud_pipeline to None, run_after=None
[2026-09-16T00:27:07.065+0000] {processor.py:183} INFO - Processing /opt/airflow/dags/fraud_pipeline_dag.py took 0.075 seconds
[2026-09-16T00:27:37.212+0000] {processor.py:161} INFO - Started process (PID=1626) to work on /opt/airflow/dags/fraud_pipeline_dag.py
[2026-09-16T00:27:37.213+0000] {processor.py:830} INFO - Processing file /opt/airflow/dags/fraud_pipeline_dag.py for tasks to queue
[2026-09-16T00:27:37.215+0000] {logging_mixin.py:188} INFO - [2026-09-16T00:27:37.215+0000] {dagbag.py:540} INFO - Filling up the DagBag from /opt/airflow/dags/fraud_pipeline_dag.py
[2026-09-16T00:27:37.227+0000] {processor.py:840} INFO - DAG(s) 'fraud_pipeline' retrieved from /opt/airflow/dags/fraud_pipeline_dag.py
[2026-09-16T00:27:37.250+0000] {logging_mixin.py:188} INFO - [2026-09-16T00:27:37.250+0000] {dag.py:3096} INFO - Sync 1 DAGs
[2026-09-16T00:27:37.262+0000] {logging_mixin.py:188} INFO - [2026-09-16T00:27:37.262+0000] {dag.py:3954} INFO - Setting next_dagrun for fraud_pipeline to None, run_after=None
[2026-09-16T00:27:37.279+0000] {processor.py:183} INFO - Processing /opt/airflow/dags/fraud_pipeline_dag.py took 0.071 seconds
[2026-09-16T00:28:07.404+0000] {processor.py:161} INFO - Started process (PID=1631) to work on /opt/airflow/dags/fraud_pipeline_dag.py
[2026-09-16T00:28:07.404+0000] {processor.py:830} INFO - Processing file /opt/airflow/dags/fraud_pipeline_dag.py for tasks to queue
[2026-09-16T00:28:07.406+0000] {logging_mixin.py:188} INFO - [2026-09-16T00:28:07.406+0000] {dagbag.py:540} INFO - Filling up the DagBag from /opt/airflow/dags/fraud_pipeline_dag.py
[2026-09-16T00:28:07.419+0000] {processor.py:840} INFO - DAG(s) 'fraud_pipeline' retrieved from /opt/airflow/dags/fraud_pipeline_dag.py
[2026-09-16T00:28:07.447+0000] {logging_mixin.py:188} INFO - [2026-09-16T00:28:07.446+0000] {dag.py:3096} INFO - Sync 1 DAGs
[2026-09-16T00:28:07.460+0000] {logging_mixin.py:188} INFO - [2026-09-16T00:28:07.459+0000] {dag.py:3954} INFO - Setting next_dagrun for fraud_pipeline to None, run_after=None
[2026-09-16T00:28:07.479+0000] {processor.py:183} INFO - Processing /opt/airflow/dags/fraud_pipeline_dag.py took 0.080 seconds
[2026-09-16T00:28:37.609+0000] {processor.py:161} INFO - Started process (PID=1636) to work on /opt/airflow/dags/fraud_pipeline_dag.py
[2026-09-16T00:28:37.610+0000] {processor.py:830} INFO - Processing file /opt/airflow/dags/fraud_pipeline_dag.py for tasks to queue
[2026-09-16T00:28:37.611+0000] {logging_mixin.py:188} INFO - [2026-09-16T00:28:37.611+0000] {dagbag.py:540} INFO - Filling up the DagBag from /opt/airflow/dags/fraud_pipeline_dag.py
[2026-09-16T00:28:37.623+0000] {processor.py:840} INFO - DAG(s) 'fraud_pipeline' retrieved from /opt/airflow/dags/fraud_pipeline_dag.py
[2026-09-16T00:28:37.650+0000] {logging_mixin.py:188} INFO - [2026-09-16T00:28:37.650+0000] {dag.py:3096} INFO - Sync 1 DAGs
[2026-09-16T00:28:37.663+0000] {logging_mixin.py:188} INFO - [2026-09-16T00:28:37.663+0000] {dag.py:3954} INFO - Setting next_dagrun for fraud_pipeline to None, run_after=None
[2026-09-16T00:28:37.678+0000] {processor.py:183} INFO - Processing /opt/airflow/dags/fraud_pipeline_dag.py took 0.074 seconds
[2026-09-16T00:29:07.815+0000] {processor.py:161} INFO - Started process (PID=1641) to work on /opt/airflow/dags/fraud_pipeline_dag.py
[2026-09-16T00:29:07.816+0000] {processor.py:830} INFO - Processing file /opt/airflow/dags/fraud_pipeline_dag.py for tasks to queue
[2026-09-16T00:29:07.818+0000] {logging_mixin.py:188} INFO - [2026-09-16T00:29:07.817+0000] {dagbag.py:540} INFO - Filling up the DagBag from /opt/airflow/dags/fraud_pipeline_dag.py
[2026-09-16T00:29:07.830+0000] {processor.py:840} INFO - DAG(s) 'fraud_pipeline' retrieved from /opt/airflow/dags/fraud_pipeline_dag.py
[2026-09-16T00:29:07.865+0000] {logging_mixin.py:188} INFO - [2026-09-16T00:29:07.864+0000] {dag.py:3096} INFO - Sync 1 DAGs
[2026-09-16T00:29:07.881+0000] {logging_mixin.py:188} INFO - [2026-09-16T00:29:07.880+0000] {dag.py:3954} INFO - Setting next_dagrun for fraud_pipeline to None, run_after=None
[2026-09-16T00:29:07.900+0000] {processor.py:183} INFO - Processing /opt/airflow/dags/fraud_pipeline_dag.py took 0.091 seconds
[2026-09-16T00:29:38.011+0000] {processor.py:161} INFO - Started process (PID=1646) to work on /opt/airflow/dags/fraud_pipeline_dag.py
[2026-09-16T00:29:38.012+0000] {processor.py:830} INFO - Processing file /opt/airflow/dags/fraud_pipeline_dag.py for tasks to queue
[2026-09-16T00:29:38.013+0000] {logging_mixin.py:188} INFO - [2026-09-16T00:29:38.013+0000] {dagbag.py:540} INFO - Filling up the DagBag from /opt/airflow/dags/fraud_pipeline_dag.py
[2026-09-16T00:29:38.024+0000] {processor.py:840} INFO - DAG(s) 'fraud_pipeline' retrieved from /opt/airflow/dags/fraud_pipeline_dag.py
[2026-09-16T00:29:38.050+0000] {logging_mixin.py:188} INFO - [2026-09-16T00:29:38.050+0000] {dag.py:3096} INFO - Sync 1 DAGs
[2026-09-16T00:29:38.063+0000] {logging_mixin.py:188} INFO - [2026-09-16T00:29:38.063+0000] {dag.py:3954} INFO - Setting next_dagrun for fraud_pipeline to None, run_after=None
[2026-09-16T00:29:38.081+0000] {processor.py:183} INFO - Processing /opt/airflow/dags/fraud_pipeline_dag.py took 0.074 seconds
[2026-09-16T00:30:08.260+0000] {processor.py:161} INFO - Started process (PID=1651) to work on /opt/airflow/dags/fraud_pipeline_dag.py
[2026-09-16T00:30:08.260+0000] {processor.py:830} INFO - Processing file /opt/airflow/dags/fraud_pipeline_dag.py for tasks to queue
[2026-09-16T00:30:08.262+0000] {logging_mixin.py:188} INFO - [2026-09-16T00:30:08.261+0000] {dagbag.py:540} INFO - Filling up the DagBag from /opt/airflow/dags/fraud_pipeline_dag.py
[2026-09-16T00:30:08.273+0000] {processor.py:840} INFO - DAG(s) 'fraud_pipeline' retrieved from /opt/airflow/dags/fraud_pipeline_dag.py
[2026-09-16T00:30:08.303+0000] {logging_mixin.py:188} INFO - [2026-09-16T00:30:08.303+0000] {dag.py:3096} INFO - Sync 1 DAGs
[2026-09-16T00:30:08.318+0000] {logging_mixin.py:188} INFO - [2026-09-16T00:30:08.318+0000] {dag.py:3954} INFO - Setting next_dagrun for fraud_pipeline to None, run_after=None
[2026-09-16T00:30:08.355+0000] {processor.py:183} INFO - Processing /opt/airflow/dags/fraud_pipeline_dag.py took 0.100 seconds
[2026-09-16T00:30:38.446+0000] {processor.py:161} INFO - Started process (PID=1656) to work on /opt/airflow/dags/fraud_pipeline_dag.py
[2026-09-16T00:30:38.447+0000] {processor.py:830} INFO - Processing file /opt/airflow/dags/fraud_pipeline_dag.py for tasks to queue
[2026-09-16T00:30:38.448+0000] {logging_mixin.py:188} INFO - [2026-09-16T00:30:38.448+0000] {dagbag.py:540} INFO - Filling up the DagBag from /opt/airflow/dags/fraud_pipeline_dag.py
[2026-09-16T00:30:38.463+0000] {processor.py:840} INFO - DAG(s) 'fraud_pipeline' retrieved from /opt/airflow/dags/fraud_pipeline_dag.py
[2026-09-16T00:30:38.488+0000] {logging_mixin.py:188} INFO - [2026-09-16T00:30:38.488+0000] {dag.py:3096} INFO - Sync 1 DAGs
[2026-09-16T00:30:38.500+0000] {logging_mixin.py:188} INFO - [2026-09-16T00:30:38.500+0000] {dag.py:3954} INFO - Setting next_dagrun for fraud_pipeline to None, run_after=None
[2026-09-16T00:30:38.518+0000] {processor.py:183} INFO - Processing /opt/airflow/dags/fraud_pipeline_dag.py took 0.077 seconds
[2026-09-16T00:31:08.751+0000] {processor.py:161} INFO - Started process (PID=1661) to work on /opt/airflow/dags/fraud_pipeline_dag.py
[2026-09-16T00:31:08.752+0000] {processor.py:830} INFO - Processing file /opt/airflow/dags/fraud_pipeline_dag.py for tasks to queue
[2026-09-16T00:31:08.753+0000] {logging_mixin.py:188} INFO - [2026-09-16T00:31:08.753+0000] {dagbag.py:540} INFO - Filling up the DagBag from /opt/airflow/dags/fraud_pipeline_dag.py
[2026-09-16T00:31:08.764+0000] {processor.py:840} INFO - DAG(s) 'fraud_pipeline' retrieved from /opt/airflow/dags/fraud_pipeline_dag.py
[2026-09-16T00:31:08.789+0000] {logging_mixin.py:188} INFO - [2026-09-16T00:31:08.789+0000] {dag.py:3096} INFO - Sync 1 DAGs
[2026-09-16T00:31:08.800+0000] {logging_mixin.py:188} INFO - [2026-09-16T00:31:08.800+0000] {dag.py:3954} INFO - Setting next_dagrun for fraud_pipeline to None, run_after=None
[2026-09-16T00:31:08.815+0000] {processor.py:183} INFO - Processing /opt/airflow/dags/fraud_pipeline_dag.py took 0.068 seconds
[2026-09-16T00:31:38.930+0000] {processor.py:161} INFO - Started process (PID=1666) to work on /opt/airflow/dags/fraud_pipeline_dag.py
[2026-09-16T00:31:38.931+0000] {processor.py:830} INFO - Processing file /opt/airflow/dags/fraud_pipeline_dag.py for tasks to queue
[2026-09-16T00:31:38.932+0000] {logging_mixin.py:188} INFO - [2026-09-16T00:31:38.932+0000] {dagbag.py:540} INFO - Filling up the DagBag from /opt/airflow/dags/fraud_pipeline_dag.py
[2026-09-16T00:31:38.943+0000] {processor.py:840} INFO - DAG(s) 'fraud_pipeline' retrieved from /opt/airflow/dags/fraud_pipeline_dag.py
[2026-09-16T00:31:38.971+0000] {logging_mixin.py:188} INFO - [2026-09-16T00:31:38.970+0000] {dag.py:3096} INFO - Sync 1 DAGs
[2026-09-16T00:31:38.983+0000] {logging_mixin.py:188} INFO - [2026-09-16T00:31:38.982+0000] {dag.py:3954} INFO - Setting next_dagrun for fraud_pipeline to None, run_after=None
[2026-09-16T00:31:39.012+0000] {processor.py:183} INFO - Processing /opt/airflow/dags/fraud_pipeline_dag.py took 0.087 seconds
[2026-09-16T00:32:09.149+0000] {processor.py:161} INFO - Started process (PID=1671) to work on /opt/airflow/dags/fraud_pipeline_dag.py
[2026-09-16T00:32:09.149+0000] {processor.py:830} INFO - Processing file /opt/airflow/dags/fraud_pipeline_dag.py for tasks to queue
[2026-09-16T00:32:09.151+0000] {logging_mixin.py:188} INFO - [2026-09-16T00:32:09.151+0000] {dagbag.py:540} INFO - Filling up the DagBag from /opt/airflow/dags/fraud_pipeline_dag.py
[2026-09-16T00:32:09.166+0000] {processor.py:840} INFO - DAG(s) 'fraud_pipeline' retrieved from /opt/airflow/dags/fraud_pipeline_dag.py
[2026-09-16T00:32:09.193+0000] {logging_mixin.py:188} INFO - [2026-09-16T00:32:09.192+0000] {dag.py:3096} INFO - Sync 1 DAGs
[2026-09-16T00:32:09.205+0000] {logging_mixin.py:188} INFO - [2026-09-16T00:32:09.204+0000] {dag.py:3954} INFO - Setting next_dagrun for fraud_pipeline to None, run_after=None
[2026-09-16T00:32:09.220+0000] {processor.py:183} INFO - Processing /opt/airflow/dags/fraud_pipeline_dag.py took 0.077 seconds
[2026-09-16T00:32:39.328+0000] {processor.py:161} INFO - Started process (PID=1676) to work on /opt/airflow/dags/fraud_pipeline_dag.py
[2026-09-16T00:32:39.330+0000] {processor.py:830} INFO - Processing file /opt/airflow/dags/fraud_pipeline_dag.py for tasks to queue
[2026-09-16T00:32:39.331+0000] {logging_mixin.py:188} INFO - [2026-09-16T00:32:39.331+0000] {dagbag.py:540} INFO - Filling up the DagBag from /opt/airflow/dags/fraud_pipeline_dag.py
[2026-09-16T00:32:39.342+0000] {processor.py:840} INFO - DAG(s) 'fraud_pipeline' retrieved from /opt/airflow/dags/fraud_pipeline_dag.py
[2026-09-16T00:32:39.369+0000] {logging_mixin.py:188} INFO - [2026-09-16T00:32:39.369+0000] {dag.py:3096} INFO - Sync 1 DAGs
[2026-09-16T00:32:39.381+0000] {logging_mixin.py:188} INFO - [2026-09-16T00:32:39.381+0000] {dag.py:3954} INFO - Setting next_dagrun for fraud_pipeline to None, run_after=None
[2026-09-16T00:32:39.400+0000] {processor.py:183} INFO - Processing /opt/airflow/dags/fraud_pipeline_dag.py took 0.078 seconds
[2026-09-16T00:33:09.560+0000] {processor.py:161} INFO - Started process (PID=1681) to work on /opt/airflow/dags/fraud_pipeline_dag.py
[2026-09-16T00:33:09.561+0000] {processor.py:830} INFO - Processing file /opt/airflow/dags/fraud_pipeline_dag.py for tasks to queue
[2026-09-16T00:33:09.563+0000] {logging_mixin.py:188} INFO - [2026-09-16T00:33:09.563+0000] {dagbag.py:540} INFO - Filling up the DagBag from /opt/airflow/dags/fraud_pipeline_dag.py
[2026-09-16T00:33:09.576+0000] {processor.py:840} INFO - DAG(s) 'fraud_pipeline' retrieved from /opt/airflow/dags/fraud_pipeline_dag.py
[2026-09-16T00:33:09.620+0000] {logging_mixin.py:188} INFO - [2026-09-16T00:33:09.620+0000] {dag.py:3096} INFO - Sync 1 DAGs
[2026-09-16T00:33:09.635+0000] {logging_mixin.py:188} INFO - [2026-09-16T00:33:09.635+0000] {dag.py:3954} INFO - Setting next_dagrun for fraud_pipeline to None, run_after=None
[2026-09-16T00:33:09.655+0000] {processor.py:183} INFO - Processing /opt/airflow/dags/fraud_pipeline_dag.py took 0.099 seconds
[2026-09-16T00:33:39.736+0000] {processor.py:161} INFO - Started process (PID=1686) to work on /opt/airflow/dags/fraud_pipeline_dag.py
[2026-09-16T00:33:39.737+0000] {processor.py:830} INFO - Processing file /opt/airflow/dags/fraud_pipeline_dag.py for tasks to queue
[2026-09-16T00:33:39.739+0000] {logging_mixin.py:188} INFO - [2026-09-16T00:33:39.738+0000] {dagbag.py:540} INFO - Filling up the DagBag from /opt/airflow/dags/fraud_pipeline_dag.py
[2026-09-16T00:33:39.756+0000] {processor.py:840} INFO - DAG(s) 'fraud_pipeline' retrieved from /opt/airflow/dags/fraud_pipeline_dag.py
[2026-09-16T00:33:39.787+0000] {logging_mixin.py:188} INFO - [2026-09-16T00:33:39.787+0000] {dag.py:3096} INFO - Sync 1 DAGs
[2026-09-16T00:33:39.805+0000] {logging_mixin.py:188} INFO - [2026-09-16T00:33:39.804+0000] {dag.py:3954} INFO - Setting next_dagrun for fraud_pipeline to None, run_after=None
[2026-09-16T00:33:39.826+0000] {processor.py:183} INFO - Processing /opt/airflow/dags/fraud_pipeline_dag.py took 0.098 seconds
[2026-09-16T00:34:09.989+0000] {processor.py:161} INFO - Started process (PID=1691) to work on /opt/airflow/dags/fraud_pipeline_dag.py
[2026-09-16T00:34:09.989+0000] {processor.py:830} INFO - Processing file /opt/airflow/dags/fraud_pipeline_dag.py for tasks to queue
[2026-09-16T00:34:09.991+0000] {logging_mixin.py:188} INFO - [2026-09-16T00:34:09.991+0000] {dagbag.py:540} INFO - Filling up the DagBag from /opt/airflow/dags/fraud_pipeline_dag.py
[2026-09-16T00:34:10.006+0000] {processor.py:840} INFO - DAG(s) 'fraud_pipeline' retrieved from /opt/airflow/dags/fraud_pipeline_dag.py
[2026-09-16T00:34:10.038+0000] {logging_mixin.py:188} INFO - [2026-09-16T00:34:10.037+0000] {dag.py:3096} INFO - Sync 1 DAGs
[2026-09-16T00:34:10.053+0000] {logging_mixin.py:188} INFO - [2026-09-16T00:34:10.053+0000] {dag.py:3954} INFO - Setting next_dagrun for fraud_pipeline to None, run_after=None
[2026-09-16T00:34:10.073+0000] {processor.py:183} INFO - Processing /opt/airflow/dags/fraud_pipeline_dag.py took 0.089 seconds
[2026-09-16T00:34:40.193+0000] {processor.py:161} INFO - Started process (PID=1696) to work on /opt/airflow/dags/fraud_pipeline_dag.py
[2026-09-16T00:34:40.194+0000] {processor.py:830} INFO - Processing file /opt/airflow/dags/fraud_pipeline_dag.py for tasks to queue
[2026-09-16T00:34:40.195+0000] {logging_mixin.py:188} INFO - [2026-09-16T00:34:40.195+0000] {dagbag.py:540} INFO - Filling up the DagBag from /opt/airflow/dags/fraud_pipeline_dag.py
[2026-09-16T00:34:40.207+0000] {processor.py:840} INFO - DAG(s) 'fraud_pipeline' retrieved from /opt/airflow/dags/fraud_pipeline_dag.py
[2026-09-16T00:34:40.234+0000] {logging_mixin.py:188} INFO - [2026-09-16T00:34:40.234+0000] {dag.py:3096} INFO - Sync 1 DAGs
[2026-09-16T00:34:40.246+0000] {logging_mixin.py:188} INFO - [2026-09-16T00:34:40.246+0000] {dag.py:3954} INFO - Setting next_dagrun for fraud_pipeline to None, run_after=None
[2026-09-16T00:34:40.265+0000] {processor.py:183} INFO - Processing /opt/airflow/dags/fraud_pipeline_dag.py took 0.077 seconds
[2026-09-16T00:35:10.426+0000] {processor.py:161} INFO - Started process (PID=1701) to work on /opt/airflow/dags/fraud_pipeline_dag.py
[2026-09-16T00:35:10.427+0000] {processor.py:830} INFO - Processing file /opt/airflow/dags/fraud_pipeline_dag.py for tasks to queue
[2026-09-16T00:35:10.429+0000] {logging_mixin.py:188} INFO - [2026-09-16T00:35:10.428+0000] {dagbag.py:540} INFO - Filling up the DagBag from /opt/airflow/dags/fraud_pipeline_dag.py
[2026-09-16T00:35:10.441+0000] {processor.py:840} INFO - DAG(s) 'fraud_pipeline' retrieved from /opt/airflow/dags/fraud_pipeline_dag.py
[2026-09-16T00:35:10.468+0000] {logging_mixin.py:188} INFO - [2026-09-16T00:35:10.468+0000] {dag.py:3096} INFO - Sync 1 DAGs
[2026-09-16T00:35:10.482+0000] {logging_mixin.py:188} INFO - [2026-09-16T00:35:10.482+0000] {dag.py:3954} INFO - Setting next_dagrun for fraud_pipeline to None, run_after=None
[2026-09-16T00:35:10.500+0000] {processor.py:183} INFO - Processing /opt/airflow/dags/fraud_pipeline_dag.py took 0.079 seconds
[2026-09-16T00:35:40.612+0000] {processor.py:161} INFO - Started process (PID=1706) to work on /opt/airflow/dags/fraud_pipeline_dag.py
[2026-09-16T00:35:40.613+0000] {processor.py:830} INFO - Processing file /opt/airflow/dags/fraud_pipeline_dag.py for tasks to queue
[2026-09-16T00:35:40.615+0000] {logging_mixin.py:188} INFO - [2026-09-16T00:35:40.614+0000] {dagbag.py:540} INFO - Filling up the DagBag from /opt/airflow/dags/fraud_pipeline_dag.py
[2026-09-16T00:35:40.628+0000] {processor.py:840} INFO - DAG(s) 'fraud_pipeline' retrieved from /opt/airflow/dags/fraud_pipeline_dag.py
[2026-09-16T00:35:40.657+0000] {logging_mixin.py:188} INFO - [2026-09-16T00:35:40.656+0000] {dag.py:3096} INFO - Sync 1 DAGs
[2026-09-16T00:35:40.669+0000] {logging_mixin.py:188} INFO - [2026-09-16T00:35:40.668+0000] {dag.py:3954} INFO - Setting next_dagrun for fraud_pipeline to None, run_after=None
[2026-09-16T00:35:40.685+0000] {processor.py:183} INFO - Processing /opt/airflow/dags/fraud_pipeline_dag.py took 0.079 seconds
[2026-09-16T00:36:10.848+0000] {processor.py:161} INFO - Started process (PID=1711) to work on /opt/airflow/dags/fraud_pipeline_dag.py
[2026-09-16T00:36:10.849+0000] {processor.py:830} INFO - Processing file /opt/airflow/dags/fraud_pipeline_dag.py for tasks to queue
[2026-09-16T00:36:10.851+0000] {logging_mixin.py:188} INFO - [2026-09-16T00:36:10.851+0000] {dagbag.py:540} INFO - Filling up the DagBag from /opt/airflow/dags/fraud_pipeline_dag.py
[2026-09-16T00:36:10.864+0000] {processor.py:840} INFO - DAG(s) 'fraud_pipeline' retrieved from /opt/airflow/dags/fraud_pipeline_dag.py
[2026-09-16T00:36:10.890+0000] {logging_mixin.py:188} INFO - [2026-09-16T00:36:10.890+0000] {dag.py:3096} INFO - Sync 1 DAGs
[2026-09-16T00:36:10.903+0000] {logging_mixin.py:188} INFO - [2026-09-16T00:36:10.903+0000] {dag.py:3954} INFO - Setting next_dagrun for fraud_pipeline to None, run_after=None
[2026-09-16T00:36:10.920+0000] {processor.py:183} INFO - Processing /opt/airflow/dags/fraud_pipeline_dag.py took 0.076 seconds
[2026-09-16T00:36:41.024+0000] {processor.py:161} INFO - Started process (PID=1716) to work on /opt/airflow/dags/fraud_pipeline_dag.py
[2026-09-16T00:36:41.025+0000] {processor.py:830} INFO - Processing file /opt/airflow/dags/fraud_pipeline_dag.py for tasks to queue
[2026-09-16T00:36:41.026+0000] {logging_mixin.py:188} INFO - [2026-09-16T00:36:41.026+0000] {dagbag.py:540} INFO - Filling up the DagBag from /opt/airflow/dags/fraud_pipeline_dag.py
[2026-09-16T00:36:41.038+0000] {processor.py:840} INFO - DAG(s) 'fraud_pipeline' retrieved from /opt/airflow/dags/fraud_pipeline_dag.py
[2026-09-16T00:36:41.064+0000] {logging_mixin.py:188} INFO - [2026-09-16T00:36:41.064+0000] {dag.py:3096} INFO - Sync 1 DAGs
[2026-09-16T00:36:41.076+0000] {logging_mixin.py:188} INFO - [2026-09-16T00:36:41.076+0000] {dag.py:3954} INFO - Setting next_dagrun for fraud_pipeline to None, run_after=None
[2026-09-16T00:36:41.094+0000] {processor.py:183} INFO - Processing /opt/airflow/dags/fraud_pipeline_dag.py took 0.074 seconds
[2026-09-16T00:37:11.234+0000] {processor.py:161} INFO - Started process (PID=1721) to work on /opt/airflow/dags/fraud_pipeline_dag.py
[2026-09-16T00:37:11.235+0000] {processor.py:830} INFO - Processing file /opt/airflow/dags/fraud_pipeline_dag.py for tasks to queue
[2026-09-16T00:37:11.236+0000] {logging_mixin.py:188} INFO - [2026-09-16T00:37:11.236+0000] {dagbag.py:540} INFO - Filling up the DagBag from /opt/airflow/dags/fraud_pipeline_dag.py
[2026-09-16T00:37:11.248+0000] {processor.py:840} INFO - DAG(s) 'fraud_pipeline' retrieved from /opt/airflow/dags/fraud_pipeline_dag.py
[2026-09-16T00:37:11.275+0000] {logging_mixin.py:188} INFO - [2026-09-16T00:37:11.275+0000] {dag.py:3096} INFO - Sync 1 DAGs
[2026-09-16T00:37:11.287+0000] {logging_mixin.py:188} INFO - [2026-09-16T00:37:11.287+0000] {dag.py:3954} INFO - Setting next_dagrun for fraud_pipeline to None, run_after=None
[2026-09-16T00:37:11.305+0000] {processor.py:183} INFO - Processing /opt/airflow/dags/fraud_pipeline_dag.py took 0.076 seconds
[2026-09-16T00:37:41.444+0000] {processor.py:161} INFO - Started process (PID=1726) to work on /opt/airflow/dags/fraud_pipeline_dag.py
[2026-09-16T00:37:41.445+0000] {processor.py:830} INFO - Processing file /opt/airflow/dags/fraud_pipeline_dag.py for tasks to queue
[2026-09-16T00:37:41.446+0000] {logging_mixin.py:188} INFO - [2026-09-16T00:37:41.446+0000] {dagbag.py:540} INFO - Filling up the DagBag from /opt/airflow/dags/fraud_pipeline_dag.py
[2026-09-16T00:37:41.457+0000] {processor.py:840} INFO - DAG(s) 'fraud_pipeline' retrieved from /opt/airflow/dags/fraud_pipeline_dag.py
[2026-09-16T00:37:41.482+0000] {logging_mixin.py:188} INFO - [2026-09-16T00:37:41.482+0000] {dag.py:3096} INFO - Sync 1 DAGs
[2026-09-16T00:37:41.494+0000] {logging_mixin.py:188} INFO - [2026-09-16T00:37:41.494+0000] {dag.py:3954} INFO - Setting next_dagrun for fraud_pipeline to None, run_after=None
[2026-09-16T00:37:41.511+0000] {processor.py:183} INFO - Processing /opt/airflow/dags/fraud_pipeline_dag.py took 0.071 seconds
[2026-09-16T00:38:11.689+0000] {processor.py:161} INFO - Started process (PID=1731) to work on /opt/airflow/dags/fraud_pipeline_dag.py
[2026-09-16T00:38:11.690+0000] {processor.py:830} INFO - Processing file /opt/airflow/dags/fraud_pipeline_dag.py for tasks to queue
[2026-09-16T00:38:11.692+0000] {logging_mixin.py:188} INFO - [2026-09-16T00:38:11.691+0000] {dagbag.py:540} INFO - Filling up the DagBag from /opt/airflow/dags/fraud_pipeline_dag.py
[2026-09-16T00:38:11.707+0000] {processor.py:840} INFO - DAG(s) 'fraud_pipeline' retrieved from /opt/airflow/dags/fraud_pipeline_dag.py
[2026-09-16T00:38:11.742+0000] {logging_mixin.py:188} INFO - [2026-09-16T00:38:11.742+0000] {dag.py:3096} INFO - Sync 1 DAGs
[2026-09-16T00:38:11.769+0000] {logging_mixin.py:188} INFO - [2026-09-16T00:38:11.769+0000] {dag.py:3954} INFO - Setting next_dagrun for fraud_pipeline to None, run_after=None
[2026-09-16T00:38:11.788+0000] {processor.py:183} INFO - Processing /opt/airflow/dags/fraud_pipeline_dag.py took 0.106 seconds
[2026-09-16T00:38:41.871+0000] {processor.py:161} INFO - Started process (PID=1736) to work on /opt/airflow/dags/fraud_pipeline_dag.py
[2026-09-16T00:38:41.871+0000] {processor.py:830} INFO - Processing file /opt/airflow/dags/fraud_pipeline_dag.py for tasks to queue
[2026-09-16T00:38:41.873+0000] {logging_mixin.py:188} INFO - [2026-09-16T00:38:41.872+0000] {dagbag.py:540} INFO - Filling up the DagBag from /opt/airflow/dags/fraud_pipeline_dag.py
[2026-09-16T00:38:41.884+0000] {processor.py:840} INFO - DAG(s) 'fraud_pipeline' retrieved from /opt/airflow/dags/fraud_pipeline_dag.py
[2026-09-16T00:38:41.918+0000] {logging_mixin.py:188} INFO - [2026-09-16T00:38:41.918+0000] {dag.py:3096} INFO - Sync 1 DAGs
[2026-09-16T00:38:41.935+0000] {logging_mixin.py:188} INFO - [2026-09-16T00:38:41.935+0000] {dag.py:3954} INFO - Setting next_dagrun for fraud_pipeline to None, run_after=None
[2026-09-16T00:38:41.963+0000] {processor.py:183} INFO - Processing /opt/airflow/dags/fraud_pipeline_dag.py took 0.097 seconds
[2026-09-16T00:39:12.120+0000] {processor.py:161} INFO - Started process (PID=1741) to work on /opt/airflow/dags/fraud_pipeline_dag.py
[2026-09-16T00:39:12.120+0000] {processor.py:830} INFO - Processing file /opt/airflow/dags/fraud_pipeline_dag.py for tasks to queue
[2026-09-16T00:39:12.122+0000] {logging_mixin.py:188} INFO - [2026-09-16T00:39:12.122+0000] {dagbag.py:540} INFO - Filling up the DagBag from /opt/airflow/dags/fraud_pipeline_dag.py
[2026-09-16T00:39:12.132+0000] {processor.py:840} INFO - DAG(s) 'fraud_pipeline' retrieved from /opt/airflow/dags/fraud_pipeline_dag.py
[2026-09-16T00:39:12.159+0000] {logging_mixin.py:188} INFO - [2026-09-16T00:39:12.159+0000] {dag.py:3096} INFO - Sync 1 DAGs
[2026-09-16T00:39:12.171+0000] {logging_mixin.py:188} INFO - [2026-09-16T00:39:12.171+0000] {dag.py:3954} INFO - Setting next_dagrun for fraud_pipeline to None, run_after=None
[2026-09-16T00:39:12.209+0000] {processor.py:183} INFO - Processing /opt/airflow/dags/fraud_pipeline_dag.py took 0.094 seconds
[2026-09-16T00:39:42.284+0000] {processor.py:161} INFO - Started process (PID=1746) to work on /opt/airflow/dags/fraud_pipeline_dag.py
[2026-09-16T00:39:42.285+0000] {processor.py:830} INFO - Processing file /opt/airflow/dags/fraud_pipeline_dag.py for tasks to queue
[2026-09-16T00:39:42.286+0000] {logging_mixin.py:188} INFO - [2026-09-16T00:39:42.286+0000] {dagbag.py:540} INFO - Filling up the DagBag from /opt/airflow/dags/fraud_pipeline_dag.py
[2026-09-16T00:39:42.299+0000] {processor.py:840} INFO - DAG(s) 'fraud_pipeline' retrieved from /opt/airflow/dags/fraud_pipeline_dag.py
[2026-09-16T00:39:42.325+0000] {logging_mixin.py:188} INFO - [2026-09-16T00:39:42.324+0000] {dag.py:3096} INFO - Sync 1 DAGs
[2026-09-16T00:39:42.336+0000] {logging_mixin.py:188} INFO - [2026-09-16T00:39:42.336+0000] {dag.py:3954} INFO - Setting next_dagrun for fraud_pipeline to None, run_after=None
[2026-09-16T00:39:42.350+0000] {processor.py:183} INFO - Processing /opt/airflow/dags/fraud_pipeline_dag.py took 0.070 seconds
[2026-09-16T00:40:12.466+0000] {processor.py:161} INFO - Started process (PID=1751) to work on /opt/airflow/dags/fraud_pipeline_dag.py
[2026-09-16T00:40:12.467+0000] {processor.py:830} INFO - Processing file /opt/airflow/dags/fraud_pipeline_dag.py for tasks to queue
[2026-09-16T00:40:12.469+0000] {logging_mixin.py:188} INFO - [2026-09-16T00:40:12.468+0000] {dagbag.py:540} INFO - Filling up the DagBag from /opt/airflow/dags/fraud_pipeline_dag.py
[2026-09-16T00:40:12.482+0000] {processor.py:840} INFO - DAG(s) 'fraud_pipeline' retrieved from /opt/airflow/dags/fraud_pipeline_dag.py
[2026-09-16T00:40:12.509+0000] {logging_mixin.py:188} INFO - [2026-09-16T00:40:12.509+0000] {dag.py:3096} INFO - Sync 1 DAGs
[2026-09-16T00:40:12.521+0000] {logging_mixin.py:188} INFO - [2026-09-16T00:40:12.521+0000] {dag.py:3954} INFO - Setting next_dagrun for fraud_pipeline to None, run_after=None
[2026-09-16T00:40:12.536+0000] {processor.py:183} INFO - Processing /opt/airflow/dags/fraud_pipeline_dag.py took 0.075 seconds
[2026-09-16T00:40:42.689+0000] {processor.py:161} INFO - Started process (PID=1756) to work on /opt/airflow/dags/fraud_pipeline_dag.py
[2026-09-16T00:40:42.690+0000] {processor.py:830} INFO - Processing file /opt/airflow/dags/fraud_pipeline_dag.py for tasks to queue
[2026-09-16T00:40:42.691+0000] {logging_mixin.py:188} INFO - [2026-09-16T00:40:42.691+0000] {dagbag.py:540} INFO - Filling up the DagBag from /opt/airflow/dags/fraud_pipeline_dag.py
[2026-09-16T00:40:42.704+0000] {processor.py:840} INFO - DAG(s) 'fraud_pipeline' retrieved from /opt/airflow/dags/fraud_pipeline_dag.py
[2026-09-16T00:40:42.738+0000] {logging_mixin.py:188} INFO - [2026-09-16T00:40:42.738+0000] {dag.py:3096} INFO - Sync 1 DAGs
[2026-09-16T00:40:42.756+0000] {logging_mixin.py:188} INFO - [2026-09-16T00:40:42.755+0000] {dag.py:3954} INFO - Setting next_dagrun for fraud_pipeline to None, run_after=None
[2026-09-16T00:40:42.784+0000] {processor.py:183} INFO - Processing /opt/airflow/dags/fraud_pipeline_dag.py took 0.099 seconds
[2026-09-16T00:41:12.866+0000] {processor.py:161} INFO - Started process (PID=1761) to work on /opt/airflow/dags/fraud_pipeline_dag.py
[2026-09-16T00:41:12.866+0000] {processor.py:830} INFO - Processing file /opt/airflow/dags/fraud_pipeline_dag.py for tasks to queue
[2026-09-16T00:41:12.868+0000] {logging_mixin.py:188} INFO - [2026-09-16T00:41:12.868+0000] {dagbag.py:540} INFO - Filling up the DagBag from /opt/airflow/dags/fraud_pipeline_dag.py
[2026-09-16T00:41:12.882+0000] {processor.py:840} INFO - DAG(s) 'fraud_pipeline' retrieved from /opt/airflow/dags/fraud_pipeline_dag.py
[2026-09-16T00:41:12.909+0000] {logging_mixin.py:188} INFO - [2026-09-16T00:41:12.909+0000] {dag.py:3096} INFO - Sync 1 DAGs
[2026-09-16T00:41:12.922+0000] {logging_mixin.py:188} INFO - [2026-09-16T00:41:12.922+0000] {dag.py:3954} INFO - Setting next_dagrun for fraud_pipeline to None, run_after=None
[2026-09-16T00:41:12.939+0000] {processor.py:183} INFO - Processing /opt/airflow/dags/fraud_pipeline_dag.py took 0.078 seconds
[2026-09-16T00:41:43.102+0000] {processor.py:161} INFO - Started process (PID=1766) to work on /opt/airflow/dags/fraud_pipeline_dag.py
[2026-09-16T00:41:43.103+0000] {processor.py:830} INFO - Processing file /opt/airflow/dags/fraud_pipeline_dag.py for tasks to queue
[2026-09-16T00:41:43.105+0000] {logging_mixin.py:188} INFO - [2026-09-16T00:41:43.105+0000] {dagbag.py:540} INFO - Filling up the DagBag from /opt/airflow/dags/fraud_pipeline_dag.py
[2026-09-16T00:41:43.119+0000] {processor.py:840} INFO - DAG(s) 'fraud_pipeline' retrieved from /opt/airflow/dags/fraud_pipeline_dag.py
[2026-09-16T00:41:43.147+0000] {logging_mixin.py:188} INFO - [2026-09-16T00:41:43.147+0000] {dag.py:3096} INFO - Sync 1 DAGs
[2026-09-16T00:41:43.159+0000] {logging_mixin.py:188} INFO - [2026-09-16T00:41:43.159+0000] {dag.py:3954} INFO - Setting next_dagrun for fraud_pipeline to None, run_after=None
[2026-09-16T00:41:43.176+0000] {processor.py:183} INFO - Processing /opt/airflow/dags/fraud_pipeline_dag.py took 0.080 seconds
[2026-09-16T00:42:13.265+0000] {processor.py:161} INFO - Started process (PID=1771) to work on /opt/airflow/dags/fraud_pipeline_dag.py
[2026-09-16T00:42:13.266+0000] {processor.py:830} INFO - Processing file /opt/airflow/dags/fraud_pipeline_dag.py for tasks to queue
[2026-09-16T00:42:13.267+0000] {logging_mixin.py:188} INFO - [2026-09-16T00:42:13.267+0000] {dagbag.py:540} INFO - Filling up the DagBag from /opt/airflow/dags/fraud_pipeline_dag.py
[2026-09-16T00:42:13.280+0000] {processor.py:840} INFO - DAG(s) 'fraud_pipeline' retrieved from /opt/airflow/dags/fraud_pipeline_dag.py
[2026-09-16T00:42:13.307+0000] {logging_mixin.py:188} INFO - [2026-09-16T00:42:13.307+0000] {dag.py:3096} INFO - Sync 1 DAGs
[2026-09-16T00:42:13.319+0000] {logging_mixin.py:188} INFO - [2026-09-16T00:42:13.319+0000] {dag.py:3954} INFO - Setting next_dagrun for fraud_pipeline to None, run_after=None
[2026-09-16T00:42:13.335+0000] {processor.py:183} INFO - Processing /opt/airflow/dags/fraud_pipeline_dag.py took 0.076 seconds
[2026-09-16T00:42:43.516+0000] {processor.py:161} INFO - Started process (PID=1776) to work on /opt/airflow/dags/fraud_pipeline_dag.py
[2026-09-16T00:42:43.517+0000] {processor.py:830} INFO - Processing file /opt/airflow/dags/fraud_pipeline_dag.py for tasks to queue
[2026-09-16T00:42:43.518+0000] {logging_mixin.py:188} INFO - [2026-09-16T00:42:43.518+0000] {dagbag.py:540} INFO - Filling up the DagBag from /opt/airflow/dags/fraud_pipeline_dag.py
[2026-09-16T00:42:43.530+0000] {processor.py:840} INFO - DAG(s) 'fraud_pipeline' retrieved from /opt/airflow/dags/fraud_pipeline_dag.py
[2026-09-16T00:42:43.568+0000] {logging_mixin.py:188} INFO - [2026-09-16T00:42:43.568+0000] {dag.py:3096} INFO - Sync 1 DAGs
[2026-09-16T00:42:43.582+0000] {logging_mixin.py:188} INFO - [2026-09-16T00:42:43.582+0000] {dag.py:3954} INFO - Setting next_dagrun for fraud_pipeline to None, run_after=None
[2026-09-16T00:42:43.601+0000] {processor.py:183} INFO - Processing /opt/airflow/dags/fraud_pipeline_dag.py took 0.089 seconds
[2026-09-16T00:43:13.694+0000] {processor.py:161} INFO - Started process (PID=1781) to work on /opt/airflow/dags/fraud_pipeline_dag.py
[2026-09-16T00:43:13.695+0000] {processor.py:830} INFO - Processing file /opt/airflow/dags/fraud_pipeline_dag.py for tasks to queue
[2026-09-16T00:43:13.697+0000] {logging_mixin.py:188} INFO - [2026-09-16T00:43:13.696+0000] {dagbag.py:540} INFO - Filling up the DagBag from /opt/airflow/dags/fraud_pipeline_dag.py
[2026-09-16T00:43:13.708+0000] {processor.py:840} INFO - DAG(s) 'fraud_pipeline' retrieved from /opt/airflow/dags/fraud_pipeline_dag.py
[2026-09-16T00:43:13.733+0000] {logging_mixin.py:188} INFO - [2026-09-16T00:43:13.733+0000] {dag.py:3096} INFO - Sync 1 DAGs
[2026-09-16T00:43:13.744+0000] {logging_mixin.py:188} INFO - [2026-09-16T00:43:13.744+0000] {dag.py:3954} INFO - Setting next_dagrun for fraud_pipeline to None, run_after=None
[2026-09-16T00:43:13.782+0000] {processor.py:183} INFO - Processing /opt/airflow/dags/fraud_pipeline_dag.py took 0.092 seconds
[2026-09-16T00:43:43.915+0000] {processor.py:161} INFO - Started process (PID=1786) to work on /opt/airflow/dags/fraud_pipeline_dag.py
[2026-09-16T00:43:43.916+0000] {processor.py:830} INFO - Processing file /opt/airflow/dags/fraud_pipeline_dag.py for tasks to queue
[2026-09-16T00:43:43.918+0000] {logging_mixin.py:188} INFO - [2026-09-16T00:43:43.918+0000] {dagbag.py:540} INFO - Filling up the DagBag from /opt/airflow/dags/fraud_pipeline_dag.py
[2026-09-16T00:43:43.930+0000] {processor.py:840} INFO - DAG(s) 'fraud_pipeline' retrieved from /opt/airflow/dags/fraud_pipeline_dag.py
[2026-09-16T00:43:43.953+0000] {logging_mixin.py:188} INFO - [2026-09-16T00:43:43.952+0000] {dag.py:3096} INFO - Sync 1 DAGs
[2026-09-16T00:43:43.965+0000] {logging_mixin.py:188} INFO - [2026-09-16T00:43:43.964+0000] {dag.py:3954} INFO - Setting next_dagrun for fraud_pipeline to None, run_after=None
[2026-09-16T00:43:43.993+0000] {processor.py:183} INFO - Processing /opt/airflow/dags/fraud_pipeline_dag.py took 0.083 seconds
[2026-09-16T00:44:14.107+0000] {processor.py:161} INFO - Started process (PID=1791) to work on /opt/airflow/dags/fraud_pipeline_dag.py
[2026-09-16T00:44:14.108+0000] {processor.py:830} INFO - Processing file /opt/airflow/dags/fraud_pipeline_dag.py for tasks to queue
[2026-09-16T00:44:14.109+0000] {logging_mixin.py:188} INFO - [2026-09-16T00:44:14.109+0000] {dagbag.py:540} INFO - Filling up the DagBag from /opt/airflow/dags/fraud_pipeline_dag.py
[2026-09-16T00:44:14.122+0000] {processor.py:840} INFO - DAG(s) 'fraud_pipeline' retrieved from /opt/airflow/dags/fraud_pipeline_dag.py
[2026-09-16T00:44:14.149+0000] {logging_mixin.py:188} INFO - [2026-09-16T00:44:14.148+0000] {dag.py:3096} INFO - Sync 1 DAGs
[2026-09-16T00:44:14.162+0000] {logging_mixin.py:188} INFO - [2026-09-16T00:44:14.161+0000] {dag.py:3954} INFO - Setting next_dagrun for fraud_pipeline to None, run_after=None
[2026-09-16T00:44:14.178+0000] {processor.py:183} INFO - Processing /opt/airflow/dags/fraud_pipeline_dag.py took 0.076 seconds
[2026-09-16T00:44:44.347+0000] {processor.py:161} INFO - Started process (PID=1796) to work on /opt/airflow/dags/fraud_pipeline_dag.py
[2026-09-16T00:44:44.348+0000] {processor.py:830} INFO - Processing file /opt/airflow/dags/fraud_pipeline_dag.py for tasks to queue
[2026-09-16T00:44:44.350+0000] {logging_mixin.py:188} INFO - [2026-09-16T00:44:44.350+0000] {dagbag.py:540} INFO - Filling up the DagBag from /opt/airflow/dags/fraud_pipeline_dag.py
[2026-09-16T00:44:44.362+0000] {processor.py:840} INFO - DAG(s) 'fraud_pipeline' retrieved from /opt/airflow/dags/fraud_pipeline_dag.py
[2026-09-16T00:44:44.385+0000] {logging_mixin.py:188} INFO - [2026-09-16T00:44:44.385+0000] {dag.py:3096} INFO - Sync 1 DAGs
[2026-09-16T00:44:44.396+0000] {logging_mixin.py:188} INFO - [2026-09-16T00:44:44.396+0000] {dag.py:3954} INFO - Setting next_dagrun for fraud_pipeline to None, run_after=None
[2026-09-16T00:44:44.411+0000] {processor.py:183} INFO - Processing /opt/airflow/dags/fraud_pipeline_dag.py took 0.069 seconds
[2026-09-16T00:45:14.553+0000] {processor.py:161} INFO - Started process (PID=1801) to work on /opt/airflow/dags/fraud_pipeline_dag.py
[2026-09-16T00:45:14.554+0000] {processor.py:830} INFO - Processing file /opt/airflow/dags/fraud_pipeline_dag.py for tasks to queue
[2026-09-16T00:45:14.555+0000] {logging_mixin.py:188} INFO - [2026-09-16T00:45:14.555+0000] {dagbag.py:540} INFO - Filling up the DagBag from /opt/airflow/dags/fraud_pipeline_dag.py
[2026-09-16T00:45:14.570+0000] {processor.py:840} INFO - DAG(s) 'fraud_pipeline' retrieved from /opt/airflow/dags/fraud_pipeline_dag.py
[2026-09-16T00:45:14.593+0000] {logging_mixin.py:188} INFO - [2026-09-16T00:45:14.593+0000] {dag.py:3096} INFO - Sync 1 DAGs
[2026-09-16T00:45:14.604+0000] {logging_mixin.py:188} INFO - [2026-09-16T00:45:14.604+0000] {dag.py:3954} INFO - Setting next_dagrun for fraud_pipeline to None, run_after=None
[2026-09-16T00:45:14.619+0000] {processor.py:183} INFO - Processing /opt/airflow/dags/fraud_pipeline_dag.py took 0.070 seconds
[2026-09-16T00:45:44.736+0000] {processor.py:161} INFO - Started process (PID=1806) to work on /opt/airflow/dags/fraud_pipeline_dag.py
[2026-09-16T00:45:44.736+0000] {processor.py:830} INFO - Processing file /opt/airflow/dags/fraud_pipeline_dag.py for tasks to queue
[2026-09-16T00:45:44.738+0000] {logging_mixin.py:188} INFO - [2026-09-16T00:45:44.737+0000] {dagbag.py:540} INFO - Filling up the DagBag from /opt/airflow/dags/fraud_pipeline_dag.py
[2026-09-16T00:45:44.750+0000] {processor.py:840} INFO - DAG(s) 'fraud_pipeline' retrieved from /opt/airflow/dags/fraud_pipeline_dag.py
[2026-09-16T00:45:44.775+0000] {logging_mixin.py:188} INFO - [2026-09-16T00:45:44.775+0000] {dag.py:3096} INFO - Sync 1 DAGs
[2026-09-16T00:45:44.787+0000] {logging_mixin.py:188} INFO - [2026-09-16T00:45:44.787+0000] {dag.py:3954} INFO - Setting next_dagrun for fraud_pipeline to None, run_after=None
[2026-09-16T00:45:44.803+0000] {processor.py:183} INFO - Processing /opt/airflow/dags/fraud_pipeline_dag.py took 0.072 seconds
[2026-09-16T00:46:14.926+0000] {processor.py:161} INFO - Started process (PID=1811) to work on /opt/airflow/dags/fraud_pipeline_dag.py
[2026-09-16T00:46:14.927+0000] {processor.py:830} INFO - Processing file /opt/airflow/dags/fraud_pipeline_dag.py for tasks to queue
[2026-09-16T00:46:14.929+0000] {logging_mixin.py:188} INFO - [2026-09-16T00:46:14.929+0000] {dagbag.py:540} INFO - Filling up the DagBag from /opt/airflow/dags/fraud_pipeline_dag.py
[2026-09-16T00:46:14.944+0000] {processor.py:840} INFO - DAG(s) 'fraud_pipeline' retrieved from /opt/airflow/dags/fraud_pipeline_dag.py
[2026-09-16T00:46:14.969+0000] {logging_mixin.py:188} INFO - [2026-09-16T00:46:14.969+0000] {dag.py:3096} INFO - Sync 1 DAGs
[2026-09-16T00:46:14.982+0000] {logging_mixin.py:188} INFO - [2026-09-16T00:46:14.982+0000] {dag.py:3954} INFO - Setting next_dagrun for fraud_pipeline to None, run_after=None
[2026-09-16T00:46:14.999+0000] {processor.py:183} INFO - Processing /opt/airflow/dags/fraud_pipeline_dag.py took 0.078 seconds
[2026-09-16T00:46:45.297+0000] {processor.py:161} INFO - Started process (PID=1816) to work on /opt/airflow/dags/fraud_pipeline_dag.py
[2026-09-16T00:46:45.299+0000] {processor.py:830} INFO - Processing file /opt/airflow/dags/fraud_pipeline_dag.py for tasks to queue
[2026-09-16T00:46:45.303+0000] {logging_mixin.py:188} INFO - [2026-09-16T00:46:45.302+0000] {dagbag.py:540} INFO - Filling up the DagBag from /opt/airflow/dags/fraud_pipeline_dag.py
[2026-09-16T00:46:45.330+0000] {processor.py:840} INFO - DAG(s) 'fraud_pipeline' retrieved from /opt/airflow/dags/fraud_pipeline_dag.py
[2026-09-16T00:46:45.400+0000] {logging_mixin.py:188} INFO - [2026-09-16T00:46:45.399+0000] {dag.py:3096} INFO - Sync 1 DAGs
[2026-09-16T00:46:45.420+0000] {logging_mixin.py:188} INFO - [2026-09-16T00:46:45.420+0000] {dag.py:3954} INFO - Setting next_dagrun for fraud_pipeline to None, run_after=None
[2026-09-16T00:46:45.457+0000] {processor.py:183} INFO - Processing /opt/airflow/dags/fraud_pipeline_dag.py took 0.173 seconds
[2026-09-16T00:47:15.625+0000] {processor.py:161} INFO - Started process (PID=1821) to work on /opt/airflow/dags/fraud_pipeline_dag.py
[2026-09-16T00:47:15.626+0000] {processor.py:830} INFO - Processing file /opt/airflow/dags/fraud_pipeline_dag.py for tasks to queue
[2026-09-16T00:47:15.628+0000] {logging_mixin.py:188} INFO - [2026-09-16T00:47:15.628+0000] {dagbag.py:540} INFO - Filling up the DagBag from /opt/airflow/dags/fraud_pipeline_dag.py
[2026-09-16T00:47:15.642+0000] {processor.py:840} INFO - DAG(s) 'fraud_pipeline' retrieved from /opt/airflow/dags/fraud_pipeline_dag.py
[2026-09-16T00:47:15.674+0000] {logging_mixin.py:188} INFO - [2026-09-16T00:47:15.674+0000] {dag.py:3096} INFO - Sync 1 DAGs
[2026-09-16T00:47:15.688+0000] {logging_mixin.py:188} INFO - [2026-09-16T00:47:15.687+0000] {dag.py:3954} INFO - Setting next_dagrun for fraud_pipeline to None, run_after=None
[2026-09-16T00:47:15.703+0000] {processor.py:183} INFO - Processing /opt/airflow/dags/fraud_pipeline_dag.py took 0.084 seconds
[2026-09-16T00:47:45.808+0000] {processor.py:161} INFO - Started process (PID=1826) to work on /opt/airflow/dags/fraud_pipeline_dag.py
[2026-09-16T00:47:45.809+0000] {processor.py:830} INFO - Processing file /opt/airflow/dags/fraud_pipeline_dag.py for tasks to queue
[2026-09-16T00:47:45.811+0000] {logging_mixin.py:188} INFO - [2026-09-16T00:47:45.810+0000] {dagbag.py:540} INFO - Filling up the DagBag from /opt/airflow/dags/fraud_pipeline_dag.py
[2026-09-16T00:47:45.822+0000] {processor.py:840} INFO - DAG(s) 'fraud_pipeline' retrieved from /opt/airflow/dags/fraud_pipeline_dag.py
[2026-09-16T00:47:45.847+0000] {logging_mixin.py:188} INFO - [2026-09-16T00:47:45.847+0000] {dag.py:3096} INFO - Sync 1 DAGs
[2026-09-16T00:47:45.859+0000] {logging_mixin.py:188} INFO - [2026-09-16T00:47:45.858+0000] {dag.py:3954} INFO - Setting next_dagrun for fraud_pipeline to None, run_after=None
[2026-09-16T00:47:45.876+0000] {processor.py:183} INFO - Processing /opt/airflow/dags/fraud_pipeline_dag.py took 0.072 seconds
[2026-09-16T00:48:15.959+0000] {processor.py:161} INFO - Started process (PID=1831) to work on /opt/airflow/dags/fraud_pipeline_dag.py
[2026-09-16T00:48:15.960+0000] {processor.py:830} INFO - Processing file /opt/airflow/dags/fraud_pipeline_dag.py for tasks to queue
[2026-09-16T00:48:15.962+0000] {logging_mixin.py:188} INFO - [2026-09-16T00:48:15.962+0000] {dagbag.py:540} INFO - Filling up the DagBag from /opt/airflow/dags/fraud_pipeline_dag.py
[2026-09-16T00:48:15.975+0000] {processor.py:840} INFO - DAG(s) 'fraud_pipeline' retrieved from /opt/airflow/dags/fraud_pipeline_dag.py
[2026-09-16T00:48:16.002+0000] {logging_mixin.py:188} INFO - [2026-09-16T00:48:16.002+0000] {dag.py:3096} INFO - Sync 1 DAGs
[2026-09-16T00:48:16.016+0000] {logging_mixin.py:188} INFO - [2026-09-16T00:48:16.016+0000] {dag.py:3954} INFO - Setting next_dagrun for fraud_pipeline to None, run_after=None
[2026-09-16T00:48:16.054+0000] {processor.py:183} INFO - Processing /opt/airflow/dags/fraud_pipeline_dag.py took 0.101 seconds
[2026-09-16T00:48:46.180+0000] {processor.py:161} INFO - Started process (PID=1836) to work on /opt/airflow/dags/fraud_pipeline_dag.py
[2026-09-16T00:48:46.181+0000] {processor.py:830} INFO - Processing file /opt/airflow/dags/fraud_pipeline_dag.py for tasks to queue
[2026-09-16T00:48:46.183+0000] {logging_mixin.py:188} INFO - [2026-09-16T00:48:46.183+0000] {dagbag.py:540} INFO - Filling up the DagBag from /opt/airflow/dags/fraud_pipeline_dag.py
[2026-09-16T00:48:46.195+0000] {processor.py:840} INFO - DAG(s) 'fraud_pipeline' retrieved from /opt/airflow/dags/fraud_pipeline_dag.py
[2026-09-16T00:48:46.221+0000] {logging_mixin.py:188} INFO - [2026-09-16T00:48:46.220+0000] {dag.py:3096} INFO - Sync 1 DAGs
[2026-09-16T00:48:46.233+0000] {logging_mixin.py:188} INFO - [2026-09-16T00:48:46.233+0000] {dag.py:3954} INFO - Setting next_dagrun for fraud_pipeline to None, run_after=None
[2026-09-16T00:48:46.252+0000] {processor.py:183} INFO - Processing /opt/airflow/dags/fraud_pipeline_dag.py took 0.077 seconds
[2026-09-16T00:49:16.352+0000] {processor.py:161} INFO - Started process (PID=1841) to work on /opt/airflow/dags/fraud_pipeline_dag.py
[2026-09-16T00:49:16.353+0000] {processor.py:830} INFO - Processing file /opt/airflow/dags/fraud_pipeline_dag.py for tasks to queue
[2026-09-16T00:49:16.354+0000] {logging_mixin.py:188} INFO - [2026-09-16T00:49:16.354+0000] {dagbag.py:540} INFO - Filling up the DagBag from /opt/airflow/dags/fraud_pipeline_dag.py
[2026-09-16T00:49:16.367+0000] {processor.py:840} INFO - DAG(s) 'fraud_pipeline' retrieved from /opt/airflow/dags/fraud_pipeline_dag.py
[2026-09-16T00:49:16.395+0000] {logging_mixin.py:188} INFO - [2026-09-16T00:49:16.395+0000] {dag.py:3096} INFO - Sync 1 DAGs
[2026-09-16T00:49:16.407+0000] {logging_mixin.py:188} INFO - [2026-09-16T00:49:16.407+0000] {dag.py:3954} INFO - Setting next_dagrun for fraud_pipeline to None, run_after=None
[2026-09-16T00:49:16.424+0000] {processor.py:183} INFO - Processing /opt/airflow/dags/fraud_pipeline_dag.py took 0.076 seconds
[2026-09-16T00:49:46.557+0000] {processor.py:161} INFO - Started process (PID=1846) to work on /opt/airflow/dags/fraud_pipeline_dag.py
[2026-09-16T00:49:46.559+0000] {processor.py:830} INFO - Processing file /opt/airflow/dags/fraud_pipeline_dag.py for tasks to queue
[2026-09-16T00:49:46.560+0000] {logging_mixin.py:188} INFO - [2026-09-16T00:49:46.560+0000] {dagbag.py:540} INFO - Filling up the DagBag from /opt/airflow/dags/fraud_pipeline_dag.py
[2026-09-16T00:49:46.572+0000] {processor.py:840} INFO - DAG(s) 'fraud_pipeline' retrieved from /opt/airflow/dags/fraud_pipeline_dag.py
[2026-09-16T00:49:46.598+0000] {logging_mixin.py:188} INFO - [2026-09-16T00:49:46.598+0000] {dag.py:3096} INFO - Sync 1 DAGs
[2026-09-16T00:49:46.610+0000] {logging_mixin.py:188} INFO - [2026-09-16T00:49:46.610+0000] {dag.py:3954} INFO - Setting next_dagrun for fraud_pipeline to None, run_after=None
[2026-09-16T00:49:46.626+0000] {processor.py:183} INFO - Processing /opt/airflow/dags/fraud_pipeline_dag.py took 0.075 seconds
[2026-09-16T00:50:16.717+0000] {processor.py:161} INFO - Started process (PID=1851) to work on /opt/airflow/dags/fraud_pipeline_dag.py
[2026-09-16T00:50:16.718+0000] {processor.py:830} INFO - Processing file /opt/airflow/dags/fraud_pipeline_dag.py for tasks to queue
[2026-09-16T00:50:16.720+0000] {logging_mixin.py:188} INFO - [2026-09-16T00:50:16.720+0000] {dagbag.py:540} INFO - Filling up the DagBag from /opt/airflow/dags/fraud_pipeline_dag.py
[2026-09-16T00:50:16.732+0000] {processor.py:840} INFO - DAG(s) 'fraud_pipeline' retrieved from /opt/airflow/dags/fraud_pipeline_dag.py
[2026-09-16T00:50:16.759+0000] {logging_mixin.py:188} INFO - [2026-09-16T00:50:16.759+0000] {dag.py:3096} INFO - Sync 1 DAGs
[2026-09-16T00:50:16.771+0000] {logging_mixin.py:188} INFO - [2026-09-16T00:50:16.771+0000] {dag.py:3954} INFO - Setting next_dagrun for fraud_pipeline to None, run_after=None
[2026-09-16T00:50:16.787+0000] {processor.py:183} INFO - Processing /opt/airflow/dags/fraud_pipeline_dag.py took 0.076 seconds
[2026-09-16T00:50:46.911+0000] {processor.py:161} INFO - Started process (PID=1856) to work on /opt/airflow/dags/fraud_pipeline_dag.py
[2026-09-16T00:50:46.912+0000] {processor.py:830} INFO - Processing file /opt/airflow/dags/fraud_pipeline_dag.py for tasks to queue
[2026-09-16T00:50:46.913+0000] {logging_mixin.py:188} INFO - [2026-09-16T00:50:46.913+0000] {dagbag.py:540} INFO - Filling up the DagBag from /opt/airflow/dags/fraud_pipeline_dag.py
[2026-09-16T00:50:46.926+0000] {processor.py:840} INFO - DAG(s) 'fraud_pipeline' retrieved from /opt/airflow/dags/fraud_pipeline_dag.py
[2026-09-16T00:50:46.953+0000] {logging_mixin.py:188} INFO - [2026-09-16T00:50:46.952+0000] {dag.py:3096} INFO - Sync 1 DAGs
[2026-09-16T00:50:46.965+0000] {logging_mixin.py:188} INFO - [2026-09-16T00:50:46.965+0000] {dag.py:3954} INFO - Setting next_dagrun for fraud_pipeline to None, run_after=None
[2026-09-16T00:50:46.981+0000] {processor.py:183} INFO - Processing /opt/airflow/dags/fraud_pipeline_dag.py took 0.076 seconds
[2026-09-16T00:51:17.106+0000] {processor.py:161} INFO - Started process (PID=1861) to work on /opt/airflow/dags/fraud_pipeline_dag.py
[2026-09-16T00:51:17.107+0000] {processor.py:830} INFO - Processing file /opt/airflow/dags/fraud_pipeline_dag.py for tasks to queue
[2026-09-16T00:51:17.110+0000] {logging_mixin.py:188} INFO - [2026-09-16T00:51:17.109+0000] {dagbag.py:540} INFO - Filling up the DagBag from /opt/airflow/dags/fraud_pipeline_dag.py
[2026-09-16T00:51:17.123+0000] {processor.py:840} INFO - DAG(s) 'fraud_pipeline' retrieved from /opt/airflow/dags/fraud_pipeline_dag.py
[2026-09-16T00:51:17.148+0000] {logging_mixin.py:188} INFO - [2026-09-16T00:51:17.148+0000] {dag.py:3096} INFO - Sync 1 DAGs
[2026-09-16T00:51:17.161+0000] {logging_mixin.py:188} INFO - [2026-09-16T00:51:17.161+0000] {dag.py:3954} INFO - Setting next_dagrun for fraud_pipeline to None, run_after=None
[2026-09-16T00:51:17.178+0000] {processor.py:183} INFO - Processing /opt/airflow/dags/fraud_pipeline_dag.py took 0.078 seconds
[2026-09-16T00:51:47.290+0000] {processor.py:161} INFO - Started process (PID=1866) to work on /opt/airflow/dags/fraud_pipeline_dag.py
[2026-09-16T00:51:47.290+0000] {processor.py:830} INFO - Processing file /opt/airflow/dags/fraud_pipeline_dag.py for tasks to queue
[2026-09-16T00:51:47.292+0000] {logging_mixin.py:188} INFO - [2026-09-16T00:51:47.291+0000] {dagbag.py:540} INFO - Filling up the DagBag from /opt/airflow/dags/fraud_pipeline_dag.py
[2026-09-16T00:51:47.308+0000] {processor.py:840} INFO - DAG(s) 'fraud_pipeline' retrieved from /opt/airflow/dags/fraud_pipeline_dag.py
[2026-09-16T00:51:47.335+0000] {logging_mixin.py:188} INFO - [2026-09-16T00:51:47.334+0000] {dag.py:3096} INFO - Sync 1 DAGs
[2026-09-16T00:51:47.347+0000] {logging_mixin.py:188} INFO - [2026-09-16T00:51:47.347+0000] {dag.py:3954} INFO - Setting next_dagrun for fraud_pipeline to None, run_after=None
[2026-09-16T00:51:47.363+0000] {processor.py:183} INFO - Processing /opt/airflow/dags/fraud_pipeline_dag.py took 0.079 seconds
[2026-09-16T00:52:17.451+0000] {processor.py:161} INFO - Started process (PID=1871) to work on /opt/airflow/dags/fraud_pipeline_dag.py
[2026-09-16T00:52:17.452+0000] {processor.py:830} INFO - Processing file /opt/airflow/dags/fraud_pipeline_dag.py for tasks to queue
[2026-09-16T00:52:17.453+0000] {logging_mixin.py:188} INFO - [2026-09-16T00:52:17.453+0000] {dagbag.py:540} INFO - Filling up the DagBag from /opt/airflow/dags/fraud_pipeline_dag.py
[2026-09-16T00:52:17.466+0000] {processor.py:840} INFO - DAG(s) 'fraud_pipeline' retrieved from /opt/airflow/dags/fraud_pipeline_dag.py
[2026-09-16T00:52:17.495+0000] {logging_mixin.py:188} INFO - [2026-09-16T00:52:17.494+0000] {dag.py:3096} INFO - Sync 1 DAGs
[2026-09-16T00:52:17.509+0000] {logging_mixin.py:188} INFO - [2026-09-16T00:52:17.509+0000] {dag.py:3954} INFO - Setting next_dagrun for fraud_pipeline to None, run_after=None
[2026-09-16T00:52:17.527+0000] {processor.py:183} INFO - Processing /opt/airflow/dags/fraud_pipeline_dag.py took 0.081 seconds
[2026-09-16T00:52:47.661+0000] {processor.py:161} INFO - Started process (PID=1876) to work on /opt/airflow/dags/fraud_pipeline_dag.py
[2026-09-16T00:52:47.663+0000] {processor.py:830} INFO - Processing file /opt/airflow/dags/fraud_pipeline_dag.py for tasks to queue
[2026-09-16T00:52:47.665+0000] {logging_mixin.py:188} INFO - [2026-09-16T00:52:47.664+0000] {dagbag.py:540} INFO - Filling up the DagBag from /opt/airflow/dags/fraud_pipeline_dag.py
[2026-09-16T00:52:47.678+0000] {processor.py:840} INFO - DAG(s) 'fraud_pipeline' retrieved from /opt/airflow/dags/fraud_pipeline_dag.py
[2026-09-16T00:52:47.704+0000] {logging_mixin.py:188} INFO - [2026-09-16T00:52:47.704+0000] {dag.py:3096} INFO - Sync 1 DAGs
[2026-09-16T00:52:47.717+0000] {logging_mixin.py:188} INFO - [2026-09-16T00:52:47.717+0000] {dag.py:3954} INFO - Setting next_dagrun for fraud_pipeline to None, run_after=None
[2026-09-16T00:52:47.743+0000] {processor.py:183} INFO - Processing /opt/airflow/dags/fraud_pipeline_dag.py took 0.087 seconds
[2026-09-16T00:53:17.835+0000] {processor.py:161} INFO - Started process (PID=1881) to work on /opt/airflow/dags/fraud_pipeline_dag.py
[2026-09-16T00:53:17.836+0000] {processor.py:830} INFO - Processing file /opt/airflow/dags/fraud_pipeline_dag.py for tasks to queue
[2026-09-16T00:53:17.838+0000] {logging_mixin.py:188} INFO - [2026-09-16T00:53:17.837+0000] {dagbag.py:540} INFO - Filling up the DagBag from /opt/airflow/dags/fraud_pipeline_dag.py
[2026-09-16T00:53:17.849+0000] {processor.py:840} INFO - DAG(s) 'fraud_pipeline' retrieved from /opt/airflow/dags/fraud_pipeline_dag.py
[2026-09-16T00:53:17.877+0000] {logging_mixin.py:188} INFO - [2026-09-16T00:53:17.877+0000] {dag.py:3096} INFO - Sync 1 DAGs
[2026-09-16T00:53:17.890+0000] {logging_mixin.py:188} INFO - [2026-09-16T00:53:17.890+0000] {dag.py:3954} INFO - Setting next_dagrun for fraud_pipeline to None, run_after=None
[2026-09-16T00:53:17.908+0000] {processor.py:183} INFO - Processing /opt/airflow/dags/fraud_pipeline_dag.py took 0.079 seconds
[2026-09-16T00:53:48.042+0000] {processor.py:161} INFO - Started process (PID=1886) to work on /opt/airflow/dags/fraud_pipeline_dag.py
[2026-09-16T00:53:48.043+0000] {processor.py:830} INFO - Processing file /opt/airflow/dags/fraud_pipeline_dag.py for tasks to queue
[2026-09-16T00:53:48.044+0000] {logging_mixin.py:188} INFO - [2026-09-16T00:53:48.044+0000] {dagbag.py:540} INFO - Filling up the DagBag from /opt/airflow/dags/fraud_pipeline_dag.py
[2026-09-16T00:53:48.057+0000] {processor.py:840} INFO - DAG(s) 'fraud_pipeline' retrieved from /opt/airflow/dags/fraud_pipeline_dag.py
[2026-09-16T00:53:48.083+0000] {logging_mixin.py:188} INFO - [2026-09-16T00:53:48.083+0000] {dag.py:3096} INFO - Sync 1 DAGs
[2026-09-16T00:53:48.098+0000] {logging_mixin.py:188} INFO - [2026-09-16T00:53:48.098+0000] {dag.py:3954} INFO - Setting next_dagrun for fraud_pipeline to None, run_after=None
[2026-09-16T00:53:48.131+0000] {processor.py:183} INFO - Processing /opt/airflow/dags/fraud_pipeline_dag.py took 0.093 seconds
[2026-09-16T00:54:18.217+0000] {processor.py:161} INFO - Started process (PID=1891) to work on /opt/airflow/dags/fraud_pipeline_dag.py
[2026-09-16T00:54:18.218+0000] {processor.py:830} INFO - Processing file /opt/airflow/dags/fraud_pipeline_dag.py for tasks to queue
[2026-09-16T00:54:18.219+0000] {logging_mixin.py:188} INFO - [2026-09-16T00:54:18.219+0000] {dagbag.py:540} INFO - Filling up the DagBag from /opt/airflow/dags/fraud_pipeline_dag.py
[2026-09-16T00:54:18.231+0000] {processor.py:840} INFO - DAG(s) 'fraud_pipeline' retrieved from /opt/airflow/dags/fraud_pipeline_dag.py
[2026-09-16T00:54:18.258+0000] {logging_mixin.py:188} INFO - [2026-09-16T00:54:18.258+0000] {dag.py:3096} INFO - Sync 1 DAGs
[2026-09-16T00:54:18.271+0000] {logging_mixin.py:188} INFO - [2026-09-16T00:54:18.271+0000] {dag.py:3954} INFO - Setting next_dagrun for fraud_pipeline to None, run_after=None
[2026-09-16T00:54:18.287+0000] {processor.py:183} INFO - Processing /opt/airflow/dags/fraud_pipeline_dag.py took 0.075 seconds
[2026-09-16T00:54:48.461+0000] {processor.py:161} INFO - Started process (PID=1896) to work on /opt/airflow/dags/fraud_pipeline_dag.py
[2026-09-16T00:54:48.462+0000] {processor.py:830} INFO - Processing file /opt/airflow/dags/fraud_pipeline_dag.py for tasks to queue
[2026-09-16T00:54:48.465+0000] {logging_mixin.py:188} INFO - [2026-09-16T00:54:48.464+0000] {dagbag.py:540} INFO - Filling up the DagBag from /opt/airflow/dags/fraud_pipeline_dag.py
[2026-09-16T00:54:48.478+0000] {processor.py:840} INFO - DAG(s) 'fraud_pipeline' retrieved from /opt/airflow/dags/fraud_pipeline_dag.py
[2026-09-16T00:54:48.507+0000] {logging_mixin.py:188} INFO - [2026-09-16T00:54:48.506+0000] {dag.py:3096} INFO - Sync 1 DAGs
[2026-09-16T00:54:48.520+0000] {logging_mixin.py:188} INFO - [2026-09-16T00:54:48.520+0000] {dag.py:3954} INFO - Setting next_dagrun for fraud_pipeline to None, run_after=None
[2026-09-16T00:54:48.536+0000] {processor.py:183} INFO - Processing /opt/airflow/dags/fraud_pipeline_dag.py took 0.079 seconds
[2026-09-16T00:55:18.615+0000] {processor.py:161} INFO - Started process (PID=1901) to work on /opt/airflow/dags/fraud_pipeline_dag.py
[2026-09-16T00:55:18.616+0000] {processor.py:830} INFO - Processing file /opt/airflow/dags/fraud_pipeline_dag.py for tasks to queue
[2026-09-16T00:55:18.618+0000] {logging_mixin.py:188} INFO - [2026-09-16T00:55:18.617+0000] {dagbag.py:540} INFO - Filling up the DagBag from /opt/airflow/dags/fraud_pipeline_dag.py
[2026-09-16T00:55:18.630+0000] {processor.py:840} INFO - DAG(s) 'fraud_pipeline' retrieved from /opt/airflow/dags/fraud_pipeline_dag.py
[2026-09-16T00:55:18.659+0000] {logging_mixin.py:188} INFO - [2026-09-16T00:55:18.659+0000] {dag.py:3096} INFO - Sync 1 DAGs
[2026-09-16T00:55:18.673+0000] {logging_mixin.py:188} INFO - [2026-09-16T00:55:18.673+0000] {dag.py:3954} INFO - Setting next_dagrun for fraud_pipeline to None, run_after=None
[2026-09-16T00:55:18.692+0000] {processor.py:183} INFO - Processing /opt/airflow/dags/fraud_pipeline_dag.py took 0.083 seconds
[2026-09-16T00:55:48.806+0000] {processor.py:161} INFO - Started process (PID=1906) to work on /opt/airflow/dags/fraud_pipeline_dag.py
[2026-09-16T00:55:48.806+0000] {processor.py:830} INFO - Processing file /opt/airflow/dags/fraud_pipeline_dag.py for tasks to queue
[2026-09-16T00:55:48.808+0000] {logging_mixin.py:188} INFO - [2026-09-16T00:55:48.808+0000] {dagbag.py:540} INFO - Filling up the DagBag from /opt/airflow/dags/fraud_pipeline_dag.py
[2026-09-16T00:55:48.823+0000] {processor.py:840} INFO - DAG(s) 'fraud_pipeline' retrieved from /opt/airflow/dags/fraud_pipeline_dag.py
[2026-09-16T00:55:48.849+0000] {logging_mixin.py:188} INFO - [2026-09-16T00:55:48.849+0000] {dag.py:3096} INFO - Sync 1 DAGs
[2026-09-16T00:55:48.862+0000] {logging_mixin.py:188} INFO - [2026-09-16T00:55:48.862+0000] {dag.py:3954} INFO - Setting next_dagrun for fraud_pipeline to None, run_after=None
[2026-09-16T00:55:48.881+0000] {processor.py:183} INFO - Processing /opt/airflow/dags/fraud_pipeline_dag.py took 0.082 seconds
[2026-09-16T00:56:18.989+0000] {processor.py:161} INFO - Started process (PID=1911) to work on /opt/airflow/dags/fraud_pipeline_dag.py
[2026-09-16T00:56:18.990+0000] {processor.py:830} INFO - Processing file /opt/airflow/dags/fraud_pipeline_dag.py for tasks to queue
[2026-09-16T00:56:18.992+0000] {logging_mixin.py:188} INFO - [2026-09-16T00:56:18.991+0000] {dagbag.py:540} INFO - Filling up the DagBag from /opt/airflow/dags/fraud_pipeline_dag.py
[2026-09-16T00:56:19.004+0000] {processor.py:840} INFO - DAG(s) 'fraud_pipeline' retrieved from /opt/airflow/dags/fraud_pipeline_dag.py
[2026-09-16T00:56:19.032+0000] {logging_mixin.py:188} INFO - [2026-09-16T00:56:19.032+0000] {dag.py:3096} INFO - Sync 1 DAGs
[2026-09-16T00:56:19.044+0000] {logging_mixin.py:188} INFO - [2026-09-16T00:56:19.044+0000] {dag.py:3954} INFO - Setting next_dagrun for fraud_pipeline to None, run_after=None
[2026-09-16T00:56:19.063+0000] {processor.py:183} INFO - Processing /opt/airflow/dags/fraud_pipeline_dag.py took 0.079 seconds
[2026-09-16T00:56:49.176+0000] {processor.py:161} INFO - Started process (PID=1916) to work on /opt/airflow/dags/fraud_pipeline_dag.py
[2026-09-16T00:56:49.177+0000] {processor.py:830} INFO - Processing file /opt/airflow/dags/fraud_pipeline_dag.py for tasks to queue
[2026-09-16T00:56:49.178+0000] {logging_mixin.py:188} INFO - [2026-09-16T00:56:49.178+0000] {dagbag.py:540} INFO - Filling up the DagBag from /opt/airflow/dags/fraud_pipeline_dag.py
[2026-09-16T00:56:49.193+0000] {processor.py:840} INFO - DAG(s) 'fraud_pipeline' retrieved from /opt/airflow/dags/fraud_pipeline_dag.py
[2026-09-16T00:56:49.224+0000] {logging_mixin.py:188} INFO - [2026-09-16T00:56:49.223+0000] {dag.py:3096} INFO - Sync 1 DAGs
[2026-09-16T00:56:49.237+0000] {logging_mixin.py:188} INFO - [2026-09-16T00:56:49.237+0000] {dag.py:3954} INFO - Setting next_dagrun for fraud_pipeline to None, run_after=None
[2026-09-16T00:56:49.275+0000] {processor.py:183} INFO - Processing /opt/airflow/dags/fraud_pipeline_dag.py took 0.104 seconds
[2026-09-16T00:57:19.398+0000] {processor.py:161} INFO - Started process (PID=1921) to work on /opt/airflow/dags/fraud_pipeline_dag.py
[2026-09-16T00:57:19.398+0000] {processor.py:830} INFO - Processing file /opt/airflow/dags/fraud_pipeline_dag.py for tasks to queue
[2026-09-16T00:57:19.400+0000] {logging_mixin.py:188} INFO - [2026-09-16T00:57:19.400+0000] {dagbag.py:540} INFO - Filling up the DagBag from /opt/airflow/dags/fraud_pipeline_dag.py
[2026-09-16T00:57:19.411+0000] {processor.py:840} INFO - DAG(s) 'fraud_pipeline' retrieved from /opt/airflow/dags/fraud_pipeline_dag.py
[2026-09-16T00:57:19.436+0000] {logging_mixin.py:188} INFO - [2026-09-16T00:57:19.436+0000] {dag.py:3096} INFO - Sync 1 DAGs
[2026-09-16T00:57:19.447+0000] {logging_mixin.py:188} INFO - [2026-09-16T00:57:19.447+0000] {dag.py:3954} INFO - Setting next_dagrun for fraud_pipeline to None, run_after=None
[2026-09-16T00:57:19.463+0000] {processor.py:183} INFO - Processing /opt/airflow/dags/fraud_pipeline_dag.py took 0.071 seconds
[2026-09-16T00:57:49.626+0000] {processor.py:161} INFO - Started process (PID=1926) to work on /opt/airflow/dags/fraud_pipeline_dag.py
[2026-09-16T00:57:49.626+0000] {processor.py:830} INFO - Processing file /opt/airflow/dags/fraud_pipeline_dag.py for tasks to queue
[2026-09-16T00:57:49.628+0000] {logging_mixin.py:188} INFO - [2026-09-16T00:57:49.627+0000] {dagbag.py:540} INFO - Filling up the DagBag from /opt/airflow/dags/fraud_pipeline_dag.py
[2026-09-16T00:57:49.638+0000] {processor.py:840} INFO - DAG(s) 'fraud_pipeline' retrieved from /opt/airflow/dags/fraud_pipeline_dag.py
[2026-09-16T00:57:49.662+0000] {logging_mixin.py:188} INFO - [2026-09-16T00:57:49.662+0000] {dag.py:3096} INFO - Sync 1 DAGs
[2026-09-16T00:57:49.675+0000] {logging_mixin.py:188} INFO - [2026-09-16T00:57:49.674+0000] {dag.py:3954} INFO - Setting next_dagrun for fraud_pipeline to None, run_after=None
[2026-09-16T00:57:49.691+0000] {processor.py:183} INFO - Processing /opt/airflow/dags/fraud_pipeline_dag.py took 0.070 seconds
[2026-09-16T00:58:19.828+0000] {processor.py:161} INFO - Started process (PID=1931) to work on /opt/airflow/dags/fraud_pipeline_dag.py
[2026-09-16T00:58:19.829+0000] {processor.py:830} INFO - Processing file /opt/airflow/dags/fraud_pipeline_dag.py for tasks to queue
[2026-09-16T00:58:19.831+0000] {logging_mixin.py:188} INFO - [2026-09-16T00:58:19.830+0000] {dagbag.py:540} INFO - Filling up the DagBag from /opt/airflow/dags/fraud_pipeline_dag.py
[2026-09-16T00:58:19.842+0000] {processor.py:840} INFO - DAG(s) 'fraud_pipeline' retrieved from /opt/airflow/dags/fraud_pipeline_dag.py
[2026-09-16T00:58:19.866+0000] {logging_mixin.py:188} INFO - [2026-09-16T00:58:19.866+0000] {dag.py:3096} INFO - Sync 1 DAGs
[2026-09-16T00:58:19.877+0000] {logging_mixin.py:188} INFO - [2026-09-16T00:58:19.877+0000] {dag.py:3954} INFO - Setting next_dagrun for fraud_pipeline to None, run_after=None
[2026-09-16T00:58:19.894+0000] {processor.py:183} INFO - Processing /opt/airflow/dags/fraud_pipeline_dag.py took 0.070 seconds
[2026-09-16T00:58:50.060+0000] {processor.py:161} INFO - Started process (PID=1936) to work on /opt/airflow/dags/fraud_pipeline_dag.py
[2026-09-16T00:58:50.061+0000] {processor.py:830} INFO - Processing file /opt/airflow/dags/fraud_pipeline_dag.py for tasks to queue
[2026-09-16T00:58:50.063+0000] {logging_mixin.py:188} INFO - [2026-09-16T00:58:50.062+0000] {dagbag.py:540} INFO - Filling up the DagBag from /opt/airflow/dags/fraud_pipeline_dag.py
[2026-09-16T00:58:50.075+0000] {processor.py:840} INFO - DAG(s) 'fraud_pipeline' retrieved from /opt/airflow/dags/fraud_pipeline_dag.py
[2026-09-16T00:58:50.102+0000] {logging_mixin.py:188} INFO - [2026-09-16T00:58:50.102+0000] {dag.py:3096} INFO - Sync 1 DAGs
[2026-09-16T00:58:50.114+0000] {logging_mixin.py:188} INFO - [2026-09-16T00:58:50.114+0000] {dag.py:3954} INFO - Setting next_dagrun for fraud_pipeline to None, run_after=None
[2026-09-16T00:58:50.154+0000] {processor.py:183} INFO - Processing /opt/airflow/dags/fraud_pipeline_dag.py took 0.099 seconds
[2026-09-16T00:59:20.237+0000] {processor.py:161} INFO - Started process (PID=1941) to work on /opt/airflow/dags/fraud_pipeline_dag.py
[2026-09-16T00:59:20.238+0000] {processor.py:830} INFO - Processing file /opt/airflow/dags/fraud_pipeline_dag.py for tasks to queue
[2026-09-16T00:59:20.239+0000] {logging_mixin.py:188} INFO - [2026-09-16T00:59:20.239+0000] {dagbag.py:540} INFO - Filling up the DagBag from /opt/airflow/dags/fraud_pipeline_dag.py
[2026-09-16T00:59:20.250+0000] {processor.py:840} INFO - DAG(s) 'fraud_pipeline' retrieved from /opt/airflow/dags/fraud_pipeline_dag.py
[2026-09-16T00:59:20.275+0000] {logging_mixin.py:188} INFO - [2026-09-16T00:59:20.274+0000] {dag.py:3096} INFO - Sync 1 DAGs
[2026-09-16T00:59:20.287+0000] {logging_mixin.py:188} INFO - [2026-09-16T00:59:20.286+0000] {dag.py:3954} INFO - Setting next_dagrun for fraud_pipeline to None, run_after=None
[2026-09-16T00:59:20.302+0000] {processor.py:183} INFO - Processing /opt/airflow/dags/fraud_pipeline_dag.py took 0.071 seconds
[2026-09-16T00:59:50.522+0000] {processor.py:161} INFO - Started process (PID=1946) to work on /opt/airflow/dags/fraud_pipeline_dag.py
[2026-09-16T00:59:50.523+0000] {processor.py:830} INFO - Processing file /opt/airflow/dags/fraud_pipeline_dag.py for tasks to queue
[2026-09-16T00:59:50.525+0000] {logging_mixin.py:188} INFO - [2026-09-16T00:59:50.525+0000] {dagbag.py:540} INFO - Filling up the DagBag from /opt/airflow/dags/fraud_pipeline_dag.py
[2026-09-16T00:59:50.538+0000] {processor.py:840} INFO - DAG(s) 'fraud_pipeline' retrieved from /opt/airflow/dags/fraud_pipeline_dag.py
[2026-09-16T00:59:50.562+0000] {logging_mixin.py:188} INFO - [2026-09-16T00:59:50.562+0000] {dag.py:3096} INFO - Sync 1 DAGs
[2026-09-16T00:59:50.576+0000] {logging_mixin.py:188} INFO - [2026-09-16T00:59:50.576+0000] {dag.py:3954} INFO - Setting next_dagrun for fraud_pipeline to None, run_after=None
[2026-09-16T00:59:50.592+0000] {processor.py:183} INFO - Processing /opt/airflow/dags/fraud_pipeline_dag.py took 0.075 seconds
[2026-09-16T01:00:20.704+0000] {processor.py:161} INFO - Started process (PID=1951) to work on /opt/airflow/dags/fraud_pipeline_dag.py
[2026-09-16T01:00:20.705+0000] {processor.py:830} INFO - Processing file /opt/airflow/dags/fraud_pipeline_dag.py for tasks to queue
[2026-09-16T01:00:20.706+0000] {logging_mixin.py:188} INFO - [2026-09-16T01:00:20.706+0000] {dagbag.py:540} INFO - Filling up the DagBag from /opt/airflow/dags/fraud_pipeline_dag.py
[2026-09-16T01:00:20.718+0000] {processor.py:840} INFO - DAG(s) 'fraud_pipeline' retrieved from /opt/airflow/dags/fraud_pipeline_dag.py
[2026-09-16T01:00:20.744+0000] {logging_mixin.py:188} INFO - [2026-09-16T01:00:20.743+0000] {dag.py:3096} INFO - Sync 1 DAGs
[2026-09-16T01:00:20.757+0000] {logging_mixin.py:188} INFO - [2026-09-16T01:00:20.757+0000] {dag.py:3954} INFO - Setting next_dagrun for fraud_pipeline to None, run_after=None
[2026-09-16T01:00:20.775+0000] {processor.py:183} INFO - Processing /opt/airflow/dags/fraud_pipeline_dag.py took 0.076 seconds
[2026-09-16T01:00:50.936+0000] {processor.py:161} INFO - Started process (PID=1956) to work on /opt/airflow/dags/fraud_pipeline_dag.py
[2026-09-16T01:00:50.937+0000] {processor.py:830} INFO - Processing file /opt/airflow/dags/fraud_pipeline_dag.py for tasks to queue
[2026-09-16T01:00:50.938+0000] {logging_mixin.py:188} INFO - [2026-09-16T01:00:50.938+0000] {dagbag.py:540} INFO - Filling up the DagBag from /opt/airflow/dags/fraud_pipeline_dag.py
[2026-09-16T01:00:50.951+0000] {processor.py:840} INFO - DAG(s) 'fraud_pipeline' retrieved from /opt/airflow/dags/fraud_pipeline_dag.py
[2026-09-16T01:00:50.976+0000] {logging_mixin.py:188} INFO - [2026-09-16T01:00:50.976+0000] {dag.py:3096} INFO - Sync 1 DAGs
[2026-09-16T01:00:50.989+0000] {logging_mixin.py:188} INFO - [2026-09-16T01:00:50.989+0000] {dag.py:3954} INFO - Setting next_dagrun for fraud_pipeline to None, run_after=None
[2026-09-16T01:00:51.005+0000] {processor.py:183} INFO - Processing /opt/airflow/dags/fraud_pipeline_dag.py took 0.073 seconds
[2026-09-16T01:01:21.113+0000] {processor.py:161} INFO - Started process (PID=1961) to work on /opt/airflow/dags/fraud_pipeline_dag.py
[2026-09-16T01:01:21.114+0000] {processor.py:830} INFO - Processing file /opt/airflow/dags/fraud_pipeline_dag.py for tasks to queue
[2026-09-16T01:01:21.116+0000] {logging_mixin.py:188} INFO - [2026-09-16T01:01:21.116+0000] {dagbag.py:540} INFO - Filling up the DagBag from /opt/airflow/dags/fraud_pipeline_dag.py
[2026-09-16T01:01:21.131+0000] {processor.py:840} INFO - DAG(s) 'fraud_pipeline' retrieved from /opt/airflow/dags/fraud_pipeline_dag.py
[2026-09-16T01:01:21.160+0000] {logging_mixin.py:188} INFO - [2026-09-16T01:01:21.159+0000] {dag.py:3096} INFO - Sync 1 DAGs
[2026-09-16T01:01:21.172+0000] {logging_mixin.py:188} INFO - [2026-09-16T01:01:21.172+0000] {dag.py:3954} INFO - Setting next_dagrun for fraud_pipeline to None, run_after=None
[2026-09-16T01:01:21.189+0000] {processor.py:183} INFO - Processing /opt/airflow/dags/fraud_pipeline_dag.py took 0.082 seconds
[2026-09-16T01:01:51.304+0000] {processor.py:161} INFO - Started process (PID=1966) to work on /opt/airflow/dags/fraud_pipeline_dag.py
[2026-09-16T01:01:51.305+0000] {processor.py:830} INFO - Processing file /opt/airflow/dags/fraud_pipeline_dag.py for tasks to queue
[2026-09-16T01:01:51.307+0000] {logging_mixin.py:188} INFO - [2026-09-16T01:01:51.306+0000] {dagbag.py:540} INFO - Filling up the DagBag from /opt/airflow/dags/fraud_pipeline_dag.py
[2026-09-16T01:01:51.320+0000] {processor.py:840} INFO - DAG(s) 'fraud_pipeline' retrieved from /opt/airflow/dags/fraud_pipeline_dag.py
[2026-09-16T01:01:51.348+0000] {logging_mixin.py:188} INFO - [2026-09-16T01:01:51.348+0000] {dag.py:3096} INFO - Sync 1 DAGs
[2026-09-16T01:01:51.360+0000] {logging_mixin.py:188} INFO - [2026-09-16T01:01:51.360+0000] {dag.py:3954} INFO - Setting next_dagrun for fraud_pipeline to None, run_after=None
[2026-09-16T01:01:51.376+0000] {processor.py:183} INFO - Processing /opt/airflow/dags/fraud_pipeline_dag.py took 0.078 seconds
[2026-09-16T01:02:21.527+0000] {processor.py:161} INFO - Started process (PID=1971) to work on /opt/airflow/dags/fraud_pipeline_dag.py
[2026-09-16T01:02:21.527+0000] {processor.py:830} INFO - Processing file /opt/airflow/dags/fraud_pipeline_dag.py for tasks to queue
[2026-09-16T01:02:21.529+0000] {logging_mixin.py:188} INFO - [2026-09-16T01:02:21.528+0000] {dagbag.py:540} INFO - Filling up the DagBag from /opt/airflow/dags/fraud_pipeline_dag.py
[2026-09-16T01:02:21.540+0000] {processor.py:840} INFO - DAG(s) 'fraud_pipeline' retrieved from /opt/airflow/dags/fraud_pipeline_dag.py
[2026-09-16T01:02:21.566+0000] {logging_mixin.py:188} INFO - [2026-09-16T01:02:21.566+0000] {dag.py:3096} INFO - Sync 1 DAGs
[2026-09-16T01:02:21.578+0000] {logging_mixin.py:188} INFO - [2026-09-16T01:02:21.578+0000] {dag.py:3954} INFO - Setting next_dagrun for fraud_pipeline to None, run_after=None
[2026-09-16T01:02:21.595+0000] {processor.py:183} INFO - Processing /opt/airflow/dags/fraud_pipeline_dag.py took 0.073 seconds
[2026-09-16T01:02:51.691+0000] {processor.py:161} INFO - Started process (PID=1976) to work on /opt/airflow/dags/fraud_pipeline_dag.py
[2026-09-16T01:02:51.692+0000] {processor.py:830} INFO - Processing file /opt/airflow/dags/fraud_pipeline_dag.py for tasks to queue
[2026-09-16T01:02:51.693+0000] {logging_mixin.py:188} INFO - [2026-09-16T01:02:51.693+0000] {dagbag.py:540} INFO - Filling up the DagBag from /opt/airflow/dags/fraud_pipeline_dag.py
[2026-09-16T01:02:51.706+0000] {processor.py:840} INFO - DAG(s) 'fraud_pipeline' retrieved from /opt/airflow/dags/fraud_pipeline_dag.py
[2026-09-16T01:02:51.732+0000] {logging_mixin.py:188} INFO - [2026-09-16T01:02:51.731+0000] {dag.py:3096} INFO - Sync 1 DAGs
[2026-09-16T01:02:51.744+0000] {logging_mixin.py:188} INFO - [2026-09-16T01:02:51.744+0000] {dag.py:3954} INFO - Setting next_dagrun for fraud_pipeline to None, run_after=None
[2026-09-16T01:02:51.760+0000] {processor.py:183} INFO - Processing /opt/airflow/dags/fraud_pipeline_dag.py took 0.073 seconds
[2026-09-16T01:03:21.893+0000] {processor.py:161} INFO - Started process (PID=1981) to work on /opt/airflow/dags/fraud_pipeline_dag.py
[2026-09-16T01:03:21.895+0000] {processor.py:830} INFO - Processing file /opt/airflow/dags/fraud_pipeline_dag.py for tasks to queue
[2026-09-16T01:03:21.897+0000] {logging_mixin.py:188} INFO - [2026-09-16T01:03:21.896+0000] {dagbag.py:540} INFO - Filling up the DagBag from /opt/airflow/dags/fraud_pipeline_dag.py
[2026-09-16T01:03:21.910+0000] {processor.py:840} INFO - DAG(s) 'fraud_pipeline' retrieved from /opt/airflow/dags/fraud_pipeline_dag.py
[2026-09-16T01:03:21.937+0000] {logging_mixin.py:188} INFO - [2026-09-16T01:03:21.937+0000] {dag.py:3096} INFO - Sync 1 DAGs
[2026-09-16T01:03:21.950+0000] {logging_mixin.py:188} INFO - [2026-09-16T01:03:21.950+0000] {dag.py:3954} INFO - Setting next_dagrun for fraud_pipeline to None, run_after=None
[2026-09-16T01:03:21.968+0000] {processor.py:183} INFO - Processing /opt/airflow/dags/fraud_pipeline_dag.py took 0.079 seconds
[2026-09-16T01:03:52.066+0000] {processor.py:161} INFO - Started process (PID=1986) to work on /opt/airflow/dags/fraud_pipeline_dag.py
[2026-09-16T01:03:52.067+0000] {processor.py:830} INFO - Processing file /opt/airflow/dags/fraud_pipeline_dag.py for tasks to queue
[2026-09-16T01:03:52.068+0000] {logging_mixin.py:188} INFO - [2026-09-16T01:03:52.068+0000] {dagbag.py:540} INFO - Filling up the DagBag from /opt/airflow/dags/fraud_pipeline_dag.py
[2026-09-16T01:03:52.082+0000] {processor.py:840} INFO - DAG(s) 'fraud_pipeline' retrieved from /opt/airflow/dags/fraud_pipeline_dag.py
[2026-09-16T01:03:52.111+0000] {logging_mixin.py:188} INFO - [2026-09-16T01:03:52.111+0000] {dag.py:3096} INFO - Sync 1 DAGs
[2026-09-16T01:03:52.127+0000] {logging_mixin.py:188} INFO - [2026-09-16T01:03:52.127+0000] {dag.py:3954} INFO - Setting next_dagrun for fraud_pipeline to None, run_after=None
[2026-09-16T01:03:52.149+0000] {processor.py:183} INFO - Processing /opt/airflow/dags/fraud_pipeline_dag.py took 0.089 seconds
[2026-09-16T01:04:22.275+0000] {processor.py:161} INFO - Started process (PID=1991) to work on /opt/airflow/dags/fraud_pipeline_dag.py
[2026-09-16T01:04:22.276+0000] {processor.py:830} INFO - Processing file /opt/airflow/dags/fraud_pipeline_dag.py for tasks to queue
[2026-09-16T01:04:22.277+0000] {logging_mixin.py:188} INFO - [2026-09-16T01:04:22.277+0000] {dagbag.py:540} INFO - Filling up the DagBag from /opt/airflow/dags/fraud_pipeline_dag.py
[2026-09-16T01:04:22.289+0000] {processor.py:840} INFO - DAG(s) 'fraud_pipeline' retrieved from /opt/airflow/dags/fraud_pipeline_dag.py
[2026-09-16T01:04:22.312+0000] {logging_mixin.py:188} INFO - [2026-09-16T01:04:22.312+0000] {dag.py:3096} INFO - Sync 1 DAGs
[2026-09-16T01:04:22.324+0000] {logging_mixin.py:188} INFO - [2026-09-16T01:04:22.323+0000] {dag.py:3954} INFO - Setting next_dagrun for fraud_pipeline to None, run_after=None
[2026-09-16T01:04:22.360+0000] {processor.py:183} INFO - Processing /opt/airflow/dags/fraud_pipeline_dag.py took 0.091 seconds
[2026-09-16T01:04:52.445+0000] {processor.py:161} INFO - Started process (PID=1996) to work on /opt/airflow/dags/fraud_pipeline_dag.py
[2026-09-16T01:04:52.446+0000] {processor.py:830} INFO - Processing file /opt/airflow/dags/fraud_pipeline_dag.py for tasks to queue
[2026-09-16T01:04:52.448+0000] {logging_mixin.py:188} INFO - [2026-09-16T01:04:52.447+0000] {dagbag.py:540} INFO - Filling up the DagBag from /opt/airflow/dags/fraud_pipeline_dag.py
[2026-09-16T01:04:52.463+0000] {processor.py:840} INFO - DAG(s) 'fraud_pipeline' retrieved from /opt/airflow/dags/fraud_pipeline_dag.py
[2026-09-16T01:04:52.499+0000] {logging_mixin.py:188} INFO - [2026-09-16T01:04:52.499+0000] {dag.py:3096} INFO - Sync 1 DAGs
[2026-09-16T01:04:52.516+0000] {logging_mixin.py:188} INFO - [2026-09-16T01:04:52.516+0000] {dag.py:3954} INFO - Setting next_dagrun for fraud_pipeline to None, run_after=None
[2026-09-16T01:04:52.537+0000] {processor.py:183} INFO - Processing /opt/airflow/dags/fraud_pipeline_dag.py took 0.099 seconds
[2026-09-16T01:05:22.660+0000] {processor.py:161} INFO - Started process (PID=2001) to work on /opt/airflow/dags/fraud_pipeline_dag.py
[2026-09-16T01:05:22.660+0000] {processor.py:830} INFO - Processing file /opt/airflow/dags/fraud_pipeline_dag.py for tasks to queue
[2026-09-16T01:05:22.662+0000] {logging_mixin.py:188} INFO - [2026-09-16T01:05:22.662+0000] {dagbag.py:540} INFO - Filling up the DagBag from /opt/airflow/dags/fraud_pipeline_dag.py
[2026-09-16T01:05:22.674+0000] {processor.py:840} INFO - DAG(s) 'fraud_pipeline' retrieved from /opt/airflow/dags/fraud_pipeline_dag.py
[2026-09-16T01:05:22.700+0000] {logging_mixin.py:188} INFO - [2026-09-16T01:05:22.699+0000] {dag.py:3096} INFO - Sync 1 DAGs
[2026-09-16T01:05:22.712+0000] {logging_mixin.py:188} INFO - [2026-09-16T01:05:22.712+0000] {dag.py:3954} INFO - Setting next_dagrun for fraud_pipeline to None, run_after=None
[2026-09-16T01:05:22.732+0000] {processor.py:183} INFO - Processing /opt/airflow/dags/fraud_pipeline_dag.py took 0.077 seconds
[2026-09-16T01:05:52.818+0000] {processor.py:161} INFO - Started process (PID=2006) to work on /opt/airflow/dags/fraud_pipeline_dag.py
[2026-09-16T01:05:52.819+0000] {processor.py:830} INFO - Processing file /opt/airflow/dags/fraud_pipeline_dag.py for tasks to queue
[2026-09-16T01:05:52.820+0000] {logging_mixin.py:188} INFO - [2026-09-16T01:05:52.820+0000] {dagbag.py:540} INFO - Filling up the DagBag from /opt/airflow/dags/fraud_pipeline_dag.py
[2026-09-16T01:05:52.833+0000] {processor.py:840} INFO - DAG(s) 'fraud_pipeline' retrieved from /opt/airflow/dags/fraud_pipeline_dag.py
[2026-09-16T01:05:52.861+0000] {logging_mixin.py:188} INFO - [2026-09-16T01:05:52.861+0000] {dag.py:3096} INFO - Sync 1 DAGs
[2026-09-16T01:05:52.873+0000] {logging_mixin.py:188} INFO - [2026-09-16T01:05:52.873+0000] {dag.py:3954} INFO - Setting next_dagrun for fraud_pipeline to None, run_after=None
[2026-09-16T01:05:52.893+0000] {processor.py:183} INFO - Processing /opt/airflow/dags/fraud_pipeline_dag.py took 0.079 seconds
[2026-09-16T01:06:23.037+0000] {processor.py:161} INFO - Started process (PID=2011) to work on /opt/airflow/dags/fraud_pipeline_dag.py
[2026-09-16T01:06:23.037+0000] {processor.py:830} INFO - Processing file /opt/airflow/dags/fraud_pipeline_dag.py for tasks to queue
[2026-09-16T01:06:23.040+0000] {logging_mixin.py:188} INFO - [2026-09-16T01:06:23.039+0000] {dagbag.py:540} INFO - Filling up the DagBag from /opt/airflow/dags/fraud_pipeline_dag.py
[2026-09-16T01:06:23.056+0000] {processor.py:840} INFO - DAG(s) 'fraud_pipeline' retrieved from /opt/airflow/dags/fraud_pipeline_dag.py
[2026-09-16T01:06:23.090+0000] {logging_mixin.py:188} INFO - [2026-09-16T01:06:23.089+0000] {dag.py:3096} INFO - Sync 1 DAGs
[2026-09-16T01:06:23.103+0000] {logging_mixin.py:188} INFO - [2026-09-16T01:06:23.103+0000] {dag.py:3954} INFO - Setting next_dagrun for fraud_pipeline to None, run_after=None
[2026-09-16T01:06:23.123+0000] {processor.py:183} INFO - Processing /opt/airflow/dags/fraud_pipeline_dag.py took 0.092 seconds
[2026-09-16T01:06:53.180+0000] {processor.py:161} INFO - Started process (PID=2016) to work on /opt/airflow/dags/fraud_pipeline_dag.py
[2026-09-16T01:06:53.181+0000] {processor.py:830} INFO - Processing file /opt/airflow/dags/fraud_pipeline_dag.py for tasks to queue
[2026-09-16T01:06:53.182+0000] {logging_mixin.py:188} INFO - [2026-09-16T01:06:53.182+0000] {dagbag.py:540} INFO - Filling up the DagBag from /opt/airflow/dags/fraud_pipeline_dag.py
[2026-09-16T01:06:53.194+0000] {processor.py:840} INFO - DAG(s) 'fraud_pipeline' retrieved from /opt/airflow/dags/fraud_pipeline_dag.py
[2026-09-16T01:06:53.221+0000] {logging_mixin.py:188} INFO - [2026-09-16T01:06:53.221+0000] {dag.py:3096} INFO - Sync 1 DAGs
[2026-09-16T01:06:53.233+0000] {logging_mixin.py:188} INFO - [2026-09-16T01:06:53.233+0000] {dag.py:3954} INFO - Setting next_dagrun for fraud_pipeline to None, run_after=None
[2026-09-16T01:06:53.249+0000] {processor.py:183} INFO - Processing /opt/airflow/dags/fraud_pipeline_dag.py took 0.074 seconds
[2026-09-16T01:07:23.354+0000] {processor.py:161} INFO - Started process (PID=2021) to work on /opt/airflow/dags/fraud_pipeline_dag.py
[2026-09-16T01:07:23.355+0000] {processor.py:830} INFO - Processing file /opt/airflow/dags/fraud_pipeline_dag.py for tasks to queue
[2026-09-16T01:07:23.356+0000] {logging_mixin.py:188} INFO - [2026-09-16T01:07:23.356+0000] {dagbag.py:540} INFO - Filling up the DagBag from /opt/airflow/dags/fraud_pipeline_dag.py
[2026-09-16T01:07:23.367+0000] {processor.py:840} INFO - DAG(s) 'fraud_pipeline' retrieved from /opt/airflow/dags/fraud_pipeline_dag.py
[2026-09-16T01:07:23.394+0000] {logging_mixin.py:188} INFO - [2026-09-16T01:07:23.393+0000] {dag.py:3096} INFO - Sync 1 DAGs
[2026-09-16T01:07:23.405+0000] {logging_mixin.py:188} INFO - [2026-09-16T01:07:23.405+0000] {dag.py:3954} INFO - Setting next_dagrun for fraud_pipeline to None, run_after=None
[2026-09-16T01:07:23.420+0000] {processor.py:183} INFO - Processing /opt/airflow/dags/fraud_pipeline_dag.py took 0.070 seconds
[2026-09-16T01:07:53.584+0000] {processor.py:161} INFO - Started process (PID=2026) to work on /opt/airflow/dags/fraud_pipeline_dag.py
[2026-09-16T01:07:53.585+0000] {processor.py:830} INFO - Processing file /opt/airflow/dags/fraud_pipeline_dag.py for tasks to queue
[2026-09-16T01:07:53.587+0000] {logging_mixin.py:188} INFO - [2026-09-16T01:07:53.586+0000] {dagbag.py:540} INFO - Filling up the DagBag from /opt/airflow/dags/fraud_pipeline_dag.py
[2026-09-16T01:07:53.599+0000] {processor.py:840} INFO - DAG(s) 'fraud_pipeline' retrieved from /opt/airflow/dags/fraud_pipeline_dag.py
[2026-09-16T01:07:53.623+0000] {logging_mixin.py:188} INFO - [2026-09-16T01:07:53.623+0000] {dag.py:3096} INFO - Sync 1 DAGs
[2026-09-16T01:07:53.634+0000] {logging_mixin.py:188} INFO - [2026-09-16T01:07:53.634+0000] {dag.py:3954} INFO - Setting next_dagrun for fraud_pipeline to None, run_after=None
[2026-09-16T01:07:53.651+0000] {processor.py:183} INFO - Processing /opt/airflow/dags/fraud_pipeline_dag.py took 0.072 seconds
[2026-09-16T01:08:23.805+0000] {processor.py:161} INFO - Started process (PID=2031) to work on /opt/airflow/dags/fraud_pipeline_dag.py
[2026-09-16T01:08:23.806+0000] {processor.py:830} INFO - Processing file /opt/airflow/dags/fraud_pipeline_dag.py for tasks to queue
[2026-09-16T01:08:23.808+0000] {logging_mixin.py:188} INFO - [2026-09-16T01:08:23.807+0000] {dagbag.py:540} INFO - Filling up the DagBag from /opt/airflow/dags/fraud_pipeline_dag.py
[2026-09-16T01:08:23.819+0000] {processor.py:840} INFO - DAG(s) 'fraud_pipeline' retrieved from /opt/airflow/dags/fraud_pipeline_dag.py
[2026-09-16T01:08:23.842+0000] {logging_mixin.py:188} INFO - [2026-09-16T01:08:23.842+0000] {dag.py:3096} INFO - Sync 1 DAGs
[2026-09-16T01:08:23.854+0000] {logging_mixin.py:188} INFO - [2026-09-16T01:08:23.853+0000] {dag.py:3954} INFO - Setting next_dagrun for fraud_pipeline to None, run_after=None
[2026-09-16T01:08:23.871+0000] {processor.py:183} INFO - Processing /opt/airflow/dags/fraud_pipeline_dag.py took 0.071 seconds
[2026-09-16T01:08:54.011+0000] {processor.py:161} INFO - Started process (PID=2036) to work on /opt/airflow/dags/fraud_pipeline_dag.py
[2026-09-16T01:08:54.012+0000] {processor.py:830} INFO - Processing file /opt/airflow/dags/fraud_pipeline_dag.py for tasks to queue
[2026-09-16T01:08:54.014+0000] {logging_mixin.py:188} INFO - [2026-09-16T01:08:54.013+0000] {dagbag.py:540} INFO - Filling up the DagBag from /opt/airflow/dags/fraud_pipeline_dag.py
[2026-09-16T01:08:54.026+0000] {processor.py:840} INFO - DAG(s) 'fraud_pipeline' retrieved from /opt/airflow/dags/fraud_pipeline_dag.py
[2026-09-16T01:08:54.054+0000] {logging_mixin.py:188} INFO - [2026-09-16T01:08:54.054+0000] {dag.py:3096} INFO - Sync 1 DAGs
[2026-09-16T01:08:54.066+0000] {logging_mixin.py:188} INFO - [2026-09-16T01:08:54.066+0000] {dag.py:3954} INFO - Setting next_dagrun for fraud_pipeline to None, run_after=None
[2026-09-16T01:08:54.084+0000] {processor.py:183} INFO - Processing /opt/airflow/dags/fraud_pipeline_dag.py took 0.079 seconds
[2026-09-16T01:09:24.251+0000] {processor.py:161} INFO - Started process (PID=2041) to work on /opt/airflow/dags/fraud_pipeline_dag.py
[2026-09-16T01:09:24.252+0000] {processor.py:830} INFO - Processing file /opt/airflow/dags/fraud_pipeline_dag.py for tasks to queue
[2026-09-16T01:09:24.254+0000] {logging_mixin.py:188} INFO - [2026-09-16T01:09:24.253+0000] {dagbag.py:540} INFO - Filling up the DagBag from /opt/airflow/dags/fraud_pipeline_dag.py
[2026-09-16T01:09:24.265+0000] {processor.py:840} INFO - DAG(s) 'fraud_pipeline' retrieved from /opt/airflow/dags/fraud_pipeline_dag.py
[2026-09-16T01:09:24.289+0000] {logging_mixin.py:188} INFO - [2026-09-16T01:09:24.288+0000] {dag.py:3096} INFO - Sync 1 DAGs
[2026-09-16T01:09:24.300+0000] {logging_mixin.py:188} INFO - [2026-09-16T01:09:24.300+0000] {dag.py:3954} INFO - Setting next_dagrun for fraud_pipeline to None, run_after=None
[2026-09-16T01:09:24.314+0000] {processor.py:183} INFO - Processing /opt/airflow/dags/fraud_pipeline_dag.py took 0.067 seconds
[2026-09-16T01:09:54.482+0000] {processor.py:161} INFO - Started process (PID=2046) to work on /opt/airflow/dags/fraud_pipeline_dag.py
[2026-09-16T01:09:54.482+0000] {processor.py:830} INFO - Processing file /opt/airflow/dags/fraud_pipeline_dag.py for tasks to queue
[2026-09-16T01:09:54.484+0000] {logging_mixin.py:188} INFO - [2026-09-16T01:09:54.484+0000] {dagbag.py:540} INFO - Filling up the DagBag from /opt/airflow/dags/fraud_pipeline_dag.py
[2026-09-16T01:09:54.496+0000] {processor.py:840} INFO - DAG(s) 'fraud_pipeline' retrieved from /opt/airflow/dags/fraud_pipeline_dag.py
[2026-09-16T01:09:54.521+0000] {logging_mixin.py:188} INFO - [2026-09-16T01:09:54.521+0000] {dag.py:3096} INFO - Sync 1 DAGs
[2026-09-16T01:09:54.534+0000] {logging_mixin.py:188} INFO - [2026-09-16T01:09:54.534+0000] {dag.py:3954} INFO - Setting next_dagrun for fraud_pipeline to None, run_after=None
[2026-09-16T01:09:54.571+0000] {processor.py:183} INFO - Processing /opt/airflow/dags/fraud_pipeline_dag.py took 0.095 seconds
[2026-09-16T01:10:24.698+0000] {processor.py:161} INFO - Started process (PID=2051) to work on /opt/airflow/dags/fraud_pipeline_dag.py
[2026-09-16T01:10:24.699+0000] {processor.py:830} INFO - Processing file /opt/airflow/dags/fraud_pipeline_dag.py for tasks to queue
[2026-09-16T01:10:24.700+0000] {logging_mixin.py:188} INFO - [2026-09-16T01:10:24.700+0000] {dagbag.py:540} INFO - Filling up the DagBag from /opt/airflow/dags/fraud_pipeline_dag.py
[2026-09-16T01:10:24.712+0000] {processor.py:840} INFO - DAG(s) 'fraud_pipeline' retrieved from /opt/airflow/dags/fraud_pipeline_dag.py
[2026-09-16T01:10:24.737+0000] {logging_mixin.py:188} INFO - [2026-09-16T01:10:24.737+0000] {dag.py:3096} INFO - Sync 1 DAGs
[2026-09-16T01:10:24.749+0000] {logging_mixin.py:188} INFO - [2026-09-16T01:10:24.748+0000] {dag.py:3954} INFO - Setting next_dagrun for fraud_pipeline to None, run_after=None
[2026-09-16T01:10:24.763+0000] {processor.py:183} INFO - Processing /opt/airflow/dags/fraud_pipeline_dag.py took 0.071 seconds
[2026-09-16T01:10:54.981+0000] {processor.py:161} INFO - Started process (PID=2056) to work on /opt/airflow/dags/fraud_pipeline_dag.py
[2026-09-16T01:10:54.981+0000] {processor.py:830} INFO - Processing file /opt/airflow/dags/fraud_pipeline_dag.py for tasks to queue
[2026-09-16T01:10:54.983+0000] {logging_mixin.py:188} INFO - [2026-09-16T01:10:54.982+0000] {dagbag.py:540} INFO - Filling up the DagBag from /opt/airflow/dags/fraud_pipeline_dag.py
[2026-09-16T01:10:54.993+0000] {processor.py:840} INFO - DAG(s) 'fraud_pipeline' retrieved from /opt/airflow/dags/fraud_pipeline_dag.py
[2026-09-16T01:10:55.017+0000] {logging_mixin.py:188} INFO - [2026-09-16T01:10:55.017+0000] {dag.py:3096} INFO - Sync 1 DAGs
[2026-09-16T01:10:55.028+0000] {logging_mixin.py:188} INFO - [2026-09-16T01:10:55.028+0000] {dag.py:3954} INFO - Setting next_dagrun for fraud_pipeline to None, run_after=None
[2026-09-16T01:10:55.042+0000] {processor.py:183} INFO - Processing /opt/airflow/dags/fraud_pipeline_dag.py took 0.065 seconds
[2026-09-16T01:11:25.194+0000] {processor.py:161} INFO - Started process (PID=2061) to work on /opt/airflow/dags/fraud_pipeline_dag.py
[2026-09-16T01:11:25.194+0000] {processor.py:830} INFO - Processing file /opt/airflow/dags/fraud_pipeline_dag.py for tasks to queue
[2026-09-16T01:11:25.196+0000] {logging_mixin.py:188} INFO - [2026-09-16T01:11:25.195+0000] {dagbag.py:540} INFO - Filling up the DagBag from /opt/airflow/dags/fraud_pipeline_dag.py
[2026-09-16T01:11:25.207+0000] {processor.py:840} INFO - DAG(s) 'fraud_pipeline' retrieved from /opt/airflow/dags/fraud_pipeline_dag.py
[2026-09-16T01:11:25.232+0000] {logging_mixin.py:188} INFO - [2026-09-16T01:11:25.232+0000] {dag.py:3096} INFO - Sync 1 DAGs
[2026-09-16T01:11:25.245+0000] {logging_mixin.py:188} INFO - [2026-09-16T01:11:25.245+0000] {dag.py:3954} INFO - Setting next_dagrun for fraud_pipeline to None, run_after=None
[2026-09-16T01:11:25.260+0000] {processor.py:183} INFO - Processing /opt/airflow/dags/fraud_pipeline_dag.py took 0.071 seconds
[2026-09-16T01:11:55.411+0000] {processor.py:161} INFO - Started process (PID=2066) to work on /opt/airflow/dags/fraud_pipeline_dag.py
[2026-09-16T01:11:55.412+0000] {processor.py:830} INFO - Processing file /opt/airflow/dags/fraud_pipeline_dag.py for tasks to queue
[2026-09-16T01:11:55.413+0000] {logging_mixin.py:188} INFO - [2026-09-16T01:11:55.413+0000] {dagbag.py:540} INFO - Filling up the DagBag from /opt/airflow/dags/fraud_pipeline_dag.py
[2026-09-16T01:11:55.424+0000] {processor.py:840} INFO - DAG(s) 'fraud_pipeline' retrieved from /opt/airflow/dags/fraud_pipeline_dag.py
[2026-09-16T01:11:55.450+0000] {logging_mixin.py:188} INFO - [2026-09-16T01:11:55.450+0000] {dag.py:3096} INFO - Sync 1 DAGs
[2026-09-16T01:11:55.462+0000] {logging_mixin.py:188} INFO - [2026-09-16T01:11:55.462+0000] {dag.py:3954} INFO - Setting next_dagrun for fraud_pipeline to None, run_after=None
[2026-09-16T01:11:55.477+0000] {processor.py:183} INFO - Processing /opt/airflow/dags/fraud_pipeline_dag.py took 0.071 seconds
[2026-09-16T01:12:25.672+0000] {processor.py:161} INFO - Started process (PID=2071) to work on /opt/airflow/dags/fraud_pipeline_dag.py
[2026-09-16T01:12:25.673+0000] {processor.py:830} INFO - Processing file /opt/airflow/dags/fraud_pipeline_dag.py for tasks to queue
[2026-09-16T01:12:25.674+0000] {logging_mixin.py:188} INFO - [2026-09-16T01:12:25.674+0000] {dagbag.py:540} INFO - Filling up the DagBag from /opt/airflow/dags/fraud_pipeline_dag.py
[2026-09-16T01:12:25.685+0000] {processor.py:840} INFO - DAG(s) 'fraud_pipeline' retrieved from /opt/airflow/dags/fraud_pipeline_dag.py
[2026-09-16T01:12:25.709+0000] {logging_mixin.py:188} INFO - [2026-09-16T01:12:25.709+0000] {dag.py:3096} INFO - Sync 1 DAGs
[2026-09-16T01:12:25.720+0000] {logging_mixin.py:188} INFO - [2026-09-16T01:12:25.720+0000] {dag.py:3954} INFO - Setting next_dagrun for fraud_pipeline to None, run_after=None
[2026-09-16T01:12:25.735+0000] {processor.py:183} INFO - Processing /opt/airflow/dags/fraud_pipeline_dag.py took 0.067 seconds
[2026-09-16T01:12:55.861+0000] {processor.py:161} INFO - Started process (PID=2076) to work on /opt/airflow/dags/fraud_pipeline_dag.py
[2026-09-16T01:12:55.862+0000] {processor.py:830} INFO - Processing file /opt/airflow/dags/fraud_pipeline_dag.py for tasks to queue
[2026-09-16T01:12:55.863+0000] {logging_mixin.py:188} INFO - [2026-09-16T01:12:55.863+0000] {dagbag.py:540} INFO - Filling up the DagBag from /opt/airflow/dags/fraud_pipeline_dag.py
[2026-09-16T01:12:55.874+0000] {processor.py:840} INFO - DAG(s) 'fraud_pipeline' retrieved from /opt/airflow/dags/fraud_pipeline_dag.py
[2026-09-16T01:12:55.898+0000] {logging_mixin.py:188} INFO - [2026-09-16T01:12:55.898+0000] {dag.py:3096} INFO - Sync 1 DAGs
[2026-09-16T01:12:55.910+0000] {logging_mixin.py:188} INFO - [2026-09-16T01:12:55.910+0000] {dag.py:3954} INFO - Setting next_dagrun for fraud_pipeline to None, run_after=None
[2026-09-16T01:12:55.927+0000] {processor.py:183} INFO - Processing /opt/airflow/dags/fraud_pipeline_dag.py took 0.070 seconds
[2026-09-16T01:13:26.132+0000] {processor.py:161} INFO - Started process (PID=2081) to work on /opt/airflow/dags/fraud_pipeline_dag.py
[2026-09-16T01:13:26.132+0000] {processor.py:830} INFO - Processing file /opt/airflow/dags/fraud_pipeline_dag.py for tasks to queue
[2026-09-16T01:13:26.134+0000] {logging_mixin.py:188} INFO - [2026-09-16T01:13:26.133+0000] {dagbag.py:540} INFO - Filling up the DagBag from /opt/airflow/dags/fraud_pipeline_dag.py
[2026-09-16T01:13:26.144+0000] {processor.py:840} INFO - DAG(s) 'fraud_pipeline' retrieved from /opt/airflow/dags/fraud_pipeline_dag.py
[2026-09-16T01:13:26.169+0000] {logging_mixin.py:188} INFO - [2026-09-16T01:13:26.169+0000] {dag.py:3096} INFO - Sync 1 DAGs
[2026-09-16T01:13:26.181+0000] {logging_mixin.py:188} INFO - [2026-09-16T01:13:26.180+0000] {dag.py:3954} INFO - Setting next_dagrun for fraud_pipeline to None, run_after=None
[2026-09-16T01:13:26.197+0000] {processor.py:183} INFO - Processing /opt/airflow/dags/fraud_pipeline_dag.py took 0.070 seconds
[2026-09-16T01:13:56.342+0000] {processor.py:161} INFO - Started process (PID=2086) to work on /opt/airflow/dags/fraud_pipeline_dag.py
[2026-09-16T01:13:56.343+0000] {processor.py:830} INFO - Processing file /opt/airflow/dags/fraud_pipeline_dag.py for tasks to queue
[2026-09-16T01:13:56.344+0000] {logging_mixin.py:188} INFO - [2026-09-16T01:13:56.344+0000] {dagbag.py:540} INFO - Filling up the DagBag from /opt/airflow/dags/fraud_pipeline_dag.py
[2026-09-16T01:13:56.356+0000] {processor.py:840} INFO - DAG(s) 'fraud_pipeline' retrieved from /opt/airflow/dags/fraud_pipeline_dag.py
[2026-09-16T01:13:56.386+0000] {logging_mixin.py:188} INFO - [2026-09-16T01:13:56.386+0000] {dag.py:3096} INFO - Sync 1 DAGs
[2026-09-16T01:13:56.399+0000] {logging_mixin.py:188} INFO - [2026-09-16T01:13:56.399+0000] {dag.py:3954} INFO - Setting next_dagrun for fraud_pipeline to None, run_after=None
[2026-09-16T01:13:56.416+0000] {processor.py:183} INFO - Processing /opt/airflow/dags/fraud_pipeline_dag.py took 0.080 seconds
[2026-09-16T01:14:26.576+0000] {processor.py:161} INFO - Started process (PID=2091) to work on /opt/airflow/dags/fraud_pipeline_dag.py
[2026-09-16T01:14:26.577+0000] {processor.py:830} INFO - Processing file /opt/airflow/dags/fraud_pipeline_dag.py for tasks to queue
[2026-09-16T01:14:26.579+0000] {logging_mixin.py:188} INFO - [2026-09-16T01:14:26.578+0000] {dagbag.py:540} INFO - Filling up the DagBag from /opt/airflow/dags/fraud_pipeline_dag.py
[2026-09-16T01:14:26.592+0000] {processor.py:840} INFO - DAG(s) 'fraud_pipeline' retrieved from /opt/airflow/dags/fraud_pipeline_dag.py
[2026-09-16T01:14:26.616+0000] {logging_mixin.py:188} INFO - [2026-09-16T01:14:26.616+0000] {dag.py:3096} INFO - Sync 1 DAGs
[2026-09-16T01:14:26.627+0000] {logging_mixin.py:188} INFO - [2026-09-16T01:14:26.627+0000] {dag.py:3954} INFO - Setting next_dagrun for fraud_pipeline to None, run_after=None
[2026-09-16T01:14:26.643+0000] {processor.py:183} INFO - Processing /opt/airflow/dags/fraud_pipeline_dag.py took 0.071 seconds
[2026-09-16T01:14:56.813+0000] {processor.py:161} INFO - Started process (PID=2096) to work on /opt/airflow/dags/fraud_pipeline_dag.py
[2026-09-16T01:14:56.814+0000] {processor.py:830} INFO - Processing file /opt/airflow/dags/fraud_pipeline_dag.py for tasks to queue
[2026-09-16T01:14:56.816+0000] {logging_mixin.py:188} INFO - [2026-09-16T01:14:56.815+0000] {dagbag.py:540} INFO - Filling up the DagBag from /opt/airflow/dags/fraud_pipeline_dag.py
[2026-09-16T01:14:56.827+0000] {processor.py:840} INFO - DAG(s) 'fraud_pipeline' retrieved from /opt/airflow/dags/fraud_pipeline_dag.py
[2026-09-16T01:14:56.851+0000] {logging_mixin.py:188} INFO - [2026-09-16T01:14:56.850+0000] {dag.py:3096} INFO - Sync 1 DAGs
[2026-09-16T01:14:56.862+0000] {logging_mixin.py:188} INFO - [2026-09-16T01:14:56.862+0000] {dag.py:3954} INFO - Setting next_dagrun for fraud_pipeline to None, run_after=None
[2026-09-16T01:14:56.876+0000] {processor.py:183} INFO - Processing /opt/airflow/dags/fraud_pipeline_dag.py took 0.069 seconds
[2026-09-16T01:15:27.018+0000] {processor.py:161} INFO - Started process (PID=2101) to work on /opt/airflow/dags/fraud_pipeline_dag.py
[2026-09-16T01:15:27.018+0000] {processor.py:830} INFO - Processing file /opt/airflow/dags/fraud_pipeline_dag.py for tasks to queue
[2026-09-16T01:15:27.020+0000] {logging_mixin.py:188} INFO - [2026-09-16T01:15:27.020+0000] {dagbag.py:540} INFO - Filling up the DagBag from /opt/airflow/dags/fraud_pipeline_dag.py
[2026-09-16T01:15:27.030+0000] {processor.py:840} INFO - DAG(s) 'fraud_pipeline' retrieved from /opt/airflow/dags/fraud_pipeline_dag.py
[2026-09-16T01:15:27.055+0000] {logging_mixin.py:188} INFO - [2026-09-16T01:15:27.054+0000] {dag.py:3096} INFO - Sync 1 DAGs
[2026-09-16T01:15:27.066+0000] {logging_mixin.py:188} INFO - [2026-09-16T01:15:27.066+0000] {dag.py:3954} INFO - Setting next_dagrun for fraud_pipeline to None, run_after=None
[2026-09-16T01:15:27.083+0000] {processor.py:183} INFO - Processing /opt/airflow/dags/fraud_pipeline_dag.py took 0.070 seconds
[2026-09-16T01:15:57.255+0000] {processor.py:161} INFO - Started process (PID=2106) to work on /opt/airflow/dags/fraud_pipeline_dag.py
[2026-09-16T01:15:57.256+0000] {processor.py:830} INFO - Processing file /opt/airflow/dags/fraud_pipeline_dag.py for tasks to queue
[2026-09-16T01:15:57.258+0000] {logging_mixin.py:188} INFO - [2026-09-16T01:15:57.258+0000] {dagbag.py:540} INFO - Filling up the DagBag from /opt/airflow/dags/fraud_pipeline_dag.py
[2026-09-16T01:15:57.270+0000] {processor.py:840} INFO - DAG(s) 'fraud_pipeline' retrieved from /opt/airflow/dags/fraud_pipeline_dag.py
[2026-09-16T01:15:57.295+0000] {logging_mixin.py:188} INFO - [2026-09-16T01:15:57.295+0000] {dag.py:3096} INFO - Sync 1 DAGs
[2026-09-16T01:15:57.307+0000] {logging_mixin.py:188} INFO - [2026-09-16T01:15:57.307+0000] {dag.py:3954} INFO - Setting next_dagrun for fraud_pipeline to None, run_after=None
[2026-09-16T01:15:57.321+0000] {processor.py:183} INFO - Processing /opt/airflow/dags/fraud_pipeline_dag.py took 0.070 seconds
[2026-09-16T01:16:27.493+0000] {processor.py:161} INFO - Started process (PID=2111) to work on /opt/airflow/dags/fraud_pipeline_dag.py
[2026-09-16T01:16:27.494+0000] {processor.py:830} INFO - Processing file /opt/airflow/dags/fraud_pipeline_dag.py for tasks to queue
[2026-09-16T01:16:27.496+0000] {logging_mixin.py:188} INFO - [2026-09-16T01:16:27.495+0000] {dagbag.py:540} INFO - Filling up the DagBag from /opt/airflow/dags/fraud_pipeline_dag.py
[2026-09-16T01:16:27.509+0000] {processor.py:840} INFO - DAG(s) 'fraud_pipeline' retrieved from /opt/airflow/dags/fraud_pipeline_dag.py
[2026-09-16T01:16:27.532+0000] {logging_mixin.py:188} INFO - [2026-09-16T01:16:27.532+0000] {dag.py:3096} INFO - Sync 1 DAGs
[2026-09-16T01:16:27.543+0000] {logging_mixin.py:188} INFO - [2026-09-16T01:16:27.543+0000] {dag.py:3954} INFO - Setting next_dagrun for fraud_pipeline to None, run_after=None
[2026-09-16T01:16:27.560+0000] {processor.py:183} INFO - Processing /opt/airflow/dags/fraud_pipeline_dag.py took 0.073 seconds
[2026-09-16T01:16:57.693+0000] {processor.py:161} INFO - Started process (PID=2116) to work on /opt/airflow/dags/fraud_pipeline_dag.py
[2026-09-16T01:16:57.693+0000] {processor.py:830} INFO - Processing file /opt/airflow/dags/fraud_pipeline_dag.py for tasks to queue
[2026-09-16T01:16:57.695+0000] {logging_mixin.py:188} INFO - [2026-09-16T01:16:57.694+0000] {dagbag.py:540} INFO - Filling up the DagBag from /opt/airflow/dags/fraud_pipeline_dag.py
[2026-09-16T01:16:57.706+0000] {processor.py:840} INFO - DAG(s) 'fraud_pipeline' retrieved from /opt/airflow/dags/fraud_pipeline_dag.py
[2026-09-16T01:16:57.732+0000] {logging_mixin.py:188} INFO - [2026-09-16T01:16:57.732+0000] {dag.py:3096} INFO - Sync 1 DAGs
[2026-09-16T01:16:57.745+0000] {logging_mixin.py:188} INFO - [2026-09-16T01:16:57.745+0000] {dag.py:3954} INFO - Setting next_dagrun for fraud_pipeline to None, run_after=None
[2026-09-16T01:16:57.761+0000] {processor.py:183} INFO - Processing /opt/airflow/dags/fraud_pipeline_dag.py took 0.072 seconds
[2026-09-16T01:17:27.964+0000] {processor.py:161} INFO - Started process (PID=2121) to work on /opt/airflow/dags/fraud_pipeline_dag.py
[2026-09-16T01:17:27.965+0000] {processor.py:830} INFO - Processing file /opt/airflow/dags/fraud_pipeline_dag.py for tasks to queue
[2026-09-16T01:17:27.967+0000] {logging_mixin.py:188} INFO - [2026-09-16T01:17:27.966+0000] {dagbag.py:540} INFO - Filling up the DagBag from /opt/airflow/dags/fraud_pipeline_dag.py
[2026-09-16T01:17:27.979+0000] {processor.py:840} INFO - DAG(s) 'fraud_pipeline' retrieved from /opt/airflow/dags/fraud_pipeline_dag.py
[2026-09-16T01:17:28.002+0000] {logging_mixin.py:188} INFO - [2026-09-16T01:17:28.002+0000] {dag.py:3096} INFO - Sync 1 DAGs
[2026-09-16T01:17:28.013+0000] {logging_mixin.py:188} INFO - [2026-09-16T01:17:28.013+0000] {dag.py:3954} INFO - Setting next_dagrun for fraud_pipeline to None, run_after=None
[2026-09-16T01:17:28.030+0000] {processor.py:183} INFO - Processing /opt/airflow/dags/fraud_pipeline_dag.py took 0.070 seconds
[2026-09-16T01:17:58.181+0000] {processor.py:161} INFO - Started process (PID=2126) to work on /opt/airflow/dags/fraud_pipeline_dag.py
[2026-09-16T01:17:58.182+0000] {processor.py:830} INFO - Processing file /opt/airflow/dags/fraud_pipeline_dag.py for tasks to queue
[2026-09-16T01:17:58.183+0000] {logging_mixin.py:188} INFO - [2026-09-16T01:17:58.183+0000] {dagbag.py:540} INFO - Filling up the DagBag from /opt/airflow/dags/fraud_pipeline_dag.py
[2026-09-16T01:17:58.201+0000] {processor.py:840} INFO - DAG(s) 'fraud_pipeline' retrieved from /opt/airflow/dags/fraud_pipeline_dag.py
[2026-09-16T01:17:58.233+0000] {logging_mixin.py:188} INFO - [2026-09-16T01:17:58.232+0000] {dag.py:3096} INFO - Sync 1 DAGs
[2026-09-16T01:17:58.244+0000] {logging_mixin.py:188} INFO - [2026-09-16T01:17:58.244+0000] {dag.py:3954} INFO - Setting next_dagrun for fraud_pipeline to None, run_after=None
[2026-09-16T01:17:58.262+0000] {processor.py:183} INFO - Processing /opt/airflow/dags/fraud_pipeline_dag.py took 0.085 seconds
[2026-09-16T01:18:28.427+0000] {processor.py:161} INFO - Started process (PID=2131) to work on /opt/airflow/dags/fraud_pipeline_dag.py
[2026-09-16T01:18:28.428+0000] {processor.py:830} INFO - Processing file /opt/airflow/dags/fraud_pipeline_dag.py for tasks to queue
[2026-09-16T01:18:28.430+0000] {logging_mixin.py:188} INFO - [2026-09-16T01:18:28.430+0000] {dagbag.py:540} INFO - Filling up the DagBag from /opt/airflow/dags/fraud_pipeline_dag.py
[2026-09-16T01:18:28.442+0000] {processor.py:840} INFO - DAG(s) 'fraud_pipeline' retrieved from /opt/airflow/dags/fraud_pipeline_dag.py
[2026-09-16T01:18:28.465+0000] {logging_mixin.py:188} INFO - [2026-09-16T01:18:28.464+0000] {dag.py:3096} INFO - Sync 1 DAGs
[2026-09-16T01:18:28.476+0000] {logging_mixin.py:188} INFO - [2026-09-16T01:18:28.475+0000] {dag.py:3954} INFO - Setting next_dagrun for fraud_pipeline to None, run_after=None
[2026-09-16T01:18:28.492+0000] {processor.py:183} INFO - Processing /opt/airflow/dags/fraud_pipeline_dag.py took 0.069 seconds
[2026-09-16T01:18:58.657+0000] {processor.py:161} INFO - Started process (PID=2136) to work on /opt/airflow/dags/fraud_pipeline_dag.py
[2026-09-16T01:18:58.657+0000] {processor.py:830} INFO - Processing file /opt/airflow/dags/fraud_pipeline_dag.py for tasks to queue
[2026-09-16T01:18:58.659+0000] {logging_mixin.py:188} INFO - [2026-09-16T01:18:58.659+0000] {dagbag.py:540} INFO - Filling up the DagBag from /opt/airflow/dags/fraud_pipeline_dag.py
[2026-09-16T01:18:58.671+0000] {processor.py:840} INFO - DAG(s) 'fraud_pipeline' retrieved from /opt/airflow/dags/fraud_pipeline_dag.py
[2026-09-16T01:18:58.696+0000] {logging_mixin.py:188} INFO - [2026-09-16T01:18:58.696+0000] {dag.py:3096} INFO - Sync 1 DAGs
[2026-09-16T01:18:58.707+0000] {logging_mixin.py:188} INFO - [2026-09-16T01:18:58.707+0000] {dag.py:3954} INFO - Setting next_dagrun for fraud_pipeline to None, run_after=None
[2026-09-16T01:18:58.721+0000] {processor.py:183} INFO - Processing /opt/airflow/dags/fraud_pipeline_dag.py took 0.069 seconds
[2026-09-16T01:19:28.872+0000] {processor.py:161} INFO - Started process (PID=2141) to work on /opt/airflow/dags/fraud_pipeline_dag.py
[2026-09-16T01:19:28.873+0000] {processor.py:830} INFO - Processing file /opt/airflow/dags/fraud_pipeline_dag.py for tasks to queue
[2026-09-16T01:19:28.875+0000] {logging_mixin.py:188} INFO - [2026-09-16T01:19:28.874+0000] {dagbag.py:540} INFO - Filling up the DagBag from /opt/airflow/dags/fraud_pipeline_dag.py
[2026-09-16T01:19:28.886+0000] {processor.py:840} INFO - DAG(s) 'fraud_pipeline' retrieved from /opt/airflow/dags/fraud_pipeline_dag.py
[2026-09-16T01:19:28.910+0000] {logging_mixin.py:188} INFO - [2026-09-16T01:19:28.910+0000] {dag.py:3096} INFO - Sync 1 DAGs
[2026-09-16T01:19:28.921+0000] {logging_mixin.py:188} INFO - [2026-09-16T01:19:28.921+0000] {dag.py:3954} INFO - Setting next_dagrun for fraud_pipeline to None, run_after=None
[2026-09-16T01:19:28.938+0000] {processor.py:183} INFO - Processing /opt/airflow/dags/fraud_pipeline_dag.py took 0.070 seconds
[2026-09-16T01:19:59.126+0000] {processor.py:161} INFO - Started process (PID=2146) to work on /opt/airflow/dags/fraud_pipeline_dag.py
[2026-09-16T01:19:59.127+0000] {processor.py:830} INFO - Processing file /opt/airflow/dags/fraud_pipeline_dag.py for tasks to queue
[2026-09-16T01:19:59.128+0000] {logging_mixin.py:188} INFO - [2026-09-16T01:19:59.128+0000] {dagbag.py:540} INFO - Filling up the DagBag from /opt/airflow/dags/fraud_pipeline_dag.py
[2026-09-16T01:19:59.139+0000] {processor.py:840} INFO - DAG(s) 'fraud_pipeline' retrieved from /opt/airflow/dags/fraud_pipeline_dag.py
[2026-09-16T01:19:59.163+0000] {logging_mixin.py:188} INFO - [2026-09-16T01:19:59.163+0000] {dag.py:3096} INFO - Sync 1 DAGs
[2026-09-16T01:19:59.175+0000] {logging_mixin.py:188} INFO - [2026-09-16T01:19:59.175+0000] {dag.py:3954} INFO - Setting next_dagrun for fraud_pipeline to None, run_after=None
[2026-09-16T01:19:59.189+0000] {processor.py:183} INFO - Processing /opt/airflow/dags/fraud_pipeline_dag.py took 0.068 seconds
[2026-09-16T01:20:29.361+0000] {processor.py:161} INFO - Started process (PID=2151) to work on /opt/airflow/dags/fraud_pipeline_dag.py
[2026-09-16T01:20:29.362+0000] {processor.py:830} INFO - Processing file /opt/airflow/dags/fraud_pipeline_dag.py for tasks to queue
[2026-09-16T01:20:29.364+0000] {logging_mixin.py:188} INFO - [2026-09-16T01:20:29.363+0000] {dagbag.py:540} INFO - Filling up the DagBag from /opt/airflow/dags/fraud_pipeline_dag.py
[2026-09-16T01:20:29.375+0000] {processor.py:840} INFO - DAG(s) 'fraud_pipeline' retrieved from /opt/airflow/dags/fraud_pipeline_dag.py
[2026-09-16T01:20:29.401+0000] {logging_mixin.py:188} INFO - [2026-09-16T01:20:29.401+0000] {dag.py:3096} INFO - Sync 1 DAGs
[2026-09-16T01:20:29.417+0000] {logging_mixin.py:188} INFO - [2026-09-16T01:20:29.417+0000] {dag.py:3954} INFO - Setting next_dagrun for fraud_pipeline to None, run_after=None
[2026-09-16T01:20:29.435+0000] {processor.py:183} INFO - Processing /opt/airflow/dags/fraud_pipeline_dag.py took 0.079 seconds
[2026-09-16T01:20:59.613+0000] {processor.py:161} INFO - Started process (PID=2156) to work on /opt/airflow/dags/fraud_pipeline_dag.py
[2026-09-16T01:20:59.614+0000] {processor.py:830} INFO - Processing file /opt/airflow/dags/fraud_pipeline_dag.py for tasks to queue
[2026-09-16T01:20:59.615+0000] {logging_mixin.py:188} INFO - [2026-09-16T01:20:59.615+0000] {dagbag.py:540} INFO - Filling up the DagBag from /opt/airflow/dags/fraud_pipeline_dag.py
[2026-09-16T01:20:59.627+0000] {processor.py:840} INFO - DAG(s) 'fraud_pipeline' retrieved from /opt/airflow/dags/fraud_pipeline_dag.py
[2026-09-16T01:20:59.650+0000] {logging_mixin.py:188} INFO - [2026-09-16T01:20:59.650+0000] {dag.py:3096} INFO - Sync 1 DAGs
[2026-09-16T01:20:59.661+0000] {logging_mixin.py:188} INFO - [2026-09-16T01:20:59.661+0000] {dag.py:3954} INFO - Setting next_dagrun for fraud_pipeline to None, run_after=None
[2026-09-16T01:20:59.677+0000] {processor.py:183} INFO - Processing /opt/airflow/dags/fraud_pipeline_dag.py took 0.069 seconds
[2026-09-16T01:21:29.827+0000] {processor.py:161} INFO - Started process (PID=2161) to work on /opt/airflow/dags/fraud_pipeline_dag.py
[2026-09-16T01:21:29.827+0000] {processor.py:830} INFO - Processing file /opt/airflow/dags/fraud_pipeline_dag.py for tasks to queue
[2026-09-16T01:21:29.829+0000] {logging_mixin.py:188} INFO - [2026-09-16T01:21:29.829+0000] {dagbag.py:540} INFO - Filling up the DagBag from /opt/airflow/dags/fraud_pipeline_dag.py
[2026-09-16T01:21:29.841+0000] {processor.py:840} INFO - DAG(s) 'fraud_pipeline' retrieved from /opt/airflow/dags/fraud_pipeline_dag.py
[2026-09-16T01:21:29.866+0000] {logging_mixin.py:188} INFO - [2026-09-16T01:21:29.866+0000] {dag.py:3096} INFO - Sync 1 DAGs
[2026-09-16T01:21:29.878+0000] {logging_mixin.py:188} INFO - [2026-09-16T01:21:29.878+0000] {dag.py:3954} INFO - Setting next_dagrun for fraud_pipeline to None, run_after=None
[2026-09-16T01:21:29.892+0000] {processor.py:183} INFO - Processing /opt/airflow/dags/fraud_pipeline_dag.py took 0.070 seconds
[2026-09-16T01:22:00.047+0000] {processor.py:161} INFO - Started process (PID=2166) to work on /opt/airflow/dags/fraud_pipeline_dag.py
[2026-09-16T01:22:00.048+0000] {processor.py:830} INFO - Processing file /opt/airflow/dags/fraud_pipeline_dag.py for tasks to queue
[2026-09-16T01:22:00.050+0000] {logging_mixin.py:188} INFO - [2026-09-16T01:22:00.049+0000] {dagbag.py:540} INFO - Filling up the DagBag from /opt/airflow/dags/fraud_pipeline_dag.py
[2026-09-16T01:22:00.062+0000] {processor.py:840} INFO - DAG(s) 'fraud_pipeline' retrieved from /opt/airflow/dags/fraud_pipeline_dag.py
[2026-09-16T01:22:00.092+0000] {logging_mixin.py:188} INFO - [2026-09-16T01:22:00.092+0000] {dag.py:3096} INFO - Sync 1 DAGs
[2026-09-16T01:22:00.105+0000] {logging_mixin.py:188} INFO - [2026-09-16T01:22:00.105+0000] {dag.py:3954} INFO - Setting next_dagrun for fraud_pipeline to None, run_after=None
[2026-09-16T01:22:00.121+0000] {processor.py:183} INFO - Processing /opt/airflow/dags/fraud_pipeline_dag.py took 0.080 seconds
[2026-09-16T01:22:30.254+0000] {processor.py:161} INFO - Started process (PID=2171) to work on /opt/airflow/dags/fraud_pipeline_dag.py
[2026-09-16T01:22:30.255+0000] {processor.py:830} INFO - Processing file /opt/airflow/dags/fraud_pipeline_dag.py for tasks to queue
[2026-09-16T01:22:30.257+0000] {logging_mixin.py:188} INFO - [2026-09-16T01:22:30.256+0000] {dagbag.py:540} INFO - Filling up the DagBag from /opt/airflow/dags/fraud_pipeline_dag.py
[2026-09-16T01:22:30.268+0000] {processor.py:840} INFO - DAG(s) 'fraud_pipeline' retrieved from /opt/airflow/dags/fraud_pipeline_dag.py
[2026-09-16T01:22:30.294+0000] {logging_mixin.py:188} INFO - [2026-09-16T01:22:30.294+0000] {dag.py:3096} INFO - Sync 1 DAGs
[2026-09-16T01:22:30.306+0000] {logging_mixin.py:188} INFO - [2026-09-16T01:22:30.306+0000] {dag.py:3954} INFO - Setting next_dagrun for fraud_pipeline to None, run_after=None
[2026-09-16T01:22:30.324+0000] {processor.py:183} INFO - Processing /opt/airflow/dags/fraud_pipeline_dag.py took 0.075 seconds
[2026-09-16T01:23:00.575+0000] {processor.py:161} INFO - Started process (PID=2176) to work on /opt/airflow/dags/fraud_pipeline_dag.py
[2026-09-16T01:23:00.575+0000] {processor.py:830} INFO - Processing file /opt/airflow/dags/fraud_pipeline_dag.py for tasks to queue
[2026-09-16T01:23:00.577+0000] {logging_mixin.py:188} INFO - [2026-09-16T01:23:00.577+0000] {dagbag.py:540} INFO - Filling up the DagBag from /opt/airflow/dags/fraud_pipeline_dag.py
[2026-09-16T01:23:00.590+0000] {processor.py:840} INFO - DAG(s) 'fraud_pipeline' retrieved from /opt/airflow/dags/fraud_pipeline_dag.py
[2026-09-16T01:23:00.614+0000] {logging_mixin.py:188} INFO - [2026-09-16T01:23:00.614+0000] {dag.py:3096} INFO - Sync 1 DAGs
[2026-09-16T01:23:00.626+0000] {logging_mixin.py:188} INFO - [2026-09-16T01:23:00.625+0000] {dag.py:3954} INFO - Setting next_dagrun for fraud_pipeline to None, run_after=None
[2026-09-16T01:23:00.642+0000] {processor.py:183} INFO - Processing /opt/airflow/dags/fraud_pipeline_dag.py took 0.071 seconds
[2026-09-16T01:23:30.775+0000] {processor.py:161} INFO - Started process (PID=2181) to work on /opt/airflow/dags/fraud_pipeline_dag.py
[2026-09-16T01:23:30.776+0000] {processor.py:830} INFO - Processing file /opt/airflow/dags/fraud_pipeline_dag.py for tasks to queue
[2026-09-16T01:23:30.777+0000] {logging_mixin.py:188} INFO - [2026-09-16T01:23:30.777+0000] {dagbag.py:540} INFO - Filling up the DagBag from /opt/airflow/dags/fraud_pipeline_dag.py
[2026-09-16T01:23:30.788+0000] {processor.py:840} INFO - DAG(s) 'fraud_pipeline' retrieved from /opt/airflow/dags/fraud_pipeline_dag.py
[2026-09-16T01:23:30.812+0000] {logging_mixin.py:188} INFO - [2026-09-16T01:23:30.812+0000] {dag.py:3096} INFO - Sync 1 DAGs
[2026-09-16T01:23:30.825+0000] {logging_mixin.py:188} INFO - [2026-09-16T01:23:30.825+0000] {dag.py:3954} INFO - Setting next_dagrun for fraud_pipeline to None, run_after=None
[2026-09-16T01:23:30.843+0000] {processor.py:183} INFO - Processing /opt/airflow/dags/fraud_pipeline_dag.py took 0.073 seconds
[2026-09-16T01:24:01.031+0000] {processor.py:161} INFO - Started process (PID=2186) to work on /opt/airflow/dags/fraud_pipeline_dag.py
[2026-09-16T01:24:01.031+0000] {processor.py:830} INFO - Processing file /opt/airflow/dags/fraud_pipeline_dag.py for tasks to queue
[2026-09-16T01:24:01.033+0000] {logging_mixin.py:188} INFO - [2026-09-16T01:24:01.033+0000] {dagbag.py:540} INFO - Filling up the DagBag from /opt/airflow/dags/fraud_pipeline_dag.py
[2026-09-16T01:24:01.044+0000] {processor.py:840} INFO - DAG(s) 'fraud_pipeline' retrieved from /opt/airflow/dags/fraud_pipeline_dag.py
[2026-09-16T01:24:01.069+0000] {logging_mixin.py:188} INFO - [2026-09-16T01:24:01.069+0000] {dag.py:3096} INFO - Sync 1 DAGs
[2026-09-16T01:24:01.081+0000] {logging_mixin.py:188} INFO - [2026-09-16T01:24:01.081+0000] {dag.py:3954} INFO - Setting next_dagrun for fraud_pipeline to None, run_after=None
[2026-09-16T01:24:01.098+0000] {processor.py:183} INFO - Processing /opt/airflow/dags/fraud_pipeline_dag.py took 0.072 seconds
[2026-09-16T01:24:31.203+0000] {processor.py:161} INFO - Started process (PID=2191) to work on /opt/airflow/dags/fraud_pipeline_dag.py
[2026-09-16T01:24:31.204+0000] {processor.py:830} INFO - Processing file /opt/airflow/dags/fraud_pipeline_dag.py for tasks to queue
[2026-09-16T01:24:31.206+0000] {logging_mixin.py:188} INFO - [2026-09-16T01:24:31.206+0000] {dagbag.py:540} INFO - Filling up the DagBag from /opt/airflow/dags/fraud_pipeline_dag.py
[2026-09-16T01:24:31.217+0000] {processor.py:840} INFO - DAG(s) 'fraud_pipeline' retrieved from /opt/airflow/dags/fraud_pipeline_dag.py
[2026-09-16T01:24:31.241+0000] {logging_mixin.py:188} INFO - [2026-09-16T01:24:31.241+0000] {dag.py:3096} INFO - Sync 1 DAGs
[2026-09-16T01:24:31.252+0000] {logging_mixin.py:188} INFO - [2026-09-16T01:24:31.252+0000] {dag.py:3954} INFO - Setting next_dagrun for fraud_pipeline to None, run_after=None
[2026-09-16T01:24:31.267+0000] {processor.py:183} INFO - Processing /opt/airflow/dags/fraud_pipeline_dag.py took 0.069 seconds
[2026-09-16T01:25:01.457+0000] {processor.py:161} INFO - Started process (PID=2196) to work on /opt/airflow/dags/fraud_pipeline_dag.py
[2026-09-16T01:25:01.458+0000] {processor.py:830} INFO - Processing file /opt/airflow/dags/fraud_pipeline_dag.py for tasks to queue
[2026-09-16T01:25:01.459+0000] {logging_mixin.py:188} INFO - [2026-09-16T01:25:01.459+0000] {dagbag.py:540} INFO - Filling up the DagBag from /opt/airflow/dags/fraud_pipeline_dag.py
[2026-09-16T01:25:01.470+0000] {processor.py:840} INFO - DAG(s) 'fraud_pipeline' retrieved from /opt/airflow/dags/fraud_pipeline_dag.py
[2026-09-16T01:25:01.495+0000] {logging_mixin.py:188} INFO - [2026-09-16T01:25:01.495+0000] {dag.py:3096} INFO - Sync 1 DAGs
[2026-09-16T01:25:01.506+0000] {logging_mixin.py:188} INFO - [2026-09-16T01:25:01.506+0000] {dag.py:3954} INFO - Setting next_dagrun for fraud_pipeline to None, run_after=None
[2026-09-16T01:25:01.520+0000] {processor.py:183} INFO - Processing /opt/airflow/dags/fraud_pipeline_dag.py took 0.067 seconds
[2026-09-16T01:25:31.670+0000] {processor.py:161} INFO - Started process (PID=2201) to work on /opt/airflow/dags/fraud_pipeline_dag.py
[2026-09-16T01:25:31.671+0000] {processor.py:830} INFO - Processing file /opt/airflow/dags/fraud_pipeline_dag.py for tasks to queue
[2026-09-16T01:25:31.672+0000] {logging_mixin.py:188} INFO - [2026-09-16T01:25:31.672+0000] {dagbag.py:540} INFO - Filling up the DagBag from /opt/airflow/dags/fraud_pipeline_dag.py
[2026-09-16T01:25:31.683+0000] {processor.py:840} INFO - DAG(s) 'fraud_pipeline' retrieved from /opt/airflow/dags/fraud_pipeline_dag.py
[2026-09-16T01:25:31.709+0000] {logging_mixin.py:188} INFO - [2026-09-16T01:25:31.709+0000] {dag.py:3096} INFO - Sync 1 DAGs
[2026-09-16T01:25:31.721+0000] {logging_mixin.py:188} INFO - [2026-09-16T01:25:31.720+0000] {dag.py:3954} INFO - Setting next_dagrun for fraud_pipeline to None, run_after=None
[2026-09-16T01:25:31.735+0000] {processor.py:183} INFO - Processing /opt/airflow/dags/fraud_pipeline_dag.py took 0.070 seconds
[2026-09-16T01:26:01.922+0000] {processor.py:161} INFO - Started process (PID=2206) to work on /opt/airflow/dags/fraud_pipeline_dag.py
[2026-09-16T01:26:01.922+0000] {processor.py:830} INFO - Processing file /opt/airflow/dags/fraud_pipeline_dag.py for tasks to queue
[2026-09-16T01:26:01.924+0000] {logging_mixin.py:188} INFO - [2026-09-16T01:26:01.924+0000] {dagbag.py:540} INFO - Filling up the DagBag from /opt/airflow/dags/fraud_pipeline_dag.py
[2026-09-16T01:26:01.936+0000] {processor.py:840} INFO - DAG(s) 'fraud_pipeline' retrieved from /opt/airflow/dags/fraud_pipeline_dag.py
[2026-09-16T01:26:01.960+0000] {logging_mixin.py:188} INFO - [2026-09-16T01:26:01.960+0000] {dag.py:3096} INFO - Sync 1 DAGs
[2026-09-16T01:26:01.972+0000] {logging_mixin.py:188} INFO - [2026-09-16T01:26:01.971+0000] {dag.py:3954} INFO - Setting next_dagrun for fraud_pipeline to None, run_after=None
[2026-09-16T01:26:01.988+0000] {processor.py:183} INFO - Processing /opt/airflow/dags/fraud_pipeline_dag.py took 0.071 seconds
[2026-09-16T01:26:32.166+0000] {processor.py:161} INFO - Started process (PID=2211) to work on /opt/airflow/dags/fraud_pipeline_dag.py
[2026-09-16T01:26:32.167+0000] {processor.py:830} INFO - Processing file /opt/airflow/dags/fraud_pipeline_dag.py for tasks to queue
[2026-09-16T01:26:32.169+0000] {logging_mixin.py:188} INFO - [2026-09-16T01:26:32.169+0000] {dagbag.py:540} INFO - Filling up the DagBag from /opt/airflow/dags/fraud_pipeline_dag.py
[2026-09-16T01:26:32.181+0000] {processor.py:840} INFO - DAG(s) 'fraud_pipeline' retrieved from /opt/airflow/dags/fraud_pipeline_dag.py
[2026-09-16T01:26:32.209+0000] {logging_mixin.py:188} INFO - [2026-09-16T01:26:32.209+0000] {dag.py:3096} INFO - Sync 1 DAGs
[2026-09-16T01:26:32.219+0000] {logging_mixin.py:188} INFO - [2026-09-16T01:26:32.219+0000] {dag.py:3954} INFO - Setting next_dagrun for fraud_pipeline to None, run_after=None
[2026-09-16T01:26:32.239+0000] {processor.py:183} INFO - Processing /opt/airflow/dags/fraud_pipeline_dag.py took 0.099 seconds
[2026-09-16T01:27:02.394+0000] {processor.py:161} INFO - Started process (PID=2216) to work on /opt/airflow/dags/fraud_pipeline_dag.py
[2026-09-16T01:27:02.394+0000] {processor.py:830} INFO - Processing file /opt/airflow/dags/fraud_pipeline_dag.py for tasks to queue
[2026-09-16T01:27:02.396+0000] {logging_mixin.py:188} INFO - [2026-09-16T01:27:02.396+0000] {dagbag.py:540} INFO - Filling up the DagBag from /opt/airflow/dags/fraud_pipeline_dag.py
[2026-09-16T01:27:02.408+0000] {processor.py:840} INFO - DAG(s) 'fraud_pipeline' retrieved from /opt/airflow/dags/fraud_pipeline_dag.py
[2026-09-16T01:27:02.434+0000] {logging_mixin.py:188} INFO - [2026-09-16T01:27:02.434+0000] {dag.py:3096} INFO - Sync 1 DAGs
[2026-09-16T01:27:02.447+0000] {logging_mixin.py:188} INFO - [2026-09-16T01:27:02.447+0000] {dag.py:3954} INFO - Setting next_dagrun for fraud_pipeline to None, run_after=None
[2026-09-16T01:27:02.462+0000] {processor.py:183} INFO - Processing /opt/airflow/dags/fraud_pipeline_dag.py took 0.073 seconds
[2026-09-16T01:27:32.626+0000] {processor.py:161} INFO - Started process (PID=2221) to work on /opt/airflow/dags/fraud_pipeline_dag.py
[2026-09-16T01:27:32.627+0000] {processor.py:830} INFO - Processing file /opt/airflow/dags/fraud_pipeline_dag.py for tasks to queue
[2026-09-16T01:27:32.628+0000] {logging_mixin.py:188} INFO - [2026-09-16T01:27:32.628+0000] {dagbag.py:540} INFO - Filling up the DagBag from /opt/airflow/dags/fraud_pipeline_dag.py
[2026-09-16T01:27:32.642+0000] {processor.py:840} INFO - DAG(s) 'fraud_pipeline' retrieved from /opt/airflow/dags/fraud_pipeline_dag.py
[2026-09-16T01:27:32.668+0000] {logging_mixin.py:188} INFO - [2026-09-16T01:27:32.668+0000] {dag.py:3096} INFO - Sync 1 DAGs
[2026-09-16T01:27:32.684+0000] {logging_mixin.py:188} INFO - [2026-09-16T01:27:32.683+0000] {dag.py:3954} INFO - Setting next_dagrun for fraud_pipeline to None, run_after=None
[2026-09-16T01:27:32.702+0000] {processor.py:183} INFO - Processing /opt/airflow/dags/fraud_pipeline_dag.py took 0.081 seconds
[2026-09-16T01:28:02.845+0000] {processor.py:161} INFO - Started process (PID=2226) to work on /opt/airflow/dags/fraud_pipeline_dag.py
[2026-09-16T01:28:02.847+0000] {processor.py:830} INFO - Processing file /opt/airflow/dags/fraud_pipeline_dag.py for tasks to queue
[2026-09-16T01:28:02.849+0000] {logging_mixin.py:188} INFO - [2026-09-16T01:28:02.849+0000] {dagbag.py:540} INFO - Filling up the DagBag from /opt/airflow/dags/fraud_pipeline_dag.py
[2026-09-16T01:28:02.866+0000] {processor.py:840} INFO - DAG(s) 'fraud_pipeline' retrieved from /opt/airflow/dags/fraud_pipeline_dag.py
[2026-09-16T01:28:02.890+0000] {logging_mixin.py:188} INFO - [2026-09-16T01:28:02.890+0000] {dag.py:3096} INFO - Sync 1 DAGs
[2026-09-16T01:28:02.902+0000] {logging_mixin.py:188} INFO - [2026-09-16T01:28:02.902+0000] {dag.py:3954} INFO - Setting next_dagrun for fraud_pipeline to None, run_after=None
[2026-09-16T01:28:02.917+0000] {processor.py:183} INFO - Processing /opt/airflow/dags/fraud_pipeline_dag.py took 0.077 seconds
[2026-09-16T01:28:33.061+0000] {processor.py:161} INFO - Started process (PID=2231) to work on /opt/airflow/dags/fraud_pipeline_dag.py
[2026-09-16T01:28:33.062+0000] {processor.py:830} INFO - Processing file /opt/airflow/dags/fraud_pipeline_dag.py for tasks to queue
[2026-09-16T01:28:33.063+0000] {logging_mixin.py:188} INFO - [2026-09-16T01:28:33.063+0000] {dagbag.py:540} INFO - Filling up the DagBag from /opt/airflow/dags/fraud_pipeline_dag.py
[2026-09-16T01:28:33.076+0000] {processor.py:840} INFO - DAG(s) 'fraud_pipeline' retrieved from /opt/airflow/dags/fraud_pipeline_dag.py
[2026-09-16T01:28:33.110+0000] {logging_mixin.py:188} INFO - [2026-09-16T01:28:33.109+0000] {dag.py:3096} INFO - Sync 1 DAGs
[2026-09-16T01:28:33.126+0000] {logging_mixin.py:188} INFO - [2026-09-16T01:28:33.126+0000] {dag.py:3954} INFO - Setting next_dagrun for fraud_pipeline to None, run_after=None
[2026-09-16T01:28:33.143+0000] {processor.py:183} INFO - Processing /opt/airflow/dags/fraud_pipeline_dag.py took 0.086 seconds
[2026-09-16T01:29:03.248+0000] {processor.py:161} INFO - Started process (PID=2236) to work on /opt/airflow/dags/fraud_pipeline_dag.py
[2026-09-16T01:29:03.249+0000] {processor.py:830} INFO - Processing file /opt/airflow/dags/fraud_pipeline_dag.py for tasks to queue
[2026-09-16T01:29:03.251+0000] {logging_mixin.py:188} INFO - [2026-09-16T01:29:03.250+0000] {dagbag.py:540} INFO - Filling up the DagBag from /opt/airflow/dags/fraud_pipeline_dag.py
[2026-09-16T01:29:03.263+0000] {processor.py:840} INFO - DAG(s) 'fraud_pipeline' retrieved from /opt/airflow/dags/fraud_pipeline_dag.py
[2026-09-16T01:29:03.288+0000] {logging_mixin.py:188} INFO - [2026-09-16T01:29:03.288+0000] {dag.py:3096} INFO - Sync 1 DAGs
[2026-09-16T01:29:03.301+0000] {logging_mixin.py:188} INFO - [2026-09-16T01:29:03.301+0000] {dag.py:3954} INFO - Setting next_dagrun for fraud_pipeline to None, run_after=None
[2026-09-16T01:29:03.318+0000] {processor.py:183} INFO - Processing /opt/airflow/dags/fraud_pipeline_dag.py took 0.076 seconds
[2026-09-16T01:29:33.483+0000] {processor.py:161} INFO - Started process (PID=2241) to work on /opt/airflow/dags/fraud_pipeline_dag.py
[2026-09-16T01:29:33.485+0000] {processor.py:830} INFO - Processing file /opt/airflow/dags/fraud_pipeline_dag.py for tasks to queue
[2026-09-16T01:29:33.489+0000] {logging_mixin.py:188} INFO - [2026-09-16T01:29:33.489+0000] {dagbag.py:540} INFO - Filling up the DagBag from /opt/airflow/dags/fraud_pipeline_dag.py
[2026-09-16T01:29:33.515+0000] {processor.py:840} INFO - DAG(s) 'fraud_pipeline' retrieved from /opt/airflow/dags/fraud_pipeline_dag.py
[2026-09-16T01:29:33.554+0000] {logging_mixin.py:188} INFO - [2026-09-16T01:29:33.554+0000] {dag.py:3096} INFO - Sync 1 DAGs
[2026-09-16T01:29:33.567+0000] {logging_mixin.py:188} INFO - [2026-09-16T01:29:33.567+0000] {dag.py:3954} INFO - Setting next_dagrun for fraud_pipeline to None, run_after=None
[2026-09-16T01:29:33.591+0000] {processor.py:183} INFO - Processing /opt/airflow/dags/fraud_pipeline_dag.py took 0.117 seconds
[2026-09-16T01:30:03.635+0000] {processor.py:161} INFO - Started process (PID=2246) to work on /opt/airflow/dags/fraud_pipeline_dag.py
[2026-09-16T01:30:03.636+0000] {processor.py:830} INFO - Processing file /opt/airflow/dags/fraud_pipeline_dag.py for tasks to queue
[2026-09-16T01:30:03.637+0000] {logging_mixin.py:188} INFO - [2026-09-16T01:30:03.637+0000] {dagbag.py:540} INFO - Filling up the DagBag from /opt/airflow/dags/fraud_pipeline_dag.py
[2026-09-16T01:30:03.649+0000] {processor.py:840} INFO - DAG(s) 'fraud_pipeline' retrieved from /opt/airflow/dags/fraud_pipeline_dag.py
[2026-09-16T01:30:03.675+0000] {logging_mixin.py:188} INFO - [2026-09-16T01:30:03.675+0000] {dag.py:3096} INFO - Sync 1 DAGs
[2026-09-16T01:30:03.687+0000] {logging_mixin.py:188} INFO - [2026-09-16T01:30:03.687+0000] {dag.py:3954} INFO - Setting next_dagrun for fraud_pipeline to None, run_after=None
[2026-09-16T01:30:03.704+0000] {processor.py:183} INFO - Processing /opt/airflow/dags/fraud_pipeline_dag.py took 0.074 seconds
[2026-09-16T01:30:33.829+0000] {processor.py:161} INFO - Started process (PID=2251) to work on /opt/airflow/dags/fraud_pipeline_dag.py
[2026-09-16T01:30:33.830+0000] {processor.py:830} INFO - Processing file /opt/airflow/dags/fraud_pipeline_dag.py for tasks to queue
[2026-09-16T01:30:33.831+0000] {logging_mixin.py:188} INFO - [2026-09-16T01:30:33.831+0000] {dagbag.py:540} INFO - Filling up the DagBag from /opt/airflow/dags/fraud_pipeline_dag.py
[2026-09-16T01:30:33.844+0000] {processor.py:840} INFO - DAG(s) 'fraud_pipeline' retrieved from /opt/airflow/dags/fraud_pipeline_dag.py
[2026-09-16T01:30:33.870+0000] {logging_mixin.py:188} INFO - [2026-09-16T01:30:33.869+0000] {dag.py:3096} INFO - Sync 1 DAGs
[2026-09-16T01:30:33.880+0000] {logging_mixin.py:188} INFO - [2026-09-16T01:30:33.880+0000] {dag.py:3954} INFO - Setting next_dagrun for fraud_pipeline to None, run_after=None
[2026-09-16T01:30:33.895+0000] {processor.py:183} INFO - Processing /opt/airflow/dags/fraud_pipeline_dag.py took 0.071 seconds
[2026-09-16T01:31:04.148+0000] {processor.py:161} INFO - Started process (PID=2256) to work on /opt/airflow/dags/fraud_pipeline_dag.py
[2026-09-16T01:31:04.150+0000] {processor.py:830} INFO - Processing file /opt/airflow/dags/fraud_pipeline_dag.py for tasks to queue
[2026-09-16T01:31:04.152+0000] {logging_mixin.py:188} INFO - [2026-09-16T01:31:04.152+0000] {dagbag.py:540} INFO - Filling up the DagBag from /opt/airflow/dags/fraud_pipeline_dag.py
[2026-09-16T01:31:04.179+0000] {processor.py:840} INFO - DAG(s) 'fraud_pipeline' retrieved from /opt/airflow/dags/fraud_pipeline_dag.py
[2026-09-16T01:31:04.240+0000] {logging_mixin.py:188} INFO - [2026-09-16T01:31:04.240+0000] {dag.py:3096} INFO - Sync 1 DAGs
[2026-09-16T01:31:04.263+0000] {logging_mixin.py:188} INFO - [2026-09-16T01:31:04.263+0000] {dag.py:3954} INFO - Setting next_dagrun for fraud_pipeline to None, run_after=None
[2026-09-16T01:31:04.284+0000] {processor.py:183} INFO - Processing /opt/airflow/dags/fraud_pipeline_dag.py took 0.154 seconds
[2026-09-16T01:31:34.326+0000] {processor.py:161} INFO - Started process (PID=2261) to work on /opt/airflow/dags/fraud_pipeline_dag.py
[2026-09-16T01:31:34.327+0000] {processor.py:830} INFO - Processing file /opt/airflow/dags/fraud_pipeline_dag.py for tasks to queue
[2026-09-16T01:31:34.328+0000] {logging_mixin.py:188} INFO - [2026-09-16T01:31:34.328+0000] {dagbag.py:540} INFO - Filling up the DagBag from /opt/airflow/dags/fraud_pipeline_dag.py
[2026-09-16T01:31:34.340+0000] {processor.py:840} INFO - DAG(s) 'fraud_pipeline' retrieved from /opt/airflow/dags/fraud_pipeline_dag.py
[2026-09-16T01:31:34.367+0000] {logging_mixin.py:188} INFO - [2026-09-16T01:31:34.367+0000] {dag.py:3096} INFO - Sync 1 DAGs
[2026-09-16T01:31:34.378+0000] {logging_mixin.py:188} INFO - [2026-09-16T01:31:34.378+0000] {dag.py:3954} INFO - Setting next_dagrun for fraud_pipeline to None, run_after=None
[2026-09-16T01:31:34.393+0000] {processor.py:183} INFO - Processing /opt/airflow/dags/fraud_pipeline_dag.py took 0.071 seconds
[2026-09-16T01:32:04.507+0000] {processor.py:161} INFO - Started process (PID=2266) to work on /opt/airflow/dags/fraud_pipeline_dag.py
[2026-09-16T01:32:04.508+0000] {processor.py:830} INFO - Processing file /opt/airflow/dags/fraud_pipeline_dag.py for tasks to queue
[2026-09-16T01:32:04.510+0000] {logging_mixin.py:188} INFO - [2026-09-16T01:32:04.509+0000] {dagbag.py:540} INFO - Filling up the DagBag from /opt/airflow/dags/fraud_pipeline_dag.py
[2026-09-16T01:32:04.527+0000] {processor.py:840} INFO - DAG(s) 'fraud_pipeline' retrieved from /opt/airflow/dags/fraud_pipeline_dag.py
[2026-09-16T01:32:04.557+0000] {logging_mixin.py:188} INFO - [2026-09-16T01:32:04.557+0000] {dag.py:3096} INFO - Sync 1 DAGs
[2026-09-16T01:32:04.568+0000] {logging_mixin.py:188} INFO - [2026-09-16T01:32:04.567+0000] {dag.py:3954} INFO - Setting next_dagrun for fraud_pipeline to None, run_after=None
[2026-09-16T01:32:04.581+0000] {processor.py:183} INFO - Processing /opt/airflow/dags/fraud_pipeline_dag.py took 0.079 seconds
[2026-09-16T01:32:34.736+0000] {processor.py:161} INFO - Started process (PID=2271) to work on /opt/airflow/dags/fraud_pipeline_dag.py
[2026-09-16T01:32:34.737+0000] {processor.py:830} INFO - Processing file /opt/airflow/dags/fraud_pipeline_dag.py for tasks to queue
[2026-09-16T01:32:34.738+0000] {logging_mixin.py:188} INFO - [2026-09-16T01:32:34.738+0000] {dagbag.py:540} INFO - Filling up the DagBag from /opt/airflow/dags/fraud_pipeline_dag.py
[2026-09-16T01:32:34.752+0000] {processor.py:840} INFO - DAG(s) 'fraud_pipeline' retrieved from /opt/airflow/dags/fraud_pipeline_dag.py
[2026-09-16T01:32:34.779+0000] {logging_mixin.py:188} INFO - [2026-09-16T01:32:34.778+0000] {dag.py:3096} INFO - Sync 1 DAGs
[2026-09-16T01:32:34.791+0000] {logging_mixin.py:188} INFO - [2026-09-16T01:32:34.791+0000] {dag.py:3954} INFO - Setting next_dagrun for fraud_pipeline to None, run_after=None
[2026-09-16T01:32:34.810+0000] {processor.py:183} INFO - Processing /opt/airflow/dags/fraud_pipeline_dag.py took 0.078 seconds
[2026-09-16T01:33:04.919+0000] {processor.py:161} INFO - Started process (PID=2276) to work on /opt/airflow/dags/fraud_pipeline_dag.py
[2026-09-16T01:33:04.920+0000] {processor.py:830} INFO - Processing file /opt/airflow/dags/fraud_pipeline_dag.py for tasks to queue
[2026-09-16T01:33:04.922+0000] {logging_mixin.py:188} INFO - [2026-09-16T01:33:04.921+0000] {dagbag.py:540} INFO - Filling up the DagBag from /opt/airflow/dags/fraud_pipeline_dag.py
[2026-09-16T01:33:04.934+0000] {processor.py:840} INFO - DAG(s) 'fraud_pipeline' retrieved from /opt/airflow/dags/fraud_pipeline_dag.py
[2026-09-16T01:33:04.960+0000] {logging_mixin.py:188} INFO - [2026-09-16T01:33:04.959+0000] {dag.py:3096} INFO - Sync 1 DAGs
[2026-09-16T01:33:04.972+0000] {logging_mixin.py:188} INFO - [2026-09-16T01:33:04.971+0000] {dag.py:3954} INFO - Setting next_dagrun for fraud_pipeline to None, run_after=None
[2026-09-16T01:33:04.989+0000] {processor.py:183} INFO - Processing /opt/airflow/dags/fraud_pipeline_dag.py took 0.074 seconds
[2026-09-16T01:33:35.171+0000] {processor.py:161} INFO - Started process (PID=2281) to work on /opt/airflow/dags/fraud_pipeline_dag.py
[2026-09-16T01:33:35.172+0000] {processor.py:830} INFO - Processing file /opt/airflow/dags/fraud_pipeline_dag.py for tasks to queue
[2026-09-16T01:33:35.174+0000] {logging_mixin.py:188} INFO - [2026-09-16T01:33:35.173+0000] {dagbag.py:540} INFO - Filling up the DagBag from /opt/airflow/dags/fraud_pipeline_dag.py
[2026-09-16T01:33:35.188+0000] {processor.py:840} INFO - DAG(s) 'fraud_pipeline' retrieved from /opt/airflow/dags/fraud_pipeline_dag.py
[2026-09-16T01:33:35.214+0000] {logging_mixin.py:188} INFO - [2026-09-16T01:33:35.214+0000] {dag.py:3096} INFO - Sync 1 DAGs
[2026-09-16T01:33:35.226+0000] {logging_mixin.py:188} INFO - [2026-09-16T01:33:35.226+0000] {dag.py:3954} INFO - Setting next_dagrun for fraud_pipeline to None, run_after=None
[2026-09-16T01:33:35.241+0000] {processor.py:183} INFO - Processing /opt/airflow/dags/fraud_pipeline_dag.py took 0.076 seconds
[2026-09-16T01:34:05.336+0000] {processor.py:161} INFO - Started process (PID=2286) to work on /opt/airflow/dags/fraud_pipeline_dag.py
[2026-09-16T01:34:05.337+0000] {processor.py:830} INFO - Processing file /opt/airflow/dags/fraud_pipeline_dag.py for tasks to queue
[2026-09-16T01:34:05.340+0000] {logging_mixin.py:188} INFO - [2026-09-16T01:34:05.339+0000] {dagbag.py:540} INFO - Filling up the DagBag from /opt/airflow/dags/fraud_pipeline_dag.py
[2026-09-16T01:34:05.355+0000] {processor.py:840} INFO - DAG(s) 'fraud_pipeline' retrieved from /opt/airflow/dags/fraud_pipeline_dag.py
[2026-09-16T01:34:05.389+0000] {logging_mixin.py:188} INFO - [2026-09-16T01:34:05.389+0000] {dag.py:3096} INFO - Sync 1 DAGs
[2026-09-16T01:34:05.402+0000] {logging_mixin.py:188} INFO - [2026-09-16T01:34:05.402+0000] {dag.py:3954} INFO - Setting next_dagrun for fraud_pipeline to None, run_after=None
[2026-09-16T01:34:05.421+0000] {processor.py:183} INFO - Processing /opt/airflow/dags/fraud_pipeline_dag.py took 0.090 seconds
[2026-09-16T01:34:35.580+0000] {processor.py:161} INFO - Started process (PID=2291) to work on /opt/airflow/dags/fraud_pipeline_dag.py
[2026-09-16T01:34:35.581+0000] {processor.py:830} INFO - Processing file /opt/airflow/dags/fraud_pipeline_dag.py for tasks to queue
[2026-09-16T01:34:35.582+0000] {logging_mixin.py:188} INFO - [2026-09-16T01:34:35.582+0000] {dagbag.py:540} INFO - Filling up the DagBag from /opt/airflow/dags/fraud_pipeline_dag.py
[2026-09-16T01:34:35.593+0000] {processor.py:840} INFO - DAG(s) 'fraud_pipeline' retrieved from /opt/airflow/dags/fraud_pipeline_dag.py
[2026-09-16T01:34:35.617+0000] {logging_mixin.py:188} INFO - [2026-09-16T01:34:35.616+0000] {dag.py:3096} INFO - Sync 1 DAGs
[2026-09-16T01:34:35.632+0000] {logging_mixin.py:188} INFO - [2026-09-16T01:34:35.632+0000] {dag.py:3954} INFO - Setting next_dagrun for fraud_pipeline to None, run_after=None
[2026-09-16T01:34:35.653+0000] {processor.py:183} INFO - Processing /opt/airflow/dags/fraud_pipeline_dag.py took 0.077 seconds
[2026-09-16T01:35:05.772+0000] {processor.py:161} INFO - Started process (PID=2296) to work on /opt/airflow/dags/fraud_pipeline_dag.py
[2026-09-16T01:35:05.773+0000] {processor.py:830} INFO - Processing file /opt/airflow/dags/fraud_pipeline_dag.py for tasks to queue
[2026-09-16T01:35:05.774+0000] {logging_mixin.py:188} INFO - [2026-09-16T01:35:05.774+0000] {dagbag.py:540} INFO - Filling up the DagBag from /opt/airflow/dags/fraud_pipeline_dag.py
[2026-09-16T01:35:05.787+0000] {processor.py:840} INFO - DAG(s) 'fraud_pipeline' retrieved from /opt/airflow/dags/fraud_pipeline_dag.py
[2026-09-16T01:35:05.818+0000] {logging_mixin.py:188} INFO - [2026-09-16T01:35:05.817+0000] {dag.py:3096} INFO - Sync 1 DAGs
[2026-09-16T01:35:05.829+0000] {logging_mixin.py:188} INFO - [2026-09-16T01:35:05.828+0000] {dag.py:3954} INFO - Setting next_dagrun for fraud_pipeline to None, run_after=None
[2026-09-16T01:35:05.864+0000] {processor.py:183} INFO - Processing /opt/airflow/dags/fraud_pipeline_dag.py took 0.096 seconds
[2026-09-16T01:35:35.996+0000] {processor.py:161} INFO - Started process (PID=2301) to work on /opt/airflow/dags/fraud_pipeline_dag.py
[2026-09-16T01:35:35.997+0000] {processor.py:830} INFO - Processing file /opt/airflow/dags/fraud_pipeline_dag.py for tasks to queue
[2026-09-16T01:35:35.999+0000] {logging_mixin.py:188} INFO - [2026-09-16T01:35:35.998+0000] {dagbag.py:540} INFO - Filling up the DagBag from /opt/airflow/dags/fraud_pipeline_dag.py
[2026-09-16T01:35:36.011+0000] {processor.py:840} INFO - DAG(s) 'fraud_pipeline' retrieved from /opt/airflow/dags/fraud_pipeline_dag.py
[2026-09-16T01:35:36.035+0000] {logging_mixin.py:188} INFO - [2026-09-16T01:35:36.034+0000] {dag.py:3096} INFO - Sync 1 DAGs
[2026-09-16T01:35:36.046+0000] {logging_mixin.py:188} INFO - [2026-09-16T01:35:36.045+0000] {dag.py:3954} INFO - Setting next_dagrun for fraud_pipeline to None, run_after=None
[2026-09-16T01:35:36.060+0000] {processor.py:183} INFO - Processing /opt/airflow/dags/fraud_pipeline_dag.py took 0.068 seconds
[2026-09-16T01:36:40.412+0000] {processor.py:161} INFO - Started process (PID=168) to work on /opt/airflow/dags/fraud_pipeline_dag.py
[2026-09-16T01:36:40.413+0000] {processor.py:830} INFO - Processing file /opt/airflow/dags/fraud_pipeline_dag.py for tasks to queue
[2026-09-16T01:36:40.415+0000] {logging_mixin.py:188} INFO - [2026-09-16T01:36:40.415+0000] {dagbag.py:540} INFO - Filling up the DagBag from /opt/airflow/dags/fraud_pipeline_dag.py
[2026-09-16T01:36:40.433+0000] {processor.py:840} INFO - DAG(s) 'fraud_pipeline' retrieved from /opt/airflow/dags/fraud_pipeline_dag.py
[2026-09-16T01:36:40.458+0000] {logging_mixin.py:188} INFO - [2026-09-16T01:36:40.458+0000] {dag.py:3096} INFO - Sync 1 DAGs
[2026-09-16T01:36:40.472+0000] {logging_mixin.py:188} INFO - [2026-09-16T01:36:40.472+0000] {dag.py:3954} INFO - Setting next_dagrun for fraud_pipeline to None, run_after=None
[2026-09-16T01:36:40.492+0000] {processor.py:183} INFO - Processing /opt/airflow/dags/fraud_pipeline_dag.py took 0.085 seconds
[2026-09-16T01:37:10.612+0000] {processor.py:161} INFO - Started process (PID=173) to work on /opt/airflow/dags/fraud_pipeline_dag.py
[2026-09-16T01:37:10.613+0000] {processor.py:830} INFO - Processing file /opt/airflow/dags/fraud_pipeline_dag.py for tasks to queue
[2026-09-16T01:37:10.615+0000] {logging_mixin.py:188} INFO - [2026-09-16T01:37:10.614+0000] {dagbag.py:540} INFO - Filling up the DagBag from /opt/airflow/dags/fraud_pipeline_dag.py
[2026-09-16T01:37:10.627+0000] {processor.py:840} INFO - DAG(s) 'fraud_pipeline' retrieved from /opt/airflow/dags/fraud_pipeline_dag.py
[2026-09-16T01:37:10.803+0000] {logging_mixin.py:188} INFO - [2026-09-16T01:37:10.803+0000] {dag.py:3096} INFO - Sync 1 DAGs
[2026-09-16T01:37:10.814+0000] {logging_mixin.py:188} INFO - [2026-09-16T01:37:10.814+0000] {dag.py:3954} INFO - Setting next_dagrun for fraud_pipeline to None, run_after=None
[2026-09-16T01:37:10.831+0000] {processor.py:183} INFO - Processing /opt/airflow/dags/fraud_pipeline_dag.py took 0.225 seconds
[2026-09-16T01:37:41.020+0000] {processor.py:161} INFO - Started process (PID=411) to work on /opt/airflow/dags/fraud_pipeline_dag.py
[2026-09-16T01:37:41.022+0000] {processor.py:830} INFO - Processing file /opt/airflow/dags/fraud_pipeline_dag.py for tasks to queue
[2026-09-16T01:37:41.024+0000] {logging_mixin.py:188} INFO - [2026-09-16T01:37:41.023+0000] {dagbag.py:540} INFO - Filling up the DagBag from /opt/airflow/dags/fraud_pipeline_dag.py
[2026-09-16T01:37:41.041+0000] {processor.py:840} INFO - DAG(s) 'fraud_pipeline' retrieved from /opt/airflow/dags/fraud_pipeline_dag.py
[2026-09-16T01:37:41.078+0000] {logging_mixin.py:188} INFO - [2026-09-16T01:37:41.078+0000] {dag.py:3096} INFO - Sync 1 DAGs
[2026-09-16T01:37:41.096+0000] {logging_mixin.py:188} INFO - [2026-09-16T01:37:41.096+0000] {dag.py:3954} INFO - Setting next_dagrun for fraud_pipeline to None, run_after=None
[2026-09-16T01:37:41.121+0000] {processor.py:183} INFO - Processing /opt/airflow/dags/fraud_pipeline_dag.py took 0.107 seconds
[2026-09-16T01:38:11.613+0000] {processor.py:161} INFO - Started process (PID=1054) to work on /opt/airflow/dags/fraud_pipeline_dag.py
[2026-09-16T01:38:11.614+0000] {processor.py:830} INFO - Processing file /opt/airflow/dags/fraud_pipeline_dag.py for tasks to queue
[2026-09-16T01:38:11.617+0000] {logging_mixin.py:188} INFO - [2026-09-16T01:38:11.617+0000] {dagbag.py:540} INFO - Filling up the DagBag from /opt/airflow/dags/fraud_pipeline_dag.py
[2026-09-16T01:38:11.630+0000] {processor.py:840} INFO - DAG(s) 'fraud_pipeline' retrieved from /opt/airflow/dags/fraud_pipeline_dag.py
[2026-09-16T01:38:11.659+0000] {logging_mixin.py:188} INFO - [2026-09-16T01:38:11.659+0000] {dag.py:3096} INFO - Sync 1 DAGs
[2026-09-16T01:38:11.672+0000] {logging_mixin.py:188} INFO - [2026-09-16T01:38:11.672+0000] {dag.py:3954} INFO - Setting next_dagrun for fraud_pipeline to None, run_after=None
[2026-09-16T01:38:14.440+0000] {processor.py:183} INFO - Processing /opt/airflow/dags/fraud_pipeline_dag.py took 2.834 seconds
[2026-09-16T01:38:44.709+0000] {processor.py:161} INFO - Started process (PID=1396) to work on /opt/airflow/dags/fraud_pipeline_dag.py
[2026-09-16T01:38:44.709+0000] {processor.py:830} INFO - Processing file /opt/airflow/dags/fraud_pipeline_dag.py for tasks to queue
[2026-09-16T01:38:44.711+0000] {logging_mixin.py:188} INFO - [2026-09-16T01:38:44.711+0000] {dagbag.py:540} INFO - Filling up the DagBag from /opt/airflow/dags/fraud_pipeline_dag.py
[2026-09-16T01:38:44.722+0000] {processor.py:840} INFO - DAG(s) 'fraud_pipeline' retrieved from /opt/airflow/dags/fraud_pipeline_dag.py
[2026-09-16T01:38:44.748+0000] {logging_mixin.py:188} INFO - [2026-09-16T01:38:44.748+0000] {dag.py:3096} INFO - Sync 1 DAGs
[2026-09-16T01:38:44.759+0000] {logging_mixin.py:188} INFO - [2026-09-16T01:38:44.759+0000] {dag.py:3954} INFO - Setting next_dagrun for fraud_pipeline to None, run_after=None
[2026-09-16T01:38:44.847+0000] {processor.py:183} INFO - Processing /opt/airflow/dags/fraud_pipeline_dag.py took 0.143 seconds
[2026-09-16T01:39:15.009+0000] {processor.py:161} INFO - Started process (PID=1401) to work on /opt/airflow/dags/fraud_pipeline_dag.py
[2026-09-16T01:39:15.010+0000] {processor.py:830} INFO - Processing file /opt/airflow/dags/fraud_pipeline_dag.py for tasks to queue
[2026-09-16T01:39:15.012+0000] {logging_mixin.py:188} INFO - [2026-09-16T01:39:15.012+0000] {dagbag.py:540} INFO - Filling up the DagBag from /opt/airflow/dags/fraud_pipeline_dag.py
[2026-09-16T01:39:15.028+0000] {processor.py:840} INFO - DAG(s) 'fraud_pipeline' retrieved from /opt/airflow/dags/fraud_pipeline_dag.py
[2026-09-16T01:39:15.052+0000] {logging_mixin.py:188} INFO - [2026-09-16T01:39:15.052+0000] {dag.py:3096} INFO - Sync 1 DAGs
[2026-09-16T01:39:15.063+0000] {logging_mixin.py:188} INFO - [2026-09-16T01:39:15.063+0000] {dag.py:3954} INFO - Setting next_dagrun for fraud_pipeline to None, run_after=None
[2026-09-16T01:39:15.078+0000] {processor.py:183} INFO - Processing /opt/airflow/dags/fraud_pipeline_dag.py took 0.073 seconds
[2026-09-16T01:39:45.194+0000] {processor.py:161} INFO - Started process (PID=1406) to work on /opt/airflow/dags/fraud_pipeline_dag.py
[2026-09-16T01:39:45.195+0000] {processor.py:830} INFO - Processing file /opt/airflow/dags/fraud_pipeline_dag.py for tasks to queue
[2026-09-16T01:39:45.197+0000] {logging_mixin.py:188} INFO - [2026-09-16T01:39:45.196+0000] {dagbag.py:540} INFO - Filling up the DagBag from /opt/airflow/dags/fraud_pipeline_dag.py
[2026-09-16T01:39:45.211+0000] {processor.py:840} INFO - DAG(s) 'fraud_pipeline' retrieved from /opt/airflow/dags/fraud_pipeline_dag.py
[2026-09-16T01:39:45.236+0000] {logging_mixin.py:188} INFO - [2026-09-16T01:39:45.236+0000] {dag.py:3096} INFO - Sync 1 DAGs
[2026-09-16T01:39:45.248+0000] {logging_mixin.py:188} INFO - [2026-09-16T01:39:45.248+0000] {dag.py:3954} INFO - Setting next_dagrun for fraud_pipeline to None, run_after=None
[2026-09-16T01:39:45.266+0000] {processor.py:183} INFO - Processing /opt/airflow/dags/fraud_pipeline_dag.py took 0.077 seconds
[2026-09-16T01:40:15.382+0000] {processor.py:161} INFO - Started process (PID=1411) to work on /opt/airflow/dags/fraud_pipeline_dag.py
[2026-09-16T01:40:15.384+0000] {processor.py:830} INFO - Processing file /opt/airflow/dags/fraud_pipeline_dag.py for tasks to queue
[2026-09-16T01:40:15.385+0000] {logging_mixin.py:188} INFO - [2026-09-16T01:40:15.385+0000] {dagbag.py:540} INFO - Filling up the DagBag from /opt/airflow/dags/fraud_pipeline_dag.py
[2026-09-16T01:40:15.397+0000] {processor.py:840} INFO - DAG(s) 'fraud_pipeline' retrieved from /opt/airflow/dags/fraud_pipeline_dag.py
[2026-09-16T01:40:15.428+0000] {logging_mixin.py:188} INFO - [2026-09-16T01:40:15.428+0000] {dag.py:3096} INFO - Sync 1 DAGs
[2026-09-16T01:40:15.445+0000] {logging_mixin.py:188} INFO - [2026-09-16T01:40:15.444+0000] {dag.py:3954} INFO - Setting next_dagrun for fraud_pipeline to None, run_after=None
[2026-09-16T01:40:15.470+0000] {processor.py:183} INFO - Processing /opt/airflow/dags/fraud_pipeline_dag.py took 0.093 seconds
[2026-09-16T01:40:45.575+0000] {processor.py:161} INFO - Started process (PID=1416) to work on /opt/airflow/dags/fraud_pipeline_dag.py
[2026-09-16T01:40:45.576+0000] {processor.py:830} INFO - Processing file /opt/airflow/dags/fraud_pipeline_dag.py for tasks to queue
[2026-09-16T01:40:45.577+0000] {logging_mixin.py:188} INFO - [2026-09-16T01:40:45.577+0000] {dagbag.py:540} INFO - Filling up the DagBag from /opt/airflow/dags/fraud_pipeline_dag.py
[2026-09-16T01:40:45.592+0000] {processor.py:840} INFO - DAG(s) 'fraud_pipeline' retrieved from /opt/airflow/dags/fraud_pipeline_dag.py
[2026-09-16T01:40:45.618+0000] {logging_mixin.py:188} INFO - [2026-09-16T01:40:45.617+0000] {dag.py:3096} INFO - Sync 1 DAGs
[2026-09-16T01:40:45.629+0000] {logging_mixin.py:188} INFO - [2026-09-16T01:40:45.629+0000] {dag.py:3954} INFO - Setting next_dagrun for fraud_pipeline to None, run_after=None
[2026-09-16T01:40:45.645+0000] {processor.py:183} INFO - Processing /opt/airflow/dags/fraud_pipeline_dag.py took 0.076 seconds
[2026-09-16T01:41:15.783+0000] {processor.py:161} INFO - Started process (PID=1421) to work on /opt/airflow/dags/fraud_pipeline_dag.py
[2026-09-16T01:41:15.784+0000] {processor.py:830} INFO - Processing file /opt/airflow/dags/fraud_pipeline_dag.py for tasks to queue
[2026-09-16T01:41:15.786+0000] {logging_mixin.py:188} INFO - [2026-09-16T01:41:15.785+0000] {dagbag.py:540} INFO - Filling up the DagBag from /opt/airflow/dags/fraud_pipeline_dag.py
[2026-09-16T01:41:15.801+0000] {processor.py:840} INFO - DAG(s) 'fraud_pipeline' retrieved from /opt/airflow/dags/fraud_pipeline_dag.py
[2026-09-16T01:41:15.832+0000] {logging_mixin.py:188} INFO - [2026-09-16T01:41:15.832+0000] {dag.py:3096} INFO - Sync 1 DAGs
[2026-09-16T01:41:15.848+0000] {logging_mixin.py:188} INFO - [2026-09-16T01:41:15.848+0000] {dag.py:3954} INFO - Setting next_dagrun for fraud_pipeline to None, run_after=None
[2026-09-16T01:41:15.865+0000] {processor.py:183} INFO - Processing /opt/airflow/dags/fraud_pipeline_dag.py took 0.088 seconds
[2026-09-16T01:41:45.966+0000] {processor.py:161} INFO - Started process (PID=1426) to work on /opt/airflow/dags/fraud_pipeline_dag.py
[2026-09-16T01:41:45.967+0000] {processor.py:830} INFO - Processing file /opt/airflow/dags/fraud_pipeline_dag.py for tasks to queue
[2026-09-16T01:41:45.968+0000] {logging_mixin.py:188} INFO - [2026-09-16T01:41:45.968+0000] {dagbag.py:540} INFO - Filling up the DagBag from /opt/airflow/dags/fraud_pipeline_dag.py
[2026-09-16T01:41:45.981+0000] {processor.py:840} INFO - DAG(s) 'fraud_pipeline' retrieved from /opt/airflow/dags/fraud_pipeline_dag.py
[2026-09-16T01:41:46.013+0000] {logging_mixin.py:188} INFO - [2026-09-16T01:41:46.012+0000] {dag.py:3096} INFO - Sync 1 DAGs
[2026-09-16T01:41:46.026+0000] {logging_mixin.py:188} INFO - [2026-09-16T01:41:46.026+0000] {dag.py:3954} INFO - Setting next_dagrun for fraud_pipeline to None, run_after=None
[2026-09-16T01:41:46.045+0000] {processor.py:183} INFO - Processing /opt/airflow/dags/fraud_pipeline_dag.py took 0.085 seconds
[2026-09-16T01:42:16.178+0000] {processor.py:161} INFO - Started process (PID=1431) to work on /opt/airflow/dags/fraud_pipeline_dag.py
[2026-09-16T01:42:16.179+0000] {processor.py:830} INFO - Processing file /opt/airflow/dags/fraud_pipeline_dag.py for tasks to queue
[2026-09-16T01:42:16.181+0000] {logging_mixin.py:188} INFO - [2026-09-16T01:42:16.180+0000] {dagbag.py:540} INFO - Filling up the DagBag from /opt/airflow/dags/fraud_pipeline_dag.py
[2026-09-16T01:42:16.192+0000] {processor.py:840} INFO - DAG(s) 'fraud_pipeline' retrieved from /opt/airflow/dags/fraud_pipeline_dag.py
[2026-09-16T01:42:16.214+0000] {logging_mixin.py:188} INFO - [2026-09-16T01:42:16.214+0000] {dag.py:3096} INFO - Sync 1 DAGs
[2026-09-16T01:42:16.226+0000] {logging_mixin.py:188} INFO - [2026-09-16T01:42:16.226+0000] {dag.py:3954} INFO - Setting next_dagrun for fraud_pipeline to None, run_after=None
[2026-09-16T01:42:16.241+0000] {processor.py:183} INFO - Processing /opt/airflow/dags/fraud_pipeline_dag.py took 0.068 seconds
[2026-09-16T01:42:46.433+0000] {processor.py:161} INFO - Started process (PID=1436) to work on /opt/airflow/dags/fraud_pipeline_dag.py
[2026-09-16T01:42:46.434+0000] {processor.py:830} INFO - Processing file /opt/airflow/dags/fraud_pipeline_dag.py for tasks to queue
[2026-09-16T01:42:46.435+0000] {logging_mixin.py:188} INFO - [2026-09-16T01:42:46.435+0000] {dagbag.py:540} INFO - Filling up the DagBag from /opt/airflow/dags/fraud_pipeline_dag.py
[2026-09-16T01:42:46.448+0000] {processor.py:840} INFO - DAG(s) 'fraud_pipeline' retrieved from /opt/airflow/dags/fraud_pipeline_dag.py
[2026-09-16T01:42:46.470+0000] {logging_mixin.py:188} INFO - [2026-09-16T01:42:46.470+0000] {dag.py:3096} INFO - Sync 1 DAGs
[2026-09-16T01:42:46.481+0000] {logging_mixin.py:188} INFO - [2026-09-16T01:42:46.480+0000] {dag.py:3954} INFO - Setting next_dagrun for fraud_pipeline to None, run_after=None
[2026-09-16T01:42:46.495+0000] {processor.py:183} INFO - Processing /opt/airflow/dags/fraud_pipeline_dag.py took 0.067 seconds
[2026-09-16T01:43:16.631+0000] {processor.py:161} INFO - Started process (PID=1441) to work on /opt/airflow/dags/fraud_pipeline_dag.py
[2026-09-16T01:43:16.633+0000] {processor.py:830} INFO - Processing file /opt/airflow/dags/fraud_pipeline_dag.py for tasks to queue
[2026-09-16T01:43:16.635+0000] {logging_mixin.py:188} INFO - [2026-09-16T01:43:16.635+0000] {dagbag.py:540} INFO - Filling up the DagBag from /opt/airflow/dags/fraud_pipeline_dag.py
[2026-09-16T01:43:16.648+0000] {processor.py:840} INFO - DAG(s) 'fraud_pipeline' retrieved from /opt/airflow/dags/fraud_pipeline_dag.py
[2026-09-16T01:43:16.676+0000] {logging_mixin.py:188} INFO - [2026-09-16T01:43:16.676+0000] {dag.py:3096} INFO - Sync 1 DAGs
[2026-09-16T01:43:16.689+0000] {logging_mixin.py:188} INFO - [2026-09-16T01:43:16.689+0000] {dag.py:3954} INFO - Setting next_dagrun for fraud_pipeline to None, run_after=None
[2026-09-16T01:43:16.705+0000] {processor.py:183} INFO - Processing /opt/airflow/dags/fraud_pipeline_dag.py took 0.078 seconds
[2026-09-16T01:43:46.798+0000] {processor.py:161} INFO - Started process (PID=1446) to work on /opt/airflow/dags/fraud_pipeline_dag.py
[2026-09-16T01:43:46.799+0000] {processor.py:830} INFO - Processing file /opt/airflow/dags/fraud_pipeline_dag.py for tasks to queue
[2026-09-16T01:43:46.800+0000] {logging_mixin.py:188} INFO - [2026-09-16T01:43:46.800+0000] {dagbag.py:540} INFO - Filling up the DagBag from /opt/airflow/dags/fraud_pipeline_dag.py
[2026-09-16T01:43:46.812+0000] {processor.py:840} INFO - DAG(s) 'fraud_pipeline' retrieved from /opt/airflow/dags/fraud_pipeline_dag.py
[2026-09-16T01:43:46.836+0000] {logging_mixin.py:188} INFO - [2026-09-16T01:43:46.836+0000] {dag.py:3096} INFO - Sync 1 DAGs
[2026-09-16T01:43:46.849+0000] {logging_mixin.py:188} INFO - [2026-09-16T01:43:46.848+0000] {dag.py:3954} INFO - Setting next_dagrun for fraud_pipeline to None, run_after=None
[2026-09-16T01:43:46.863+0000] {processor.py:183} INFO - Processing /opt/airflow/dags/fraud_pipeline_dag.py took 0.070 seconds
